id,dam,cg,sex,birth_type,wwt
M2100001,E0001,F1-2021-M,M,2,28.0
M2100002,E0001,F1-2021-M,M,2,29.2
W2100003,E0002,F2-2021-F,F,1,30.2
W2100004,E0003,F1-2021-F,F,2,35.4
M2100005,E0003,F1-2021-M,M,2,37.5
M2100006,E0004,F2-2021-M,M,1,31.1
M2100007,E0005,F1-2021-M,M,1,28.9
W2100008,E0006,F2-2021-F,F,1,31.8
M2100009,E0007,F1-2021-M,M,2,33.4
W2100010,E0007,F1-2021-F,F,2,30.4
M2100011,E0008,F2-2021-M,M,2,28.7
W2100012,E0008,F2-2021-F,F,2,23.6
M2100013,E0009,F1-2021-M,M,1,33.0
W2100014,E0010,F2-2021-F,F,1,28.5
M2100015,E0011,F1-2021-M,M,1,31.0
M2100016,E0012,F2-2021-M,M,2,26.9
M2100017,E0012,F2-2021-M,M,2,36.1
M2100018,E0013,F1-2021-M,M,2,29.6
M2100019,E0013,F1-2021-M,M,2,32.7
W2100020,E0014,F2-2021-F,F,2,29.7
M2100021,E0014,F2-2021-M,M,2,33.6
W2100022,E0015,F1-2021-F,F,2,24.3
M2100023,E0015,F1-2021-M,M,2,33.6
W2100024,E0016,F2-2021-F,F,1,29.7
W2100025,E0017,F1-2021-F,F,2,26.6
W2100026,E0017,F1-2021-F,F,2,32.5
W2100027,E0018,F2-2021-F,F,2,32.7
M2100028,E0018,F2-2021-M,M,2,29.1
M2100029,E0019,F1-2021-M,M,1,26.6
W2100030,E0020,F2-2021-F,F,1,34.5
W2100031,E0021,F1-2021-F,F,2,27.4
M2100032,E0021,F1-2021-M,M,2,29.0
M2100033,E0022,F2-2021-M,M,1,30.0
W2100034,E0023,F1-2021-F,F,1,31.8
M2100035,E0024,F2-2021-M,M,1,30.7
W2100036,E0025,F1-2021-F,F,1,28.9
W2100037,E0026,F2-2021-F,F,1,28.2
W2100038,E0027,F1-2021-F,F,2,25.0
M2100039,E0027,F1-2021-M,M,2,28.6
M2100040,E0028,F2-2021-M,M,2,28.0
M2100041,E0028,F2-2021-M,M,2,30.1
M2100042,E0029,F1-2021-M,M,1,32.1
W2100043,E0030,F2-2021-F,F,1,31.2
W2100044,E0031,F1-2021-F,F,1,33.9
M2100045,E0032,F2-2021-M,M,1,38.5
M2100046,E0033,F1-2021-M,M,1,26.8
M2100047,E0034,F2-2021-M,M,1,31.3
M2100048,E0035,F1-2021-M,M,2,28.8
M2100049,E0035,F1-2021-M,M,2,30.7
W2100050,E0036,F2-2021-F,F,1,33.8
W2100051,E0037,F1-2021-F,F,2,27.0
W2100052,E0037,F1-2021-F,F,2,24.7
W2100053,E0038,F2-2021-F,F,1,26.1
M2100054,E0039,F1-2021-M,M,2,28.6
M2100055,E0039,F1-2021-M,M,2,31.6
M2100056,E0040,F2-2021-M,M,1,30.3
W2100057,E0041,F1-2021-F,F,2,27.5
M2100058,E0041,F1-2021-M,M,2,24.2
W2100059,E0042,F2-2021-F,F,3,22.6
W2100060,E0042,F2-2021-F,F,3,23.5
W2100061,E0042,F2-2021-F,F,3,26.7
W2100062,E0043,F1-2021-F,F,2,28.6
W2100063,E0043,F1-2021-F,F,2,26.7
W2100064,E0044,F2-2021-F,F,1,30.0
M2100065,E0045,F1-2021-M,M,1,30.0
W2100066,E0046,F2-2021-F,F,1,26.6
M2100067,E0047,F1-2021-M,M,1,27.6
M2100068,E0048,F2-2021-M,M,1,34.4
M2100069,E0049,F1-2021-M,M,2,33.7
W2100070,E0049,F1-2021-F,F,2,33.0
W2100071,E0050,F2-2021-F,F,1,22.2
M2100072,E0051,F1-2021-M,M,1,37.3
W2100073,E0052,F2-2021-F,F,2,31.1
W2100074,E0052,F2-2021-F,F,2,25.4
M2100075,E0053,F1-2021-M,M,1,29.2
M2100076,E0054,F2-2021-M,M,1,31.8
W2100077,E0055,F1-2021-F,F,3,31.8
W2100078,E0055,F1-2021-F,F,3,27.9
W2100079,E0055,F1-2021-F,F,3,33.0
M2100080,E0056,F2-2021-M,M,1,35.4
M2100081,E0057,F1-2021-M,M,1,28.6
M2100082,E0058,F2-2021-M,M,1,33.1
M2100083,E0059,F1-2021-M,M,2,25.6
W2100084,E0059,F1-2021-F,F,2,21.3
W2100085,E0060,F2-2021-F,F,2,26.1
W2100086,E0060,F2-2021-F,F,2,19.4
M2100087,E0061,F1-2021-M,M,2,29.7
W2100088,E0061,F1-2021-F,F,2,29.2
M2100089,E0062,F2-2021-M,M,1,30.8
W2100090,E0063,F1-2021-F,F,1,35.0
W2100091,E0064,F2-2021-F,F,2,33.0
W2100092,E0064,F2-2021-F,F,2,25.4
W2100093,E0065,F1-2021-F,F,2,27.4
M2100094,E0065,F1-2021-M,M,2,29.9
W2100095,E0066,F2-2021-F,F,1,24.2
M2100096,E0067,F1-2021-M,M,2,25.9
W2100097,E0067,F1-2021-F,F,2,32.7
W2100098,E0068,F2-2021-F,F,1,31.4
W2100099,E0069,F1-2021-F,F,1,36.1
W2100100,E0070,F2-2021-F,F,2,28.7
W2100101,E0070,F2-2021-F,F,2,31.3
M2100102,E0071,F1-2021-M,M,1,30.8
W2100103,E0072,F2-2021-F,F,1,28.8
M2100104,E0073,F1-2021-M,M,2,33.5
W2100105,E0073,F1-2021-F,F,2,27.1
W2100106,E0074,F2-2021-F,F,1,27.5
W2100107,E0075,F1-2021-F,F,2,27.3
W2100108,E0075,F1-2021-F,F,2,35.6
M2100109,E0076,F2-2021-M,M,1,33.8
W2100110,E0077,F1-2021-F,F,2,22.6
M2100111,E0077,F1-2021-M,M,2,32.3
M2100112,E0078,F2-2021-M,M,1,27.7
M2100113,E0079,F1-2021-M,M,2,32.4
M2100114,E0079,F1-2021-M,M,2,30.9
W2100115,E0080,F2-2021-F,F,3,28.4
W2100116,E0080,F2-2021-F,F,3,30.1
M2100117,E0080,F2-2021-M,M,3,23.1
W2100118,E0081,F1-2021-F,F,1,27.4
M2100119,E0082,F2-2021-M,M,2,32.1
M2100120,E0082,F2-2021-M,M,2,30.7
W2100121,E0083,F1-2021-F,F,2,26.1
W2100122,E0083,F1-2021-F,F,2,29.6
W2100123,E0084,F2-2021-F,F,2,26.8
M2100124,E0084,F2-2021-M,M,2,38.1
M2100125,E0085,F1-2021-M,M,2,25.7
W2100126,E0085,F1-2021-F,F,2,26.1
M2100127,E0086,F2-2021-M,M,2,32.1
M2100128,E0086,F2-2021-M,M,2,27.9
M2100129,E0087,F1-2021-M,M,1,31.4
M2100130,E0088,F2-2021-M,M,2,25.2
M2100131,E0088,F2-2021-M,M,2,29.7
W2100132,E0089,F1-2021-F,F,2,25.0
M2100133,E0089,F1-2021-M,M,2,26.2
M2100134,E0090,F2-2021-M,M,1,37.1
W2100135,E0091,F1-2021-F,F,1,36.3
M2100136,E0092,F2-2021-M,M,2,32.2
W2100137,E0092,F2-2021-F,F,2,21.8
M2100138,E0093,F1-2021-M,M,2,28.4
M2100139,E0093,F1-2021-M,M,2,30.4
M2100140,E0094,F2-2021-M,M,2,25.4
W2100141,E0094,F2-2021-F,F,2,20.6
W2100142,E0095,F1-2021-F,F,2,25.0
M2100143,E0095,F1-2021-M,M,2,35.1
W2100144,E0096,F2-2021-F,F,1,33.9
M2100145,E0097,F1-2021-M,M,1,29.0
W2100146,E0098,F2-2021-F,F,1,30.2
M2100147,E0099,F1-2021-M,M,2,27.4
W2100148,E0099,F1-2021-F,F,2,26.2
M2100149,E0100,F2-2021-M,M,1,29.7
M2100150,E0101,F1-2021-M,M,1,26.6
W2100151,E0102,F2-2021-F,F,1,24.1
W2100152,E0103,F1-2021-F,F,2,25.2
M2100153,E0103,F1-2021-M,M,2,28.8
M2100154,E0104,F2-2021-M,M,2,30.3
W2100155,E0104,F2-2021-F,F,2,27.6
M2100156,E0105,F1-2021-M,M,1,29.9
W2100157,E0106,F2-2021-F,F,2,26.1
W2100158,E0106,F2-2021-F,F,2,26.0
W2100159,E0107,F1-2021-F,F,1,29.3
W2100160,E0108,F2-2021-F,F,2,30.8
M2100161,E0108,F2-2021-M,M,2,31.8
M2100162,E0109,F1-2021-M,M,1,29.4
M2100163,E0110,F2-2021-M,M,1,33.5
M2100164,E0111,F1-2021-M,M,1,37.2
W2100165,E0112,F2-2021-F,F,1,31.1
M2100166,E0113,F1-2021-M,M,1,36.3
M2100167,E0114,F2-2021-M,M,2,30.8
M2100168,E0114,F2-2021-M,M,2,32.0
W2100169,E0115,F1-2021-F,F,1,24.2
W2100170,E0116,F2-2021-F,F,1,27.6
M2100171,E0117,F1-2021-M,M,1,27.9
M2100172,E0118,F2-2021-M,M,1,28.8
W2100173,E0119,F1-2021-F,F,1,31.8
W2100174,E0120,F2-2021-F,F,1,26.4
M2100175,E0121,F1-2021-M,M,1,31.5
W2100176,E0122,F2-2021-F,F,1,25.5
M2100177,E0123,F1-2021-M,M,1,34.9
W2100178,E0124,F2-2021-F,F,1,30.3
M2100179,E0125,F1-2021-M,M,3,27.8
W2100180,E0125,F1-2021-F,F,3,20.6
M2100181,E0125,F1-2021-M,M,3,25.1
W2100182,E0126,F2-2021-F,F,1,26.1
W2100183,E0127,F1-2021-F,F,2,21.4
M2100184,E0127,F1-2021-M,M,2,26.3
W2100185,E0128,F2-2021-F,F,1,24.5
M2100186,E0129,F1-2021-M,M,1,33.5
M2100187,E0130,F2-2021-M,M,2,29.1
M2100188,E0130,F2-2021-M,M,2,22.0
M2100189,E0131,F1-2021-M,M,2,32.8
W2100190,E0131,F1-2021-F,F,2,28.0
W2100191,E0132,F2-2021-F,F,1,28.5
W2100192,E0133,F1-2021-F,F,1,26.3
M2100193,E0134,F2-2021-M,M,1,26.5
M2100194,E0135,F1-2021-M,M,1,28.6
M2100195,E0136,F2-2021-M,M,1,31.0
M2100196,E0137,F1-2021-M,M,1,32.5
M2100197,E0138,F2-2021-M,M,1,31.6
M2100198,E0139,F1-2021-M,M,1,31.7
M2100199,E0140,F2-2021-M,M,1,35.5
W2100200,E0141,F1-2021-F,F,3,17.9
W2100201,E0141,F1-2021-F,F,3,20.8
W2100202,E0141,F1-2021-F,F,3,17.6
M2100203,E0142,F2-2021-M,M,1,37.4
M2100204,E0143,F1-2021-M,M,1,31.8
W2100205,E0144,F2-2021-F,F,2,32.3
W2100206,E0144,F2-2021-F,F,2,30.1
W2100207,E0145,F1-2021-F,F,1,29.8
M2100208,E0146,F2-2021-M,M,1,26.1
M2100209,E0147,F1-2021-M,M,1,27.6
M2100210,E0148,F2-2021-M,M,2,26.6
M2100211,E0148,F2-2021-M,M,2,31.0
M2100212,E0149,F1-2021-M,M,1,30.5
M2100213,E0150,F2-2021-M,M,1,31.6
W2100214,E0151,F1-2021-F,F,1,30.6
M2100215,E0152,F2-2021-M,M,3,27.4
W2100216,E0152,F2-2021-F,F,3,27.1
M2100217,E0152,F2-2021-M,M,3,29.4
W2100218,E0153,F1-2021-F,F,1,23.7
M2100219,E0154,F2-2021-M,M,2,26.6
W2100220,E0154,F2-2021-F,F,2,23.4
W2100221,E0155,F1-2021-F,F,1,29.7
W2100222,E0156,F2-2021-F,F,1,27.8
M2100223,E0157,F1-2021-M,M,1,32.3
W2100224,E0158,F2-2021-F,F,1,29.3
W2100225,E0159,F1-2021-F,F,1,22.0
M2100226,E0160,F2-2021-M,M,2,33.7
W2100227,E0160,F2-2021-F,F,2,31.0
M2100228,E0161,F1-2021-M,M,2,26.7
W2100229,E0161,F1-2021-F,F,2,27.7
W2100230,E0162,F2-2021-F,F,2,27.9
M2100231,E0162,F2-2021-M,M,2,41.7
M2100232,E0163,F1-2021-M,M,1,36.7
W2100233,E0164,F2-2021-F,F,2,30.6
M2100234,E0164,F2-2021-M,M,2,31.5
W2100235,E0165,F1-2021-F,F,1,34.1
W2100236,E0166,F2-2021-F,F,1,33.3
W2100237,E0167,F1-2021-F,F,1,27.1
W2100238,E0168,F2-2021-F,F,2,25.6
W2100239,E0168,F2-2021-F,F,2,27.1
M2100240,E0169,F1-2021-M,M,2,28.1
M2100241,E0169,F1-2021-M,M,2,25.6
M2100242,E0170,F2-2021-M,M,1,30.9
W2100243,E0171,F1-2021-F,F,3,23.4
M2100244,E0171,F1-2021-M,M,3,23.5
W2100245,E0171,F1-2021-F,F,3,30.8
M2100246,E0172,F2-2021-M,M,2,37.5
M2100247,E0172,F2-2021-M,M,2,33.8
M2100248,E0173,F1-2021-M,M,1,34.6
W2100249,E0174,F2-2021-F,F,2,19.2
W2100250,E0174,F2-2021-F,F,2,31.3
W2100251,E0175,F1-2021-F,F,2,27.5
W2100252,E0175,F1-2021-F,F,2,25.1
W2100253,E0176,F2-2021-F,F,1,29.4
W2100254,E0177,F1-2021-F,F,2,26.7
M2100255,E0177,F1-2021-M,M,2,28.0
W2100256,E0178,F2-2021-F,F,1,32.5
W2100257,E0179,F1-2021-F,F,1,31.9
W2100258,E0180,F2-2021-F,F,1,29.1
W2100259,E0181,F1-2021-F,F,1,31.8
M2100260,E0182,F2-2021-M,M,1,34.6
W2100261,E0183,F1-2021-F,F,1,28.6
W2100262,E0184,F2-2021-F,F,2,31.2
M2100263,E0184,F2-2021-M,M,2,37.4
M2100264,E0185,F1-2021-M,M,1,29.8
M2100265,E0186,F2-2021-M,M,1,38.7
M2100266,E0187,F1-2021-M,M,3,27.1
M2100267,E0187,F1-2021-M,M,3,32.3
M2100268,E0187,F1-2021-M,M,3,27.1
M2100269,E0188,F2-2021-M,M,2,32.0
M2100270,E0188,F2-2021-M,M,2,27.4
M2100271,E0189,F1-2021-M,M,1,36.4
M2100272,E0190,F2-2021-M,M,2,30.4
M2100273,E0190,F2-2021-M,M,2,30.5
M2100274,E0191,F1-2021-M,M,2,27.3
W2100275,E0191,F1-2021-F,F,2,27.6
W2100276,E0192,F2-2021-F,F,1,28.0
W2100277,E0193,F1-2021-F,F,1,31.4
M2100278,E0194,F2-2021-M,M,3,23.2
W2100279,E0194,F2-2021-F,F,3,24.7
W2100280,E0194,F2-2021-F,F,3,21.8
W2100281,E0195,F1-2021-F,F,1,30.3
W2100282,E0196,F2-2021-F,F,2,23.3
W2100283,E0196,F2-2021-F,F,2,28.8
M2100284,E0197,F1-2021-M,M,2,23.0
M2100285,E0197,F1-2021-M,M,2,33.9
M2100286,E0198,F2-2021-M,M,2,29.2
M2100287,E0198,F2-2021-M,M,2,31.0
M2100288,E0199,F1-2021-M,M,3,23.5
M2100289,E0199,F1-2021-M,M,3,27.8
W2100290,E0199,F1-2021-F,F,3,24.0
W2100291,E0200,F2-2021-F,F,3,23.4
W2100292,E0200,F2-2021-F,F,3,23.5
W2100293,E0200,F2-2021-F,F,3,23.0
M2200294,E0001,F1-2022-M,M,1,36.7
W2200295,E0002,F2-2022-F,F,1,38.2
W2200296,E0003,F1-2022-F,F,1,29.7
W2200297,E0004,F2-2022-F,F,3,29.9
M2200298,E0004,F2-2022-M,M,3,32.8
W2200299,E0004,F2-2022-F,F,3,27.3
W2200300,E0005,F1-2022-F,F,1,33.4
M2200301,E0006,F2-2022-M,M,1,34.2
W2200302,E0007,F1-2022-F,F,2,32.5
W2200303,E0007,F1-2022-F,F,2,29.4
M2200304,E0008,F2-2022-M,M,1,30.1
W2200305,E0009,F1-2022-F,F,1,34.7
M2200306,E0010,F2-2022-M,M,2,34.7
M2200307,E0010,F2-2022-M,M,2,40.4
M2200308,E0011,F1-2022-M,M,2,24.6
M2200309,E0011,F1-2022-M,M,2,26.3
W2200310,E0012,F2-2022-F,F,2,28.7
W2200311,E0012,F2-2022-F,F,2,34.6
W2200312,E0014,F2-2022-F,F,2,30.9
W2200313,E0014,F2-2022-F,F,2,25.7
W2200314,E0015,F1-2022-F,F,3,18.5
M2200315,E0015,F1-2022-M,M,3,26.1
W2200316,E0015,F1-2022-F,F,3,20.3
M2200317,E0016,F2-2022-M,M,1,35.8
W2200318,E0017,F1-2022-F,F,1,36.9
M2200319,E0018,F2-2022-M,M,1,29.7
M2200320,E0019,F1-2022-M,M,2,26.1
W2200321,E0019,F1-2022-F,F,2,24.0
M2200322,E0020,F2-2022-M,M,2,34.6
M2200323,E0020,F2-2022-M,M,2,27.8
M2200324,E0021,F1-2022-M,M,1,38.2
M2200325,E0022,F2-2022-M,M,1,32.6
M2200326,E0023,F1-2022-M,M,1,37.6
W2200327,E0024,F2-2022-F,F,1,25.5
W2200328,E0025,F1-2022-F,F,3,27.2
W2200329,E0025,F1-2022-F,F,3,25.2
M2200330,E0025,F1-2022-M,M,3,26.7
W2200331,E0026,F2-2022-F,F,2,22.9
M2200332,E0026,F2-2022-M,M,2,26.1
W2200333,E0028,F2-2022-F,F,1,33.6
M2200334,E0030,F2-2022-M,M,1,34.2
M2200335,E0031,F1-2022-M,M,1,30.6
M2200336,E0033,F1-2022-M,M,2,22.7
M2200337,E0033,F1-2022-M,M,2,22.7
W2200338,E0036,F2-2022-F,F,1,38.5
W2200339,E0038,F2-2022-F,F,2,25.9
M2200340,E0038,F2-2022-M,M,2,28.0
M2200341,E0039,F1-2022-M,M,1,30.6
M2200342,E0040,F2-2022-M,M,2,28.4
W2200343,E0040,F2-2022-F,F,2,24.1
W2200344,E0041,F1-2022-F,F,3,22.0
W2200345,E0041,F1-2022-F,F,3,30.0
W2200346,E0041,F1-2022-F,F,3,25.7
M2200347,E0042,F2-2022-M,M,3,27.0
M2200348,E0042,F2-2022-M,M,3,23.6
W2200349,E0042,F2-2022-F,F,3,22.4
W2200350,E0045,F1-2022-F,F,1,30.5
M2200351,E0046,F2-2022-M,M,1,37.1
M2200352,E0047,F1-2022-M,M,2,32.7
W2200353,E0047,F1-2022-F,F,2,31.8
M2200354,E0048,F2-2022-M,M,2,35.9
W2200355,E0048,F2-2022-F,F,2,31.4
M2200356,E0049,F1-2022-M,M,2,31.1
M2200357,E0049,F1-2022-M,M,2,29.8
M2200358,E0050,F2-2022-M,M,1,30.3
M2200359,E0051,F1-2022-M,M,2,29.4
W2200360,E0051,F1-2022-F,F,2,25.9
M2200361,E0052,F2-2022-M,M,2,34.5
W2200362,E0052,F2-2022-F,F,2,31.2
M2200363,E0053,F1-2022-M,M,2,30.4
M2200364,E0053,F1-2022-M,M,2,30.0
M2200365,E0054,F2-2022-M,M,1,29.1
M2200366,E0055,F1-2022-M,M,2,34.3
W2200367,E0055,F1-2022-F,F,2,34.3
W2200368,E0056,F2-2022-F,F,1,27.6
W2200369,E0057,F1-2022-F,F,1,28.5
M2200370,E0058,F2-2022-M,M,1,36.5
M2200371,E0060,F2-2022-M,M,1,34.1
M2200372,E0061,F1-2022-M,M,2,37.8
W2200373,E0061,F1-2022-F,F,2,30.7
M2200374,E0062,F2-2022-M,M,2,35.8
W2200375,E0062,F2-2022-F,F,2,22.5
M2200376,E0063,F1-2022-M,M,2,32.7
W2200377,E0063,F1-2022-F,F,2,31.3
M2200378,E0064,F2-2022-M,M,3,29.4
W2200379,E0064,F2-2022-F,F,3,27.1
M2200380,E0064,F2-2022-M,M,3,30.2
M2200381,E0065,F1-2022-M,M,1,37.8
W2200382,E0066,F2-2022-F,F,2,29.5
W2200383,E0066,F2-2022-F,F,2,25.8
M2200384,E0067,F1-2022-M,M,1,36.6
W2200385,E0068,F2-2022-F,F,2,33.2
M2200386,E0068,F2-2022-M,M,2,36.5
M2200387,E0069,F1-2022-M,M,1,37.2
W2200388,E0070,F2-2022-F,F,1,34.2
M2200389,E0071,F1-2022-M,M,1,37.0
M2200390,E0072,F2-2022-M,M,1,26.7
W2200391,E0073,F1-2022-F,F,2,31.4
M2200392,E0073,F1-2022-M,M,2,27.5
M2200393,E0074,F2-2022-M,M,3,29.3
M2200394,E0074,F2-2022-M,M,3,30.2
W2200395,E0074,F2-2022-F,F,3,24.5
W2200396,E0075,F1-2022-F,F,1,31.9
W2200397,E0076,F2-2022-F,F,3,28.4
M2200398,E0076,F2-2022-M,M,3,22.9
W2200399,E0076,F2-2022-F,F,3,31.0
W2200400,E0078,F2-2022-F,F,3,29.2
M2200401,E0078,F2-2022-M,M,3,30.2
W2200402,E0078,F2-2022-F,F,3,28.4
M2200403,E0079,F1-2022-M,M,2,30.0
M2200404,E0079,F1-2022-M,M,2,33.5
M2200405,E0081,F1-2022-M,M,1,34.5
W2200406,E0083,F1-2022-F,F,1,30.5
W2200407,E0084,F2-2022-F,F,2,25.1
M2200408,E0084,F2-2022-M,M,2,31.7
W2200409,E0085,F1-2022-F,F,2,30.9
W2200410,E0085,F1-2022-F,F,2,19.6
W2200411,E0087,F1-2022-F,F,1,30.0
M2200412,E0088,F2-2022-M,M,2,27.3
W2200413,E0088,F2-2022-F,F,2,23.8
M2200414,E0089,F1-2022-M,M,2,35.6
W2200415,E0089,F1-2022-F,F,2,29.3
M2200416,E0091,F1-2022-M,M,2,29.8
M2200417,E0091,F1-2022-M,M,2,31.1
M2200418,E0092,F2-2022-M,M,1,31.0
M2200419,E0094,F2-2022-M,M,3,32.0
W2200420,E0094,F2-2022-F,F,3,20.5
M2200421,E0094,F2-2022-M,M,3,29.9
M2200422,E0095,F1-2022-M,M,2,34.3
M2200423,E0095,F1-2022-M,M,2,29.7
M2200424,E0096,F2-2022-M,M,2,38.4
W2200425,E0096,F2-2022-F,F,2,30.2
M2200426,E0097,F1-2022-M,M,2,29.8
W2200427,E0097,F1-2022-F,F,2,26.4
W2200428,E0098,F2-2022-F,F,2,24.2
M2200429,E0098,F2-2022-M,M,2,27.9
M2200430,E0100,F2-2022-M,M,1,33.9
M2200431,E0101,F1-2022-M,M,1,42.0
W2200432,E0102,F2-2022-F,F,2,31.8
W2200433,E0102,F2-2022-F,F,2,32.1
M2200434,E0103,F1-2022-M,M,2,31.6
W2200435,E0103,F1-2022-F,F,2,26.3
W2200436,E0104,F2-2022-F,F,1,30.0
W2200437,E0105,F1-2022-F,F,1,29.6
W2200438,E0106,F2-2022-F,F,1,26.8
M2200439,E0107,F1-2022-M,M,1,33.5
W2200440,E0109,F1-2022-F,F,1,31.9
M2200441,E0110,F2-2022-M,M,1,38.7
W2200442,E0111,F1-2022-F,F,1,28.5
M2200443,E0113,F1-2022-M,M,2,40.9
M2200444,E0113,F1-2022-M,M,2,37.5
W2200445,E0114,F2-2022-F,F,3,27.6
W2200446,E0114,F2-2022-F,F,3,14.1
W2200447,E0114,F2-2022-F,F,3,25.9
W2200448,E0115,F1-2022-F,F,1,25.8
W2200449,E0117,F1-2022-F,F,2,30.1
W2200450,E0117,F1-2022-F,F,2,28.6
W2200451,E0118,F2-2022-F,F,1,27.9
W2200452,E0119,F1-2022-F,F,1,31.6
W2200453,E0120,F2-2022-F,F,1,24.5
M2200454,E0121,F1-2022-M,M,2,32.7
M2200455,E0121,F1-2022-M,M,2,28.7
M2200456,E0122,F2-2022-M,M,1,32.2
W2200457,E0123,F1-2022-F,F,1,28.6
W2200458,E0124,F2-2022-F,F,2,24.1
W2200459,E0124,F2-2022-F,F,2,27.2
W2200460,E0125,F1-2022-F,F,2,32.7
W2200461,E0125,F1-2022-F,F,2,29.6
W2200462,E0126,F2-2022-F,F,3,29.1
M2200463,E0126,F2-2022-M,M,3,24.5
M2200464,E0126,F2-2022-M,M,3,29.8
M2200465,E0127,F1-2022-M,M,1,37.0
W2200466,E0128,F2-2022-F,F,1,23.6
W2200467,E0129,F1-2022-F,F,1,33.3
M2200468,E0131,F1-2022-M,M,1,40.5
W2200469,E0132,F2-2022-F,F,1,28.0
M2200470,E0133,F1-2022-M,M,2,21.5
M2200471,E0133,F1-2022-M,M,2,26.1
W2200472,E0134,F2-2022-F,F,2,30.9
M2200473,E0134,F2-2022-M,M,2,33.4
M2200474,E0136,F2-2022-M,M,2,32.6
M2200475,E0136,F2-2022-M,M,2,33.0
W2200476,E0137,F1-2022-F,F,2,29.3
W2200477,E0137,F1-2022-F,F,2,28.3
W2200478,E0138,F2-2022-F,F,1,30.4
M2200479,E0139,F1-2022-M,M,2,31.3
M2200480,E0139,F1-2022-M,M,2,29.2
M2200481,E0140,F2-2022-M,M,3,31.0
W2200482,E0140,F2-2022-F,F,3,26.3
M2200483,E0140,F2-2022-M,M,3,27.6
W2200484,E0141,F1-2022-F,F,1,24.4
W2200485,E0142,F2-2022-F,F,3,33.4
M2200486,E0142,F2-2022-M,M,3,32.2
W2200487,E0142,F2-2022-F,F,3,26.3
W2200488,E0143,F1-2022-F,F,2,28.3
M2200489,E0143,F1-2022-M,M,2,24.2
M2200490,E0144,F2-2022-M,M,2,38.7
M2200491,E0144,F2-2022-M,M,2,44.1
M2200492,E0146,F2-2022-M,M,2,31.6
W2200493,E0146,F2-2022-F,F,2,31.4
M2200494,E0147,F1-2022-M,M,1,33.4
W2200495,E0148,F2-2022-F,F,2,26.6
W2200496,E0148,F2-2022-F,F,2,19.5
M2200497,E0149,F1-2022-M,M,1,33.5
W2200498,E0150,F2-2022-F,F,3,20.6
M2200499,E0150,F2-2022-M,M,3,30.1
W2200500,E0150,F2-2022-F,F,3,21.7
W2200501,E0151,F1-2022-F,F,3,22.7
W2200502,E0151,F1-2022-F,F,3,29.7
W2200503,E0151,F1-2022-F,F,3,24.8
W2200504,E0152,F2-2022-F,F,2,29.0
W2200505,E0152,F2-2022-F,F,2,29.1
M2200506,E0155,F1-2022-M,M,1,19.5
W2200507,E0156,F2-2022-F,F,1,25.7
W2200508,E0157,F1-2022-F,F,1,27.0
M2200509,E0158,F2-2022-M,M,2,26.6
M2200510,E0158,F2-2022-M,M,2,33.2
W2200511,E0159,F1-2022-F,F,2,26.0
M2200512,E0159,F1-2022-M,M,2,22.8
M2200513,E0160,F2-2022-M,M,1,35.4
W2200514,E0161,F1-2022-F,F,2,26.6
M2200515,E0161,F1-2022-M,M,2,31.9
M2200516,E0162,F2-2022-M,M,1,41.5
M2200517,E0163,F1-2022-M,M,2,39.6
W2200518,E0163,F1-2022-F,F,2,33.0
W2200519,E0164,F2-2022-F,F,2,27.3
W2200520,E0164,F2-2022-F,F,2,28.8
M2200521,E0165,F1-2022-M,M,1,29.8
W2200522,E0166,F2-2022-F,F,1,32.7
M2200523,E0167,F1-2022-M,M,2,23.5
W2200524,E0167,F1-2022-F,F,2,25.9
M2200525,E0168,F2-2022-M,M,2,33.8
W2200526,E0168,F2-2022-F,F,2,27.3
W2200527,E0169,F1-2022-F,F,2,23.6
M2200528,E0169,F1-2022-M,M,2,27.2
M2200529,E0170,F2-2022-M,M,1,34.6
M2200530,E0171,F1-2022-M,M,1,33.2
W2200531,E0172,F2-2022-F,F,2,29.3
M2200532,E0172,F2-2022-M,M,2,39.4
W2200533,E0173,F1-2022-F,F,2,31.5
W2200534,E0173,F1-2022-F,F,2,27.3
W2200535,E0174,F2-2022-F,F,2,23.3
M2200536,E0174,F2-2022-M,M,2,32.4
M2200537,E0176,F2-2022-M,M,2,34.7
W2200538,E0176,F2-2022-F,F,2,27.1
W2200539,E0177,F1-2022-F,F,1,32.6
M2200540,E0178,F2-2022-M,M,2,36.4
W2200541,E0178,F2-2022-F,F,2,31.0
W2200542,E0179,F1-2022-F,F,1,27.0
M2200543,E0180,F2-2022-M,M,2,37.6
W2200544,E0180,F2-2022-F,F,2,29.2
M2200545,E0181,F1-2022-M,M,1,32.8
W2200546,E0182,F2-2022-F,F,2,27.6
W2200547,E0182,F2-2022-F,F,2,29.3
W2200548,E0183,F1-2022-F,F,1,33.4
W2200549,E0185,F1-2022-F,F,2,26.9
M2200550,E0185,F1-2022-M,M,2,33.1
W2200551,E0186,F2-2022-F,F,1,31.5
W2200552,E0187,F1-2022-F,F,2,26.2
W2200553,E0187,F1-2022-F,F,2,28.9
M2200554,E0188,F2-2022-M,M,2,30.3
W2200555,E0188,F2-2022-F,F,2,25.0
M2200556,E0189,F1-2022-M,M,1,28.3
M2200557,E0190,F2-2022-M,M,1,35.7
W2200558,E0191,F1-2022-F,F,1,28.4
W2200559,E0192,F2-2022-F,F,1,23.9
M2200560,E0193,F1-2022-M,M,2,31.8
W2200561,E0193,F1-2022-F,F,2,26.3
M2200562,E0194,F2-2022-M,M,3,28.0
W2200563,E0194,F2-2022-F,F,3,24.4
W2200564,E0194,F2-2022-F,F,3,22.9
M2200565,E0195,F1-2022-M,M,1,31.6
W2200566,E0197,F1-2022-F,F,2,24.9
W2200567,E0197,F1-2022-F,F,2,25.7
W2200568,E0198,F2-2022-F,F,1,29.1
W2200569,E0199,F1-2022-F,F,1,29.9
W2200570,E0200,F2-2022-F,F,1,28.9
M2200571,W2100003,F2-2022-M,M,1,39.1
W2200572,W2100008,F2-2022-F,F,1,28.8
M2200573,W2100020,F2-2022-M,M,2,36.1
W2200574,W2100020,F2-2022-F,F,2,27.7
M2200575,W2100022,F1-2022-M,M,2,22.7
W2200576,W2100022,F1-2022-F,F,2,26.5
M2200577,W2100030,F2-2022-M,M,3,34.3
M2200578,W2100030,F2-2022-M,M,3,36.9
W2200579,W2100030,F2-2022-F,F,3,30.0
M2200580,W2100031,F1-2022-M,M,1,37.2
W2200581,W2100034,F1-2022-F,F,2,26.4
W2200582,W2100034,F1-2022-F,F,2,27.9
M2200583,W2100036,F1-2022-M,M,1,26.8
M2200584,W2100037,F2-2022-M,M,1,36.1
W2200585,W2100038,F1-2022-F,F,1,28.4
W2200586,W2100052,F1-2022-F,F,2,25.2
M2200587,W2100052,F1-2022-M,M,2,30.8
M2200588,W2100059,F2-2022-M,M,1,34.1
W2200589,W2100060,F2-2022-F,F,2,24.2
W2200590,W2100060,F2-2022-F,F,2,30.2
M2200591,W2100064,F2-2022-M,M,2,36.4
M2200592,W2100064,F2-2022-M,M,2,33.8
M2200593,W2100071,F2-2022-M,M,1,35.7
W2200594,W2100074,F2-2022-F,F,1,33.0
W2200595,W2100079,F1-2022-F,F,2,27.4
M2200596,W2100079,F1-2022-M,M,2,35.3
M2200597,W2100090,F1-2022-M,M,1,28.3
W2200598,W2100098,F2-2022-F,F,1,33.1
M2200599,W2100100,F2-2022-M,M,2,33.6
W2200600,W2100100,F2-2022-F,F,2,26.6
W2200601,W2100105,F1-2022-F,F,1,28.2
W2200602,W2100108,F1-2022-F,F,1,34.6
W2200603,W2100110,F1-2022-F,F,1,30.6
M2200604,W2100115,F2-2022-M,M,1,26.7
W2200605,W2100122,F1-2022-F,F,1,29.8
W2200606,W2100123,F2-2022-F,F,1,36.7
W2200607,W2100141,F2-2022-F,F,1,24.6
M2200608,W2100142,F1-2022-M,M,1,33.6
W2200609,W2100148,F1-2022-F,F,1,27.9
W2200610,W2100158,F2-2022-F,F,2,29.7
M2200611,W2100158,F2-2022-M,M,2,26.0
M2200612,W2100165,F2-2022-M,M,2,30.2
M2200613,W2100165,F2-2022-M,M,2,32.0
W2200614,W2100173,F1-2022-F,F,1,23.0
M2200615,W2100176,F2-2022-M,M,2,33.8
M2200616,W2100176,F2-2022-M,M,2,31.7
M2200617,W2100178,F2-2022-M,M,3,27.6
M2200618,W2100178,F2-2022-M,M,3,28.1
M2200619,W2100178,F2-2022-M,M,3,28.4
W2200620,W2100180,F1-2022-F,F,1,36.7
W2200621,W2100191,F2-2022-F,F,1,31.5
M2200622,W2100201,F1-2022-M,M,2,31.5
M2200623,W2100201,F1-2022-M,M,2,29.6
W2200624,W2100205,F2-2022-F,F,2,27.8
W2200625,W2100205,F2-2022-F,F,2,26.3
W2200626,W2100206,F2-2022-F,F,2,32.3
W2200627,W2100206,F2-2022-F,F,2,25.7
M2200628,W2100214,F1-2022-M,M,2,33.3
W2200629,W2100214,F1-2022-F,F,2,30.4
W2200630,W2100216,F2-2022-F,F,1,24.1
W2200631,W2100218,F1-2022-F,F,2,28.1
M2200632,W2100218,F1-2022-M,M,2,27.3
W2200633,W2100230,F2-2022-F,F,2,25.9
W2200634,W2100230,F2-2022-F,F,2,23.5
W2200635,W2100237,F1-2022-F,F,1,24.9
W2200636,W2100245,F1-2022-F,F,2,33.5
W2200637,W2100245,F1-2022-F,F,2,23.8
M2200638,W2100254,F1-2022-M,M,2,26.9
M2200639,W2100254,F1-2022-M,M,2,34.8
W2200640,W2100256,F2-2022-F,F,1,37.8
M2200641,W2100259,F1-2022-M,M,1,33.0
W2200642,W2100261,F1-2022-F,F,2,34.8
M2200643,W2100261,F1-2022-M,M,2,37.9
M2200644,W2100279,F2-2022-M,M,2,28.6
W2200645,W2100279,F2-2022-F,F,2,26.9
M2200646,W2100282,F2-2022-M,M,1,33.8
W2300647,E0001,F1-2023-F,F,1,33.8
W2300648,E0002,F2-2023-F,F,2,35.3
W2300649,E0002,F2-2023-F,F,2,34.0
W2300650,E0003,F1-2023-F,F,2,30.3
M2300651,E0003,F1-2023-M,M,2,33.4
M2300652,E0004,F2-2023-M,M,3,29.3
W2300653,E0004,F2-2023-F,F,3,29.8
W2300654,E0004,F2-2023-F,F,3,32.4
M2300655,E0006,F2-2023-M,M,1,33.1
W2300656,E0007,F1-2023-F,F,1,30.8
M2300657,E0008,F2-2023-M,M,1,33.3
M2300658,E0010,F2-2023-M,M,3,31.4
W2300659,E0010,F2-2023-F,F,3,34.8
M2300660,E0010,F2-2023-M,M,3,28.6
W2300661,E0011,F1-2023-F,F,2,32.5
W2300662,E0011,F1-2023-F,F,2,30.5
M2300663,E0012,F2-2023-M,M,2,34.3
M2300664,E0012,F2-2023-M,M,2,30.4
W2300665,E0014,F2-2023-F,F,2,33.6
M2300666,E0014,F2-2023-M,M,2,33.9
W2300667,E0016,F2-2023-F,F,2,33.6
M2300668,E0016,F2-2023-M,M,2,41.0
W2300669,E0019,F1-2023-F,F,1,29.9
M2300670,E0020,F2-2023-M,M,2,30.2
M2300671,E0020,F2-2023-M,M,2,30.5
W2300672,E0021,F1-2023-F,F,1,30.9
W2300673,E0022,F2-2023-F,F,1,35.4
W2300674,E0024,F2-2023-F,F,2,33.6
M2300675,E0024,F2-2023-M,M,2,32.9
M2300676,E0025,F1-2023-M,M,1,32.1
M2300677,E0026,F2-2023-M,M,1,24.0
W2300678,E0028,F2-2023-F,F,1,39.7
W2300679,E0030,F2-2023-F,F,2,38.3
W2300680,E0030,F2-2023-F,F,2,37.5
M2300681,E0031,F1-2023-M,M,1,36.8
W2300682,E0033,F1-2023-F,F,1,26.1
M2300683,E0036,F2-2023-M,M,1,36.6
W2300684,E0038,F2-2023-F,F,1,32.1
W2300685,E0039,F1-2023-F,F,2,32.4
M2300686,E0039,F1-2023-M,M,2,29.5
M2300687,E0041,F1-2023-M,M,2,28.4
M2300688,E0041,F1-2023-M,M,2,28.8
W2300689,E0042,F2-2023-F,F,3,31.6
M2300690,E0042,F2-2023-M,M,3,31.9
M2300691,E0042,F2-2023-M,M,3,26.3
W2300692,E0045,F1-2023-F,F,2,29.8
W2300693,E0045,F1-2023-F,F,2,40.6
W2300694,E0046,F2-2023-F,F,1,38.5
M2300695,E0047,F1-2023-M,M,2,24.6
W2300696,E0047,F1-2023-F,F,2,22.8
W2300697,E0048,F2-2023-F,F,1,34.2
W2300698,E0049,F1-2023-F,F,2,29.1
W2300699,E0049,F1-2023-F,F,2,32.1
M2300700,E0050,F2-2023-M,M,2,29.3
M2300701,E0050,F2-2023-M,M,2,28.5
W2300702,E0051,F1-2023-F,F,1,33.3
M2300703,E0052,F2-2023-M,M,1,32.2
M2300704,E0053,F1-2023-M,M,2,23.3
W2300705,E0053,F1-2023-F,F,2,33.8
M2300706,E0055,F1-2023-M,M,2,31.0
M2300707,E0055,F1-2023-M,M,2,33.8
W2300708,E0057,F1-2023-F,F,1,30.4
M2300709,E0058,F2-2023-M,M,1,39.5
W2300710,E0060,F2-2023-F,F,2,29.4
M2300711,E0060,F2-2023-M,M,2,30.9
W2300712,E0061,F1-2023-F,F,2,33.3
M2300713,E0061,F1-2023-M,M,2,33.8
M2300714,E0062,F2-2023-M,M,2,28.7
M2300715,E0062,F2-2023-M,M,2,28.4
M2300716,E0063,F1-2023-M,M,2,27.6
M2300717,E0063,F1-2023-M,M,2,30.9
M2300718,E0064,F2-2023-M,M,1,31.6
M2300719,E0065,F1-2023-M,M,1,32.7
W2300720,E0066,F2-2023-F,F,1,33.4
M2300721,E0067,F1-2023-M,M,2,30.5
M2300722,E0067,F1-2023-M,M,2,32.3
W2300723,E0069,F1-2023-F,F,1,38.0
M2300724,E0070,F2-2023-M,M,1,34.0
W2300725,E0073,F1-2023-F,F,3,32.3
M2300726,E0073,F1-2023-M,M,3,33.6
M2300727,E0073,F1-2023-M,M,3,35.1
M2300728,E0074,F2-2023-M,M,2,25.0
M2300729,E0074,F2-2023-M,M,2,24.3
W2300730,E0075,F1-2023-F,F,2,31.0
M2300731,E0075,F1-2023-M,M,2,25.2
M2300732,E0076,F2-2023-M,M,2,23.0
M2300733,E0076,F2-2023-M,M,2,29.8
M2300734,E0078,F2-2023-M,M,1,32.5
M2300735,E0079,F1-2023-M,M,1,31.4
W2300736,E0081,F1-2023-F,F,1,31.3
M2300737,E0083,F1-2023-M,M,1,36.5
W2300738,E0084,F2-2023-F,F,1,39.3
W2300739,E0085,F1-2023-F,F,2,26.5
M2300740,E0085,F1-2023-M,M,2,28.7
W2300741,E0087,F1-2023-F,F,1,29.7
W2300742,E0088,F2-2023-F,F,2,37.3
M2300743,E0088,F2-2023-M,M,2,29.8
M2300744,E0089,F1-2023-M,M,3,23.4
M2300745,E0089,F1-2023-M,M,3,27.0
W2300746,E0089,F1-2023-F,F,3,27.8
M2300747,E0091,F1-2023-M,M,2,32.9
W2300748,E0091,F1-2023-F,F,2,31.6
W2300749,E0092,F2-2023-F,F,1,34.1
M2300750,E0095,F1-2023-M,M,3,28.6
W2300751,E0095,F1-2023-F,F,3,28.0
M2300752,E0095,F1-2023-M,M,3,24.6
W2300753,E0096,F2-2023-F,F,2,41.3
M2300754,E0096,F2-2023-M,M,2,37.0
M2300755,E0098,F2-2023-M,M,2,33.6
M2300756,E0098,F2-2023-M,M,2,28.7
M2300757,E0100,F2-2023-M,M,2,33.2
W2300758,E0100,F2-2023-F,F,2,30.9
M2300759,E0101,F1-2023-M,M,2,29.8
W2300760,E0101,F1-2023-F,F,2,29.7
M2300761,E0102,F2-2023-M,M,2,34.3
W2300762,E0102,F2-2023-F,F,2,36.5
M2300763,E0103,F1-2023-M,M,2,27.4
M2300764,E0103,F1-2023-M,M,2,26.6
W2300765,E0104,F2-2023-F,F,2,33.2
M2300766,E0104,F2-2023-M,M,2,35.1
M2300767,E0105,F1-2023-M,M,1,37.7
W2300768,E0106,F2-2023-F,F,2,35.1
M2300769,E0106,F2-2023-M,M,2,27.2
M2300770,E0107,F1-2023-M,M,1,32.8
M2300771,E0109,F1-2023-M,M,1,32.3
M2300772,E0110,F2-2023-M,M,1,31.4
M2300773,E0111,F1-2023-M,M,1,34.6
W2300774,E0113,F1-2023-F,F,1,37.0
M2300775,E0114,F2-2023-M,M,2,30.0
W2300776,E0114,F2-2023-F,F,2,30.3
M2300777,E0115,F1-2023-M,M,3,27.5
W2300778,E0115,F1-2023-F,F,3,25.9
W2300779,E0115,F1-2023-F,F,3,22.7
M2300780,E0117,F1-2023-M,M,3,29.1
M2300781,E0117,F1-2023-M,M,3,31.7
W2300782,E0117,F1-2023-F,F,3,29.4
W2300783,E0118,F2-2023-F,F,1,34.5
W2300784,E0119,F1-2023-F,F,2,21.4
M2300785,E0119,F1-2023-M,M,2,35.7
W2300786,E0120,F2-2023-F,F,2,29.1
M2300787,E0120,F2-2023-M,M,2,25.2
W2300788,E0121,F1-2023-F,F,2,27.2
W2300789,E0121,F1-2023-F,F,2,32.5
W2300790,E0122,F2-2023-F,F,1,35.4
W2300791,E0124,F2-2023-F,F,2,26.9
M2300792,E0124,F2-2023-M,M,2,27.4
W2300793,E0125,F1-2023-F,F,2,30.4
M2300794,E0125,F1-2023-M,M,2,41.5
W2300795,E0126,F2-2023-F,F,1,25.7
M2300796,E0127,F1-2023-M,M,3,29.1
M2300797,E0127,F1-2023-M,M,3,23.7
W2300798,E0127,F1-2023-F,F,3,30.9
W2300799,E0128,F2-2023-F,F,1,39.2
M2300800,E0129,F1-2023-M,M,1,38.5
W2300801,E0132,F2-2023-F,F,2,30.7
W2300802,E0132,F2-2023-F,F,2,31.1
M2300803,E0133,F1-2023-M,M,2,29.5
W2300804,E0133,F1-2023-F,F,2,31.8
M2300805,E0134,F2-2023-M,M,1,32.3
M2300806,E0136,F2-2023-M,M,2,33.0
W2300807,E0136,F2-2023-F,F,2,31.7
M2300808,E0137,F1-2023-M,M,2,29.6
M2300809,E0137,F1-2023-M,M,2,32.1
M2300810,E0138,F2-2023-M,M,2,29.1
W2300811,E0138,F2-2023-F,F,2,34.6
W2300812,E0140,F2-2023-F,F,2,31.3
W2300813,E0140,F2-2023-F,F,2,36.2
M2300814,E0141,F1-2023-M,M,2,32.0
M2300815,E0141,F1-2023-M,M,2,29.4
M2300816,E0142,F2-2023-M,M,1,42.6
W2300817,E0143,F1-2023-F,F,2,25.1
M2300818,E0143,F1-2023-M,M,2,28.3
M2300819,E0144,F2-2023-M,M,3,33.0
M2300820,E0144,F2-2023-M,M,3,29.6
M2300821,E0144,F2-2023-M,M,3,32.7
W2300822,E0146,F2-2023-F,F,2,28.6
M2300823,E0146,F2-2023-M,M,2,26.0
M2300824,E0147,F1-2023-M,M,1,33.0
W2300825,E0148,F2-2023-F,F,2,35.4
M2300826,E0148,F2-2023-M,M,2,30.4
M2300827,E0149,F1-2023-M,M,3,29.8
M2300828,E0149,F1-2023-M,M,3,27.0
W2300829,E0149,F1-2023-F,F,3,23.2
W2300830,E0150,F2-2023-F,F,2,29.7
W2300831,E0150,F2-2023-F,F,2,37.2
W2300832,E0151,F1-2023-F,F,1,33.2
M2300833,E0155,F1-2023-M,M,2,32.1
M2300834,E0155,F1-2023-M,M,2,28.9
M2300835,E0156,F2-2023-M,M,2,28.7
W2300836,E0156,F2-2023-F,F,2,23.2
W2300837,E0158,F2-2023-F,F,2,31.7
M2300838,E0158,F2-2023-M,M,2,31.9
W2300839,E0159,F1-2023-F,F,3,30.2
W2300840,E0159,F1-2023-F,F,3,21.7
W2300841,E0159,F1-2023-F,F,3,26.6
W2300842,E0160,F2-2023-F,F,2,39.5
W2300843,E0160,F2-2023-F,F,2,43.1
M2300844,E0161,F1-2023-M,M,1,34.7
M2300845,E0163,F1-2023-M,M,2,33.8
M2300846,E0163,F1-2023-M,M,2,31.4
M2300847,E0164,F2-2023-M,M,1,34.8
M2300848,E0165,F1-2023-M,M,2,29.5
M2300849,E0165,F1-2023-M,M,2,31.3
M2300850,E0167,F1-2023-M,M,2,30.2
M2300851,E0167,F1-2023-M,M,2,27.1
M2300852,E0170,F2-2023-M,M,2,30.2
M2300853,E0170,F2-2023-M,M,2,31.8
M2300854,E0171,F1-2023-M,M,2,30.8
M2300855,E0171,F1-2023-M,M,2,34.0
M2300856,E0172,F2-2023-M,M,2,32.1
M2300857,E0172,F2-2023-M,M,2,30.1
W2300858,E0173,F1-2023-F,F,2,35.4
M2300859,E0173,F1-2023-M,M,2,36.9
M2300860,E0174,F2-2023-M,M,3,29.5
M2300861,E0174,F2-2023-M,M,3,25.7
W2300862,E0174,F2-2023-F,F,3,28.4
M2300863,E0177,F1-2023-M,M,1,36.4
M2300864,E0178,F2-2023-M,M,1,29.3
M2300865,E0179,F1-2023-M,M,1,32.7
W2300866,E0181,F1-2023-F,F,1,29.1
W2300867,E0182,F2-2023-F,F,1,37.7
W2300868,E0183,F1-2023-F,F,2,31.3
W2300869,E0183,F1-2023-F,F,2,31.1
W2300870,E0185,F1-2023-F,F,3,29.1
M2300871,E0185,F1-2023-M,M,3,26.5
W2300872,E0185,F1-2023-F,F,3,20.6
M2300873,E0186,F2-2023-M,M,1,31.5
W2300874,E0187,F1-2023-F,F,1,33.6
W2300875,E0188,F2-2023-F,F,2,31.8
W2300876,E0188,F2-2023-F,F,2,41.4
W2300877,E0189,F1-2023-F,F,1,34.5
W2300878,E0190,F2-2023-F,F,2,39.8
W2300879,E0190,F2-2023-F,F,2,40.3
M2300880,E0191,F1-2023-M,M,1,30.3
M2300881,E0192,F2-2023-M,M,1,36.3
W2300882,E0193,F1-2023-F,F,1,29.4
M2300883,E0194,F2-2023-M,M,2,23.5
W2300884,E0194,F2-2023-F,F,2,30.7
M2300885,E0197,F1-2023-M,M,1,29.5
W2300886,E0199,F1-2023-F,F,2,27.7
M2300887,E0199,F1-2023-M,M,2,29.0
M2300888,E0200,F2-2023-M,M,1,28.6
M2300889,W2100003,F2-2023-M,M,1,37.1
M2300890,W2100020,F2-2023-M,M,2,34.0
M2300891,W2100020,F2-2023-M,M,2,35.6
M2300892,W2100022,F1-2023-M,M,3,26.4
W2300893,W2100022,F1-2023-F,F,3,24.7
W2300894,W2100022,F1-2023-F,F,3,25.2
W2300895,W2100030,F2-2023-F,F,2,29.3
W2300896,W2100030,F2-2023-F,F,2,35.3
M2300897,W2100031,F1-2023-M,M,1,32.9
M2300898,W2100034,F1-2023-M,M,2,30.4
W2300899,W2100034,F1-2023-F,F,2,27.3
M2300900,W2100036,F1-2023-M,M,3,31.5
W2300901,W2100036,F1-2023-F,F,3,29.4
M2300902,W2100036,F1-2023-M,M,3,27.7
W2300903,W2100037,F2-2023-F,F,1,32.7
W2300904,W2100038,F1-2023-F,F,2,29.0
M2300905,W2100038,F1-2023-M,M,2,32.4
W2300906,W2100059,F2-2023-F,F,1,38.2
M2300907,W2100060,F2-2023-M,M,1,30.6
M2300908,W2100064,F2-2023-M,M,1,35.5
W2300909,W2100071,F2-2023-F,F,1,35.4
M2300910,W2100074,F2-2023-M,M,1,33.3
W2300911,W2100079,F1-2023-F,F,2,33.0
M2300912,W2100079,F1-2023-M,M,2,36.2
W2300913,W2100090,F1-2023-F,F,2,36.0
M2300914,W2100090,F1-2023-M,M,2,29.5
M2300915,W2100098,F2-2023-M,M,2,28.6
M2300916,W2100098,F2-2023-M,M,2,30.9
M2300917,W2100100,F2-2023-M,M,2,31.1
M2300918,W2100100,F2-2023-M,M,2,26.3
W2300919,W2100105,F1-2023-F,F,1,32.9
M2300920,W2100108,F1-2023-M,M,1,37.9
M2300921,W2100110,F1-2023-M,M,2,30.0
W2300922,W2100110,F1-2023-F,F,2,32.5
W2300923,W2100115,F2-2023-F,F,1,31.6
M2300924,W2100122,F1-2023-M,M,2,31.1
W2300925,W2100122,F1-2023-F,F,2,34.4
W2300926,W2100123,F2-2023-F,F,1,35.6
W2300927,W2100141,F2-2023-F,F,1,35.2
W2300928,W2100142,F1-2023-F,F,2,23.1
M2300929,W2100142,F1-2023-M,M,2,30.6
W2300930,W2100148,F1-2023-F,F,1,32.3
W2300931,W2100158,F2-2023-F,F,1,34.3
M2300932,W2100165,F2-2023-M,M,1,39.0
W2300933,W2100173,F1-2023-F,F,2,30.8
M2300934,W2100173,F1-2023-M,M,2,33.1
M2300935,W2100176,F2-2023-M,M,2,31.9
W2300936,W2100176,F2-2023-F,F,2,34.5
W2300937,W2100178,F2-2023-F,F,1,40.1
M2300938,W2100191,F2-2023-M,M,2,32.2
M2300939,W2100191,F2-2023-M,M,2,33.1
M2300940,W2100201,F1-2023-M,M,2,31.5
W2300941,W2100201,F1-2023-F,F,2,30.9
M2300942,W2100205,F2-2023-M,M,1,35.9
W2300943,W2100206,F2-2023-F,F,1,36.4
M2300944,W2100214,F1-2023-M,M,3,29.6
M2300945,W2100214,F1-2023-M,M,3,27.8
M2300946,W2100214,F1-2023-M,M,3,28.7
M2300947,W2100230,F2-2023-M,M,2,29.5
M2300948,W2100230,F2-2023-M,M,2,30.6
W2300949,W2100237,F1-2023-F,F,2,30.1
W2300950,W2100237,F1-2023-F,F,2,27.2
W2300951,W2100245,F1-2023-F,F,2,26.2
M2300952,W2100245,F1-2023-M,M,2,32.9
M2300953,W2100254,F1-2023-M,M,1,36.2
M2300954,W2100256,F2-2023-M,M,1,28.7
M2300955,W2100259,F1-2023-M,M,1,27.5
W2300956,W2100261,F1-2023-F,F,3,36.4
W2300957,W2100261,F1-2023-F,F,3,36.6
M2300958,W2100261,F1-2023-M,M,3,37.8
M2300959,W2100279,F2-2023-M,M,2,29.7
M2300960,W2100279,F2-2023-M,M,2,32.3
M2300961,W2100282,F2-2023-M,M,1,31.4
W2300962,W2200295,F2-2023-F,F,1,40.5
M2300963,W2200296,F1-2023-M,M,1,29.6
M2300964,W2200297,F2-2023-M,M,2,36.8
W2300965,W2200297,F2-2023-F,F,2,33.7
M2300966,W2200299,F2-2023-M,M,1,29.6
W2300967,W2200314,F1-2023-F,F,1,28.8
M2300968,W2200318,F1-2023-M,M,2,29.8
W2300969,W2200318,F1-2023-F,F,2,22.9
W2300970,W2200327,F2-2023-F,F,3,33.9
M2300971,W2200327,F2-2023-M,M,3,26.3
W2300972,W2200327,F2-2023-F,F,3,29.8
W2300973,W2200329,F1-2023-F,F,2,29.4
W2300974,W2200329,F1-2023-F,F,2,22.4
M2300975,W2200331,F2-2023-M,M,1,27.4
W2300976,W2200338,F2-2023-F,F,1,40.3
M2300977,W2200343,F2-2023-M,M,2,34.6
W2300978,W2200343,F2-2023-F,F,2,35.9
M2300979,W2200346,F1-2023-M,M,1,37.9
W2300980,W2200349,F2-2023-F,F,2,34.5
M2300981,W2200349,F2-2023-M,M,2,33.6
W2300982,W2200353,F1-2023-F,F,2,26.2
M2300983,W2200353,F1-2023-M,M,2,33.1
W2300984,W2200362,F2-2023-F,F,1,35.0
W2300985,W2200369,F1-2023-F,F,1,30.9
W2300986,W2200375,F2-2023-F,F,2,30.2
W2300987,W2200375,F2-2023-F,F,2,32.0
M2300988,W2200385,F2-2023-M,M,3,29.9
M2300989,W2200385,F2-2023-M,M,3,32.9
M2300990,W2200385,F2-2023-M,M,3,28.2
W2300991,W2200388,F2-2023-F,F,1,40.1
M2300992,W2200395,F2-2023-M,M,1,36.9
W2300993,W2200397,F2-2023-F,F,1,39.7
M2300994,W2200400,F2-2023-M,M,1,32.9
W2300995,W2200402,F2-2023-F,F,1,34.8
M2300996,W2200406,F1-2023-M,M,2,35.1
W2300997,W2200406,F1-2023-F,F,2,28.6
W2300998,W2200410,F1-2023-F,F,2,29.6
W2300999,W2200410,F1-2023-F,F,2,26.7
W2301000,W2200411,F1-2023-F,F,1,36.7
M2301001,W2200413,F2-2023-M,M,2,30.5
W2301002,W2200413,F2-2023-F,F,2,34.5
M2301003,W2200415,F1-2023-M,M,2,29.6
M2301004,W2200415,F1-2023-M,M,2,35.8
M2301005,W2200425,F2-2023-M,M,1,32.1
W2301006,W2200433,F2-2023-F,F,1,41.8
M2301007,W2200437,F1-2023-M,M,2,29.3
M2301008,W2200437,F1-2023-M,M,2,19.4
M2301009,W2200438,F2-2023-M,M,1,33.0
M2301010,W2200440,F1-2023-M,M,1,35.0
W2301011,W2200442,F1-2023-F,F,1,30.3
W2301012,W2200448,F1-2023-F,F,2,27.4
M2301013,W2200448,F1-2023-M,M,2,27.5
M2301014,W2200450,F1-2023-M,M,2,30.7
W2301015,W2200450,F1-2023-F,F,2,32.1
M2301016,W2200451,F2-2023-M,M,1,36.5
M2301017,W2200458,F2-2023-M,M,2,26.9
M2301018,W2200458,F2-2023-M,M,2,37.8
W2301019,W2200469,F2-2023-F,F,1,30.6
M2301020,W2200496,F2-2023-M,M,2,36.7
M2301021,W2200496,F2-2023-M,M,2,35.0
W2301022,W2200502,F1-2023-F,F,1,33.7
M2301023,W2200507,F2-2023-M,M,1,31.7
M2301024,W2200511,F1-2023-M,M,1,29.5
W2301025,W2200519,F2-2023-F,F,2,30.1
M2301026,W2200519,F2-2023-M,M,2,30.7
W2301027,W2200520,F2-2023-F,F,2,32.7
W2301028,W2200520,F2-2023-F,F,2,33.7
M2301029,W2200526,F2-2023-M,M,2,32.3
W2301030,W2200526,F2-2023-F,F,2,32.3
W2301031,W2200538,F2-2023-F,F,1,41.7
M2301032,W2200544,F2-2023-M,M,1,38.9
M2301033,W2200547,F2-2023-M,M,2,34.3
M2301034,W2200547,F2-2023-M,M,2,33.9
M2301035,W2200549,F1-2023-M,M,2,28.5
M2301036,W2200549,F1-2023-M,M,2,32.5
M2301037,W2200561,F1-2023-M,M,2,32.0
W2301038,W2200561,F1-2023-F,F,2,25.4
M2301039,W2200564,F2-2023-M,M,1,36.2
W2301040,W2200568,F2-2023-F,F,1,38.5
W2301041,W2200569,F1-2023-F,F,2,25.3
M2301042,W2200569,F1-2023-M,M,2,23.3
W2301043,W2200570,F2-2023-F,F,1,34.9
M2301044,W2200574,F2-2023-M,M,1,36.4
M2301045,W2200579,F2-2023-M,M,1,34.8
W2301046,W2200595,F1-2023-F,F,1,27.5
W2301047,W2200603,F1-2023-F,F,2,29.0
M2301048,W2200603,F1-2023-M,M,2,33.9
M2301049,W2200605,F1-2023-M,M,2,26.5
M2301050,W2200605,F1-2023-M,M,2,21.8
M2301051,W2200610,F2-2023-M,M,1,33.0
W2301052,W2200640,F2-2023-F,F,1,37.0
W2401053,E0001,F1-2024-F,F,1,26.2
W2401054,E0002,F2-2024-F,F,1,29.6
M2401055,E0003,F1-2024-M,M,1,31.6
M2401056,E0004,F2-2024-M,M,2,24.1
M2401057,E0004,F2-2024-M,M,2,21.7
M2401058,E0006,F2-2024-M,M,2,30.7
W2401059,E0006,F2-2024-F,F,2,29.4
M2401060,E0008,F2-2024-M,M,1,33.1
M2401061,E0010,F2-2024-M,M,2,33.8
M2401062,E0010,F2-2024-M,M,2,35.2
M2401063,E0014,F2-2024-M,M,1,33.5
W2401064,E0016,F2-2024-F,F,1,32.0
M2401065,E0021,F1-2024-M,M,1,32.3
M2401066,E0022,F2-2024-M,M,1,33.4
W2401067,E0024,F2-2024-F,F,2,29.2
W2401068,E0024,F2-2024-F,F,2,25.1
M2401069,E0025,F1-2024-M,M,1,32.4
W2401070,E0026,F2-2024-F,F,1,23.7
M2401071,E0028,F2-2024-M,M,1,33.6
W2401072,E0030,F2-2024-F,F,3,31.7
M2401073,E0030,F2-2024-M,M,3,30.7
W2401074,E0030,F2-2024-F,F,3,32.7
W2401075,E0036,F2-2024-F,F,1,32.5
W2401076,E0038,F2-2024-F,F,1,33.2
M2401077,E0041,F1-2024-M,M,1,32.3
M2401078,E0042,F2-2024-M,M,2,29.8
W2401079,E0042,F2-2024-F,F,2,25.5
W2401080,E0045,F1-2024-F,F,2,30.1
M2401081,E0045,F1-2024-M,M,2,37.2
M2401082,E0046,F2-2024-M,M,1,33.9
W2401083,E0047,F1-2024-F,F,1,25.3
M2401084,E0048,F2-2024-M,M,1,34.4
M2401085,E0050,F2-2024-M,M,1,35.7
W2401086,E0051,F1-2024-F,F,1,27.8
W2401087,E0053,F1-2024-F,F,1,32.3
W2401088,E0055,F1-2024-F,F,1,27.5
M2401089,E0057,F1-2024-M,M,2,23.9
W2401090,E0057,F1-2024-F,F,2,25.1
M2401091,E0058,F2-2024-M,M,1,34.3
W2401092,E0060,F2-2024-F,F,3,25.9
M2401093,E0060,F2-2024-M,M,3,30.9
M2401094,E0060,F2-2024-M,M,3,26.5
W2401095,E0061,F1-2024-F,F,2,29.4
M2401096,E0061,F1-2024-M,M,2,33.1
W2401097,E0062,F2-2024-F,F,2,26.3
M2401098,E0062,F2-2024-M,M,2,29.7
M2401099,E0063,F1-2024-M,M,2,30.9
M2401100,E0063,F1-2024-M,M,2,24.9
W2401101,E0065,F1-2024-F,F,2,26.7
M2401102,E0065,F1-2024-M,M,2,26.7
W2401103,E0066,F2-2024-F,F,2,26.0
M2401104,E0066,F2-2024-M,M,2,32.5
M2401105,E0067,F1-2024-M,M,2,36.3
W2401106,E0067,F1-2024-F,F,2,32.9
M2401107,E0069,F1-2024-M,M,2,34.5
W2401108,E0069,F1-2024-F,F,2,35.8
W2401109,E0070,F2-2024-F,F,2,24.4
W2401110,E0070,F2-2024-F,F,2,28.7
M2401111,E0073,F1-2024-M,M,2,29.4
M2401112,E0073,F1-2024-M,M,2,36.9
M2401113,E0074,F2-2024-M,M,2,33.8
W2401114,E0074,F2-2024-F,F,2,29.1
W2401115,E0075,F1-2024-F,F,2,26.4
M2401116,E0075,F1-2024-M,M,2,31.5
M2401117,E0076,F2-2024-M,M,2,35.9
W2401118,E0076,F2-2024-F,F,2,32.6
M2401119,E0078,F2-2024-M,M,2,32.0
M2401120,E0078,F2-2024-M,M,2,24.1
M2401121,E0081,F1-2024-M,M,2,26.9
W2401122,E0081,F1-2024-F,F,2,29.6
W2401123,E0084,F2-2024-F,F,3,31.1
W2401124,E0084,F2-2024-F,F,3,30.5
M2401125,E0084,F2-2024-M,M,3,25.3
M2401126,E0085,F1-2024-M,M,2,20.0
W2401127,E0085,F1-2024-F,F,2,23.9
W2401128,E0087,F1-2024-F,F,1,28.6
W2401129,E0088,F2-2024-F,F,2,25.2
W2401130,E0088,F2-2024-F,F,2,29.2
W2401131,E0089,F1-2024-F,F,1,29.7
M2401132,E0091,F1-2024-M,M,1,32.6
W2401133,E0092,F2-2024-F,F,1,28.0
M2401134,E0095,F1-2024-M,M,2,25.6
M2401135,E0095,F1-2024-M,M,2,22.8
M2401136,E0096,F2-2024-M,M,1,36.2
W2401137,E0098,F2-2024-F,F,1,33.2
W2401138,E0100,F2-2024-F,F,2,25.6
W2401139,E0100,F2-2024-F,F,2,24.5
W2401140,E0101,F1-2024-F,F,2,33.7
W2401141,E0101,F1-2024-F,F,2,33.4
W2401142,E0102,F2-2024-F,F,1,33.9
W2401143,E0104,F2-2024-F,F,1,33.5
W2401144,E0105,F1-2024-F,F,1,31.8
W2401145,E0106,F2-2024-F,F,1,36.5
W2401146,E0107,F1-2024-F,F,1,31.7
W2401147,E0109,F1-2024-F,F,2,25.0
M2401148,E0109,F1-2024-M,M,2,25.1
M2401149,E0110,F2-2024-M,M,2,34.6
M2401150,E0110,F2-2024-M,M,2,34.3
W2401151,E0113,F1-2024-F,F,1,30.1
M2401152,E0114,F2-2024-M,M,2,34.6
W2401153,E0114,F2-2024-F,F,2,30.5
M2401154,E0117,F1-2024-M,M,2,30.5
W2401155,E0117,F1-2024-F,F,2,29.7
W2401156,E0118,F2-2024-F,F,2,31.1
M2401157,E0118,F2-2024-M,M,2,31.8
W2401158,E0119,F1-2024-F,F,1,33.2
W2401159,E0120,F2-2024-F,F,1,30.8
W2401160,E0121,F1-2024-F,F,2,26.6
M2401161,E0121,F1-2024-M,M,2,28.3
W2401162,E0122,F2-2024-F,F,1,23.2
M2401163,E0124,F2-2024-M,M,2,30.9
W2401164,E0124,F2-2024-F,F,2,30.2
M2401165,E0125,F1-2024-M,M,3,26.6
W2401166,E0125,F1-2024-F,F,3,22.4
W2401167,E0125,F1-2024-F,F,3,27.0
M2401168,E0126,F2-2024-M,M,2,31.4
W2401169,E0126,F2-2024-F,F,2,29.6
W2401170,E0127,F1-2024-F,F,3,26.8
M2401171,E0127,F1-2024-M,M,3,25.1
W2401172,E0127,F1-2024-F,F,3,24.7
M2401173,E0129,F1-2024-M,M,1,34.5
W2401174,E0132,F2-2024-F,F,1,28.7
M2401175,E0133,F1-2024-M,M,2,28.3
W2401176,E0133,F1-2024-F,F,2,26.7
M2401177,E0140,F2-2024-M,M,2,28.3
W2401178,E0140,F2-2024-F,F,2,27.9
W2401179,E0141,F1-2024-F,F,2,26.4
W2401180,E0141,F1-2024-F,F,2,24.0
M2401181,E0142,F2-2024-M,M,2,34.5
W2401182,E0142,F2-2024-F,F,2,28.1
M2401183,E0143,F1-2024-M,M,1,34.4
W2401184,E0146,F2-2024-F,F,1,31.7
M2401185,E0147,F1-2024-M,M,1,29.0
M2401186,E0148,F2-2024-M,M,2,26.2
M2401187,E0148,F2-2024-M,M,2,28.8
W2401188,E0149,F1-2024-F,F,1,30.6
M2401189,E0150,F2-2024-M,M,2,27.6
M2401190,E0150,F2-2024-M,M,2,29.0
W2401191,E0151,F1-2024-F,F,2,22.1
M2401192,E0151,F1-2024-M,M,2,25.2
W2401193,E0155,F1-2024-F,F,2,26.5
M2401194,E0155,F1-2024-M,M,2,27.4
M2401195,E0156,F2-2024-M,M,1,26.2
M2401196,E0158,F2-2024-M,M,2,28.8
W2401197,E0158,F2-2024-F,F,2,27.2
M2401198,E0159,F1-2024-M,M,1,30.4
M2401199,E0163,F1-2024-M,M,2,34.6
M2401200,E0163,F1-2024-M,M,2,29.2
M2401201,E0164,F2-2024-M,M,2,33.2
M2401202,E0164,F2-2024-M,M,2,27.1
M2401203,E0165,F1-2024-M,M,2,28.4
W2401204,E0165,F1-2024-F,F,2,26.4
M2401205,E0167,F1-2024-M,M,2,23.4
M2401206,E0167,F1-2024-M,M,2,27.9
W2401207,E0170,F2-2024-F,F,2,30.9
M2401208,E0170,F2-2024-M,M,2,24.4
M2401209,E0171,F1-2024-M,M,1,35.3
W2401210,E0172,F2-2024-F,F,2,26.8
M2401211,E0172,F2-2024-M,M,2,33.6
M2401212,E0174,F2-2024-M,M,1,33.4
M2401213,E0177,F1-2024-M,M,2,28.1
M2401214,E0177,F1-2024-M,M,2,26.1
W2401215,E0178,F2-2024-F,F,1,28.0
W2401216,E0179,F1-2024-F,F,1,29.8
W2401217,E0181,F1-2024-F,F,1,34.7
M2401218,E0182,F2-2024-M,M,1,34.7
W2401219,E0183,F1-2024-F,F,1,29.6
M2401220,E0185,F1-2024-M,M,2,24.2
W2401221,E0185,F1-2024-F,F,2,20.5
W2401222,E0186,F2-2024-F,F,2,23.5
M2401223,E0186,F2-2024-M,M,2,29.4
M2401224,E0187,F1-2024-M,M,1,32.0
M2401225,E0188,F2-2024-M,M,2,25.4
M2401226,E0188,F2-2024-M,M,2,35.1
M2401227,E0189,F1-2024-M,M,2,26.2
W2401228,E0189,F1-2024-F,F,2,29.4
W2401229,E0190,F2-2024-F,F,1,32.8
M2401230,E0191,F1-2024-M,M,1,31.0
W2401231,E0193,F1-2024-F,F,1,26.3
W2401232,E0194,F2-2024-F,F,2,22.7
M2401233,E0194,F2-2024-M,M,2,26.9
M2401234,E0197,F1-2024-M,M,2,20.0
M2401235,E0197,F1-2024-M,M,2,28.8
W2401236,E0199,F1-2024-F,F,3,21.0
M2401237,E0199,F1-2024-M,M,3,23.2
W2401238,E0199,F1-2024-F,F,3,19.6
W2401239,E0200,F2-2024-F,F,1,37.0
M2401240,W2100003,F2-2024-M,M,1,36.1
M2401241,W2100022,F1-2024-M,M,1,30.4
M2401242,W2100030,F2-2024-M,M,2,36.1
W2401243,W2100030,F2-2024-F,F,2,33.7
W2401244,W2100031,F1-2024-F,F,2,27.8
W2401245,W2100031,F1-2024-F,F,2,24.8
W2401246,W2100034,F1-2024-F,F,2,25.8
W2401247,W2100034,F1-2024-F,F,2,23.1
W2401248,W2100036,F1-2024-F,F,1,28.3
W2401249,W2100038,F1-2024-F,F,3,24.5
M2401250,W2100038,F1-2024-M,M,3,18.3
M2401251,W2100038,F1-2024-M,M,3,30.5
W2401252,W2100059,F2-2024-F,F,1,36.0
W2401253,W2100060,F2-2024-F,F,2,30.2
W2401254,W2100060,F2-2024-F,F,2,29.0
W2401255,W2100064,F2-2024-F,F,2,36.6
W2401256,W2100064,F2-2024-F,F,2,34.9
W2401257,W2100071,F2-2024-F,F,1,31.5
M2401258,W2100074,F2-2024-M,M,1,32.1
W2401259,W2100079,F1-2024-F,F,2,28.6
M2401260,W2100079,F1-2024-M,M,2,27.3
W2401261,W2100090,F1-2024-F,F,1,32.3
W2401262,W2100100,F2-2024-F,F,2,32.6
M2401263,W2100100,F2-2024-M,M,2,32.5
W2401264,W2100105,F1-2024-F,F,1,30.0
W2401265,W2100110,F1-2024-F,F,2,25.9
W2401266,W2100110,F1-2024-F,F,2,27.6
W2401267,W2100115,F2-2024-F,F,2,24.7
W2401268,W2100115,F2-2024-F,F,2,21.8
W2401269,W2100122,F1-2024-F,F,2,32.4
M2401270,W2100122,F1-2024-M,M,2,22.8
M2401271,W2100123,F2-2024-M,M,1,35.3
M2401272,W2100141,F2-2024-M,M,2,24.4
W2401273,W2100141,F2-2024-F,F,2,24.4
M2401274,W2100148,F1-2024-M,M,2,30.4
W2401275,W2100148,F1-2024-F,F,2,22.4
M2401276,W2100165,F2-2024-M,M,1,33.2
M2401277,W2100173,F1-2024-M,M,3,22.0
W2401278,W2100173,F1-2024-F,F,3,27.2
W2401279,W2100173,F1-2024-F,F,3,19.8
W2401280,W2100178,F2-2024-F,F,1,38.1
W2401281,W2100201,F1-2024-F,F,2,28.2
W2401282,W2100201,F1-2024-F,F,2,30.4
W2401283,W2100205,F2-2024-F,F,1,22.9
M2401284,W2100214,F1-2024-M,M,2,23.1
W2401285,W2100214,F1-2024-F,F,2,25.4
M2401286,W2100230,F2-2024-M,M,2,31.3
M2401287,W2100230,F2-2024-M,M,2,31.4
W2401288,W2100237,F1-2024-F,F,1,22.7
W2401289,W2100245,F1-2024-F,F,1,30.1
W2401290,W2100254,F1-2024-F,F,1,33.4
W2401291,W2100256,F2-2024-F,F,2,35.8
M2401292,W2100256,F2-2024-M,M,2,27.6
M2401293,W2100279,F2-2024-M,M,3,32.9
W2401294,W2100279,F2-2024-F,F,3,26.3
M2401295,W2100279,F2-2024-M,M,3,32.4
W2401296,W2200295,F2-2024-F,F,1,33.1
M2401297,W2200296,F1-2024-M,M,2,24.1
M2401298,W2200296,F1-2024-M,M,2,25.8
M2401299,W2200297,F2-2024-M,M,2,34.5
W2401300,W2200297,F2-2024-F,F,2,27.9
W2401301,W2200299,F2-2024-F,F,2,26.7
W2401302,W2200299,F2-2024-F,F,2,23.8
W2401303,W2200314,F1-2024-F,F,2,24.6
M2401304,W2200314,F1-2024-M,M,2,25.9
M2401305,W2200318,F1-2024-M,M,2,23.3
M2401306,W2200318,F1-2024-M,M,2,34.4
W2401307,W2200327,F2-2024-F,F,2,30.9
M2401308,W2200327,F2-2024-M,M,2,33.3
M2401309,W2200329,F1-2024-M,M,2,27.9
W2401310,W2200329,F1-2024-F,F,2,25.5
M2401311,W2200331,F2-2024-M,M,1,39.8
M2401312,W2200338,F2-2024-M,M,1,34.2
W2401313,W2200343,F2-2024-F,F,1,33.0
W2401314,W2200346,F1-2024-F,F,1,31.4
W2401315,W2200349,F2-2024-F,F,1,37.3
W2401316,W2200353,F1-2024-F,F,1,23.5
W2401317,W2200362,F2-2024-F,F,1,28.3
M2401318,W2200369,F1-2024-M,M,2,28.0
W2401319,W2200369,F1-2024-F,F,2,24.4
M2401320,W2200375,F2-2024-M,M,2,29.9
M2401321,W2200375,F2-2024-M,M,2,29.5
W2401322,W2200388,F2-2024-F,F,2,29.9
M2401323,W2200388,F2-2024-M,M,2,31.6
M2401324,W2200395,F2-2024-M,M,1,33.1
M2401325,W2200397,F2-2024-M,M,3,32.7
M2401326,W2200397,F2-2024-M,M,3,35.8
M2401327,W2200397,F2-2024-M,M,3,34.9
W2401328,W2200400,F2-2024-F,F,1,30.7
M2401329,W2200402,F2-2024-M,M,1,28.7
M2401330,W2200406,F1-2024-M,M,2,29.1
M2401331,W2200406,F1-2024-M,M,2,31.7
W2401332,W2200410,F1-2024-F,F,2,26.2
M2401333,W2200410,F1-2024-M,M,2,28.0
W2401334,W2200411,F1-2024-F,F,2,33.9
W2401335,W2200411,F1-2024-F,F,2,30.7
M2401336,W2200413,F2-2024-M,M,1,31.0
W2401337,W2200415,F1-2024-F,F,2,31.8
M2401338,W2200415,F1-2024-M,M,2,29.6
W2401339,W2200425,F2-2024-F,F,2,25.3
M2401340,W2200425,F2-2024-M,M,2,31.8
M2401341,W2200433,F2-2024-M,M,1,30.8
W2401342,W2200437,F1-2024-F,F,1,24.8
W2401343,W2200438,F2-2024-F,F,2,34.2
W2401344,W2200438,F2-2024-F,F,2,33.5
W2401345,W2200440,F1-2024-F,F,1,28.5
W2401346,W2200442,F1-2024-F,F,1,28.9
M2401347,W2200448,F1-2024-M,M,2,18.5
W2401348,W2200448,F1-2024-F,F,2,14.5
M2401349,W2200450,F1-2024-M,M,1,32.6
M2401350,W2200451,F2-2024-M,M,1,31.3
W2401351,W2200458,F2-2024-F,F,1,33.1
W2401352,W2200469,F2-2024-F,F,1,32.0
M2401353,W2200496,F2-2024-M,M,2,44.4
W2401354,W2200496,F2-2024-F,F,2,36.6
M2401355,W2200502,F1-2024-M,M,1,27.1
W2401356,W2200511,F1-2024-F,F,2,27.1
W2401357,W2200511,F1-2024-F,F,2,29.0
W2401358,W2200520,F2-2024-F,F,1,33.7
M2401359,W2200526,F2-2024-M,M,2,32.3
W2401360,W2200526,F2-2024-F,F,2,28.7
W2401361,W2200538,F2-2024-F,F,2,30.8
W2401362,W2200538,F2-2024-F,F,2,36.3
W2401363,W2200544,F2-2024-F,F,2,29.4
W2401364,W2200544,F2-2024-F,F,2,31.9
W2401365,W2200549,F1-2024-F,F,2,25.2
M2401366,W2200549,F1-2024-M,M,2,26.4
M2401367,W2200561,F1-2024-M,M,2,22.4
W2401368,W2200561,F1-2024-F,F,2,27.6
M2401369,W2200568,F2-2024-M,M,1,35.4
W2401370,W2200569,F1-2024-F,F,2,24.4
W2401371,W2200569,F1-2024-F,F,2,21.3
W2401372,W2200574,F2-2024-F,F,3,19.2
W2401373,W2200574,F2-2024-F,F,3,26.6
M2401374,W2200574,F2-2024-M,M,3,25.4
W2401375,W2200579,F2-2024-F,F,2,23.9
M2401376,W2200579,F2-2024-M,M,2,27.0
M2401377,W2200595,F1-2024-M,M,2,28.6
W2401378,W2200595,F1-2024-F,F,2,24.4
W2401379,W2200605,F1-2024-F,F,2,21.3
M2401380,W2200605,F1-2024-M,M,2,21.5
M2401381,W2200640,F2-2024-M,M,2,32.6
W2401382,W2200640,F2-2024-F,F,2,30.3
W2401383,W2300649,F2-2024-F,F,1,38.4
W2401384,W2300661,F1-2024-F,F,1,30.2
W2401385,W2300673,F2-2024-F,F,2,26.3
W2401386,W2300673,F2-2024-F,F,2,26.8
M2401387,W2300674,F2-2024-M,M,2,33.3
M2401388,W2300674,F2-2024-M,M,2,26.9
M2401389,W2300679,F2-2024-M,M,1,33.4
M2401390,W2300682,F1-2024-M,M,1,25.4
W2401391,W2300684,F2-2024-F,F,1,28.4
W2401392,W2300685,F1-2024-F,F,2,29.9
W2401393,W2300685,F1-2024-F,F,2,26.0
W2401394,W2300705,F1-2024-F,F,2,28.6
M2401395,W2300705,F1-2024-M,M,2,29.9
M2401396,W2300738,F2-2024-M,M,1,30.2
W2401397,W2300739,F1-2024-F,F,1,28.8
W2401398,W2300741,F1-2024-F,F,2,36.4
M2401399,W2300741,F1-2024-M,M,2,31.9
M2401400,W2300742,F2-2024-M,M,2,36.6
M2401401,W2300742,F2-2024-M,M,2,33.5
W2401402,W2300748,F1-2024-F,F,1,32.4
W2401403,W2300749,F2-2024-F,F,3,23.8
W2401404,W2300749,F2-2024-F,F,3,29.9
M2401405,W2300749,F2-2024-M,M,3,26.7
M2401406,W2300751,F1-2024-M,M,1,26.5
M2401407,W2300765,F2-2024-M,M,2,32.1
W2401408,W2300765,F2-2024-F,F,2,23.3
M2401409,W2300776,F2-2024-M,M,2,31.9
W2401410,W2300776,F2-2024-F,F,2,25.1
M2401411,W2300778,F1-2024-M,M,1,26.0
M2401412,W2300786,F2-2024-M,M,2,25.4
W2401413,W2300786,F2-2024-F,F,2,30.5
W2401414,W2300788,F1-2024-F,F,2,22.7
W2401415,W2300788,F1-2024-F,F,2,26.1
M2401416,W2300790,F2-2024-M,M,1,28.9
M2401417,W2300791,F2-2024-M,M,1,36.6
W2401418,W2300801,F2-2024-F,F,1,38.4
W2401419,W2300802,F2-2024-F,F,1,26.5
M2401420,W2300807,F2-2024-M,M,2,28.3
M2401421,W2300807,F2-2024-M,M,2,33.3
M2401422,W2300813,F2-2024-M,M,2,24.7
W2401423,W2300813,F2-2024-F,F,2,27.6
W2401424,W2300830,F2-2024-F,F,3,28.0
W2401425,W2300830,F2-2024-F,F,3,25.2
M2401426,W2300830,F2-2024-M,M,3,33.1
M2401427,W2300831,F2-2024-M,M,2,32.0
W2401428,W2300831,F2-2024-F,F,2,33.7
W2401429,W2300843,F2-2024-F,F,3,26.8
M2401430,W2300843,F2-2024-M,M,3,28.2
W2401431,W2300843,F2-2024-F,F,3,29.8
W2401432,W2300858,F1-2024-F,F,2,27.3
W2401433,W2300858,F1-2024-F,F,2,26.7
M2401434,W2300872,F1-2024-M,M,1,28.7
W2401435,W2300874,F1-2024-F,F,2,25.4
W2401436,W2300874,F1-2024-F,F,2,26.8
W2401437,W2300884,F2-2024-F,F,2,26.2
W2401438,W2300884,F2-2024-F,F,2,28.0
M2401439,W2300886,F1-2024-M,M,3,25.6
W2401440,W2300886,F1-2024-F,F,3,28.4
M2401441,W2300886,F1-2024-M,M,3,29.4
M2401442,W2300894,F1-2024-M,M,2,28.5
M2401443,W2300894,F1-2024-M,M,2,26.2
W2401444,W2300895,F2-2024-F,F,2,31.0
M2401445,W2300895,F2-2024-M,M,2,34.5
M2401446,W2300896,F2-2024-M,M,1,35.6
W2401447,W2300901,F1-2024-F,F,1,26.5
W2401448,W2300909,F2-2024-F,F,2,24.8
M2401449,W2300909,F2-2024-M,M,2,31.3
W2401450,W2300913,F1-2024-F,F,2,23.2
M2401451,W2300913,F1-2024-M,M,2,22.4
M2401452,W2300919,F1-2024-M,M,1,27.5
M2401453,W2300923,F2-2024-M,M,2,25.7
W2401454,W2300923,F2-2024-F,F,2,24.9
W2401455,W2300926,F2-2024-F,F,2,30.0
W2401456,W2300926,F2-2024-F,F,2,30.2
M2401457,W2300930,F1-2024-M,M,1,29.5
W2401458,W2300931,F2-2024-F,F,1,38.2
W2401459,W2300933,F1-2024-F,F,3,22.1
W2401460,W2300933,F1-2024-F,F,3,24.2
W2401461,W2300933,F1-2024-F,F,3,25.6
W2401462,W2300937,F2-2024-F,F,1,26.5
W2401463,W2300956,F1-2024-F,F,1,31.4
W2401464,W2300965,F2-2024-F,F,2,30.5
W2401465,W2300965,F2-2024-F,F,2,25.7
W2401466,W2300976,F2-2024-F,F,1,32.3
W2401467,W2300980,F2-2024-F,F,1,32.5
M2401468,W2300985,F1-2024-M,M,2,27.9
W2401469,W2300985,F1-2024-F,F,2,26.2
W2401470,W2300987,F2-2024-F,F,2,27.6
M2401471,W2300987,F2-2024-M,M,2,38.2
M2401472,W2300993,F2-2024-M,M,3,30.9
W2401473,W2300993,F2-2024-F,F,3,30.9
M2401474,W2300993,F2-2024-M,M,3,33.7
W2401475,W2300998,F1-2024-F,F,1,26.3
W2401476,W2300999,F1-2024-F,F,1,25.2
W2401477,W2301002,F2-2024-F,F,1,26.7
W2401478,W2301011,F1-2024-F,F,1,24.0
M2401479,W2301012,F1-2024-M,M,1,26.1
M2401480,W2301015,F1-2024-M,M,2,27.1
M2401481,W2301015,F1-2024-M,M,2,29.4
W2401482,W2301022,F1-2024-F,F,2,27.6
W2401483,W2301022,F1-2024-F,F,2,19.7
M2401484,W2301027,F2-2024-M,M,1,27.9
M2401485,W2301028,F2-2024-M,M,2,32.1
M2401486,W2301028,F2-2024-M,M,2,35.9
M2401487,W2301030,F2-2024-M,M,1,31.5
M2401488,W2301041,F1-2024-M,M,3,23.0
W2401489,W2301041,F1-2024-F,F,3,25.4
W2401490,W2301041,F1-2024-F,F,3,26.1
W2401491,W2301043,F2-2024-F,F,1,32.8
W2401492,W2301046,F1-2024-F,F,1,23.6
W2401493,W2301052,F2-2024-F,F,1,41.8
W2501494,E0002,F2-2025-F,F,2,37.3
M2501495,E0002,F2-2025-M,M,2,38.9
W2501496,E0004,F2-2025-F,F,2,26.3
W2501497,E0004,F2-2025-F,F,2,38.0
M2501498,E0010,F2-2025-M,M,2,43.4
M2501499,E0010,F2-2025-M,M,2,41.3
M2501500,E0014,F2-2025-M,M,1,36.8
W2501501,E0016,F2-2025-F,F,1,38.0
M2501502,E0022,F2-2025-M,M,1,38.1
M2501503,E0024,F2-2025-M,M,1,36.2
W2501504,E0026,F2-2025-F,F,2,30.4
M2501505,E0026,F2-2025-M,M,2,32.6
M2501506,E0028,F2-2025-M,M,1,36.5
W2501507,E0030,F2-2025-F,F,1,38.5
W2501508,E0036,F2-2025-F,F,1,35.2
M2501509,E0042,F2-2025-M,M,3,32.3
M2501510,E0042,F2-2025-M,M,3,41.4
M2501511,E0042,F2-2025-M,M,3,37.7
M2501512,E0048,F2-2025-M,M,1,40.5
W2501513,E0050,F2-2025-F,F,2,32.1
M2501514,E0050,F2-2025-M,M,2,33.2
W2501515,E0062,F2-2025-F,F,2,32.8
W2501516,E0062,F2-2025-F,F,2,40.5
W2501517,E0066,F2-2025-F,F,2,31.2
W2501518,E0066,F2-2025-F,F,2,31.5
W2501519,E0070,F2-2025-F,F,1,31.8
W2501520,E0074,F2-2025-F,F,1,29.8
M2501521,E0078,F2-2025-M,M,2,35.6
M2501522,E0078,F2-2025-M,M,2,36.2
M2501523,E0084,F2-2025-M,M,2,39.0
M2501524,E0084,F2-2025-M,M,2,35.7
M2501525,E0088,F2-2025-M,M,2,38.8
M2501526,E0088,F2-2025-M,M,2,36.4
M2501527,E0092,F2-2025-M,M,2,36.9
W2501528,E0092,F2-2025-F,F,2,27.9
M2501529,E0096,F2-2025-M,M,1,44.2
W2501530,E0098,F2-2025-F,F,1,33.1
M2501531,E0100,F2-2025-M,M,1,35.1
M2501532,E0102,F2-2025-M,M,1,41.8
W2501533,E0104,F2-2025-F,F,2,37.3
M2501534,E0104,F2-2025-M,M,2,40.4
M2501535,E0106,F2-2025-M,M,1,39.9
M2501536,E0110,F2-2025-M,M,1,36.4
W2501537,E0114,F2-2025-F,F,2,25.7
W2501538,E0114,F2-2025-F,F,2,35.1
M2501539,E0118,F2-2025-M,M,1,38.2
M2501540,E0120,F2-2025-M,M,2,37.0
W2501541,E0120,F2-2025-F,F,2,35.2
W2501542,E0122,F2-2025-F,F,1,30.1
M2501543,E0124,F2-2025-M,M,1,37.4
M2501544,E0126,F2-2025-M,M,2,35.7
W2501545,E0126,F2-2025-F,F,2,36.8
W2501546,E0132,F2-2025-F,F,1,39.9
W2501547,E0142,F2-2025-F,F,2,42.0
M2501548,E0142,F2-2025-M,M,2,43.7
M2501549,E0146,F2-2025-M,M,1,35.1
M2501550,E0148,F2-2025-M,M,1,36.9
W2501551,E0156,F2-2025-F,F,1,30.8
M2501552,E0158,F2-2025-M,M,2,34.4
M2501553,E0158,F2-2025-M,M,2,35.3
W2501554,E0164,F2-2025-F,F,2,29.6
M2501555,E0164,F2-2025-M,M,2,34.5
M2501556,E0170,F2-2025-M,M,3,32.8
M2501557,E0170,F2-2025-M,M,3,34.8
M2501558,E0170,F2-2025-M,M,3,32.3
W2501559,E0172,F2-2025-F,F,1,46.3
M2501560,E0174,F2-2025-M,M,2,37.6
W2501561,E0174,F2-2025-F,F,2,35.1
W2501562,E0178,F2-2025-F,F,2,32.7
W2501563,E0178,F2-2025-F,F,2,33.6
M2501564,E0182,F2-2025-M,M,1,46.8
M2501565,E0186,F2-2025-M,M,1,40.3
W2501566,E0188,F2-2025-F,F,2,27.3
M2501567,E0188,F2-2025-M,M,2,30.2
M2501568,E0190,F2-2025-M,M,2,39.9
W2501569,E0190,F2-2025-F,F,2,36.7
W2501570,E0194,F2-2025-F,F,2,39.8
M2501571,E0194,F2-2025-M,M,2,41.8
W2501572,E0200,F2-2025-F,F,2,26.9
M2501573,E0200,F2-2025-M,M,2,33.0
M2501574,W2100003,F2-2025-M,M,1,35.1
W2501575,W2100022,F1-2025-F,F,1,27.2
M2501576,W2100030,F2-2025-M,M,3,36.0
M2501577,W2100030,F2-2025-M,M,3,36.4
W2501578,W2100030,F2-2025-F,F,3,26.9
M2501579,W2100031,F1-2025-M,M,2,29.2
M2501580,W2100031,F1-2025-M,M,2,31.7
W2501581,W2100034,F1-2025-F,F,2,26.7
W2501582,W2100034,F1-2025-F,F,2,22.2
W2501583,W2100036,F1-2025-F,F,2,19.6
M2501584,W2100036,F1-2025-M,M,2,24.4
M2501585,W2100038,F1-2025-M,M,1,35.2
W2501586,W2100059,F2-2025-F,F,2,37.1
W2501587,W2100059,F2-2025-F,F,2,32.8
M2501588,W2100064,F2-2025-M,M,2,32.5
W2501589,W2100064,F2-2025-F,F,2,35.0
M2501590,W2100071,F2-2025-M,M,2,37.1
W2501591,W2100071,F2-2025-F,F,2,35.7
W2501592,W2100074,F2-2025-F,F,1,28.1
W2501593,W2100079,F1-2025-F,F,1,23.8
M2501594,W2100090,F1-2025-M,M,1,37.6
M2501595,W2100100,F2-2025-M,M,1,35.8
M2501596,W2100105,F1-2025-M,M,1,27.6
M2501597,W2100110,F1-2025-M,M,1,27.2
W2501598,W2100115,F2-2025-F,F,1,30.9
W2501599,W2100122,F1-2025-F,F,2,27.9
M2501600,W2100122,F1-2025-M,M,2,28.9
M2501601,W2100141,F2-2025-M,M,1,34.2
M2501602,W2100148,F1-2025-M,M,2,27.6
M2501603,W2100148,F1-2025-M,M,2,29.1
W2501604,W2100165,F2-2025-F,F,2,37.0
M2501605,W2100165,F2-2025-M,M,2,41.4
M2501606,W2100173,F1-2025-M,M,1,31.9
M2501607,W2100178,F2-2025-M,M,1,43.0
M2501608,W2100201,F1-2025-M,M,2,31.8
M2501609,W2100201,F1-2025-M,M,2,26.8
W2501610,W2100205,F2-2025-F,F,2,28.6
W2501611,W2100205,F2-2025-F,F,2,33.5
M2501612,W2100214,F1-2025-M,M,3,25.6
M2501613,W2100214,F1-2025-M,M,3,22.9
W2501614,W2100214,F1-2025-F,F,3,15.6
W2501615,W2100230,F2-2025-F,F,1,37.1
W2501616,W2100237,F1-2025-F,F,2,21.7
M2501617,W2100237,F1-2025-M,M,2,22.4
M2501618,W2100256,F2-2025-M,M,2,40.5
M2501619,W2100256,F2-2025-M,M,2,36.0
W2501620,W2100279,F2-2025-F,F,1,34.8
M2501621,W2200295,F2-2025-M,M,3,37.3
W2501622,W2200295,F2-2025-F,F,3,28.9
M2501623,W2200295,F2-2025-M,M,3,38.3
W2501624,W2200296,F1-2025-F,F,1,23.3
M2501625,W2200297,F2-2025-M,M,1,40.9
W2501626,W2200299,F2-2025-F,F,2,32.8
W2501627,W2200299,F2-2025-F,F,2,31.3
W2501628,W2200314,F1-2025-F,F,1,26.5
W2501629,W2200327,F2-2025-F,F,1,36.7
M2501630,W2200329,F1-2025-M,M,2,33.6
W2501631,W2200329,F1-2025-F,F,2,25.3
M2501632,W2200346,F1-2025-M,M,3,28.2
M2501633,W2200346,F1-2025-M,M,3,31.6
W2501634,W2200346,F1-2025-F,F,3,19.4
W2501635,W2200349,F2-2025-F,F,2,35.5
M2501636,W2200349,F2-2025-M,M,2,32.1
W2501637,W2200353,F1-2025-F,F,1,30.3
W2501638,W2200362,F2-2025-F,F,2,34.4
W2501639,W2200362,F2-2025-F,F,2,32.2
W2501640,W2200369,F1-2025-F,F,2,30.3
W2501641,W2200369,F1-2025-F,F,2,21.9
M2501642,W2200375,F2-2025-M,M,1,37.1
W2501643,W2200388,F2-2025-F,F,1,41.0
W2501644,W2200395,F2-2025-F,F,1,36.3
M2501645,W2200397,F2-2025-M,M,1,40.1
M2501646,W2200400,F2-2025-M,M,1,41.6
W2501647,W2200402,F2-2025-F,F,1,37.8
M2501648,W2200406,F1-2025-M,M,1,37.1
W2501649,W2200410,F1-2025-F,F,2,29.5
M2501650,W2200410,F1-2025-M,M,2,32.0
M2501651,W2200411,F1-2025-M,M,2,33.0
M2501652,W2200411,F1-2025-M,M,2,32.9
M2501653,W2200413,F2-2025-M,M,2,35.9
M2501654,W2200413,F2-2025-M,M,2,37.1
W2501655,W2200415,F1-2025-F,F,2,22.4
M2501656,W2200415,F1-2025-M,M,2,22.9
M2501657,W2200425,F2-2025-M,M,1,32.4
W2501658,W2200437,F1-2025-F,F,1,15.7
W2501659,W2200438,F2-2025-F,F,1,41.7
M2501660,W2200440,F1-2025-M,M,2,22.3
W2501661,W2200440,F1-2025-F,F,2,25.7
M2501662,W2200448,F1-2025-M,M,1,25.7
W2501663,W2200451,F2-2025-F,F,2,33.2
W2501664,W2200451,F2-2025-F,F,2,33.0
W2501665,W2200458,F2-2025-F,F,2,31.2
W2501666,W2200458,F2-2025-F,F,2,32.2
W2501667,W2200469,F2-2025-F,F,1,32.5
M2501668,W2200496,F2-2025-M,M,1,39.5
M2501669,W2200502,F1-2025-M,M,1,30.5
W2501670,W2200511,F1-2025-F,F,3,21.1
W2501671,W2200511,F1-2025-F,F,3,20.6
M2501672,W2200511,F1-2025-M,M,3,27.8
M2501673,W2200520,F2-2025-M,M,2,37.4
M2501674,W2200520,F2-2025-M,M,2,40.5
W2501675,W2200526,F2-2025-F,F,2,40.1
M2501676,W2200526,F2-2025-M,M,2,29.8
M2501677,W2200538,F2-2025-M,M,1,34.5
M2501678,W2200544,F2-2025-M,M,2,38.8
W2501679,W2200544,F2-2025-F,F,2,39.7
W2501680,W2200549,F1-2025-F,F,3,14.1
M2501681,W2200549,F1-2025-M,M,3,26.2
M2501682,W2200549,F1-2025-M,M,3,21.0
W2501683,W2200561,F1-2025-F,F,2,20.0
W2501684,W2200561,F1-2025-F,F,2,19.5
W2501685,W2200568,F2-2025-F,F,1,39.3
M2501686,W2200569,F1-2025-M,M,3,21.6
M2501687,W2200569,F1-2025-M,M,3,28.8
M2501688,W2200569,F1-2025-M,M,3,22.7
M2501689,W2200574,F2-2025-M,M,1,40.2
M2501690,W2200579,F2-2025-M,M,2,36.0
M2501691,W2200579,F2-2025-M,M,2,34.1
W2501692,W2200595,F1-2025-F,F,1,28.4
W2501693,W2200605,F1-2025-F,F,2,12.1
M2501694,W2200605,F1-2025-M,M,2,26.5
W2501695,W2200640,F2-2025-F,F,2,38.6
M2501696,W2200640,F2-2025-M,M,2,34.1
M2501697,W2300661,F1-2025-M,M,3,27.6
M2501698,W2300661,F1-2025-M,M,3,29.0
M2501699,W2300661,F1-2025-M,M,3,28.5
W2501700,W2300674,F2-2025-F,F,1,29.1
W2501701,W2300679,F2-2025-F,F,2,39.4
W2501702,W2300679,F2-2025-F,F,2,29.6
W2501703,W2300682,F1-2025-F,F,1,23.1
W2501704,W2300684,F2-2025-F,F,1,33.5
M2501705,W2300705,F1-2025-M,M,1,31.3
M2501706,W2300738,F2-2025-M,M,1,36.5
W2501707,W2300739,F1-2025-F,F,3,26.7
W2501708,W2300739,F1-2025-F,F,3,22.9
M2501709,W2300739,F1-2025-M,M,3,27.8
W2501710,W2300741,F1-2025-F,F,2,31.5
W2501711,W2300741,F1-2025-F,F,2,24.7
M2501712,W2300742,F2-2025-M,M,2,31.9
M2501713,W2300742,F2-2025-M,M,2,42.0
M2501714,W2300749,F2-2025-M,M,1,32.4
W2501715,W2300765,F2-2025-F,F,3,32.2
M2501716,W2300765,F2-2025-M,M,3,35.8
M2501717,W2300765,F2-2025-M,M,3,35.3
M2501718,W2300778,F1-2025-M,M,2,24.4
W2501719,W2300778,F1-2025-F,F,2,18.4
M2501720,W2300786,F2-2025-M,M,1,37.0
W2501721,W2300788,F1-2025-F,F,3,17.0
W2501722,W2300788,F1-2025-F,F,3,13.2
W2501723,W2300788,F1-2025-F,F,3,19.8
W2501724,W2300790,F2-2025-F,F,1,27.3
W2501725,W2300791,F2-2025-F,F,2,34.1
W2501726,W2300791,F2-2025-F,F,2,29.0
M2501727,W2300801,F2-2025-M,M,1,37.3
M2501728,W2300802,F2-2025-M,M,1,41.0
M2501729,W2300807,F2-2025-M,M,2,38.4
W2501730,W2300807,F2-2025-F,F,2,29.0
W2501731,W2300813,F2-2025-F,F,2,27.7
W2501732,W2300813,F2-2025-F,F,2,32.8
M2501733,W2300830,F2-2025-M,M,3,32.5
W2501734,W2300830,F2-2025-F,F,3,27.4
W2501735,W2300830,F2-2025-F,F,3,30.7
W2501736,W2300831,F2-2025-F,F,3,28.0
M2501737,W2300831,F2-2025-M,M,3,27.3
W2501738,W2300831,F2-2025-F,F,3,23.2
M2501739,W2300843,F2-2025-M,M,1,38.8
M2501740,W2300858,F1-2025-M,M,2,28.9
M2501741,W2300858,F1-2025-M,M,2,29.2
W2501742,W2300872,F1-2025-F,F,1,32.6
M2501743,W2300874,F1-2025-M,M,2,26.1
M2501744,W2300874,F1-2025-M,M,2,22.0
W2501745,W2300886,F1-2025-F,F,1,25.8
M2501746,W2300894,F1-2025-M,M,2,32.7
W2501747,W2300894,F1-2025-F,F,2,23.0
W2501748,W2300895,F2-2025-F,F,2,35.7
W2501749,W2300895,F2-2025-F,F,2,35.7
M2501750,W2300896,F2-2025-M,M,1,37.4
W2501751,W2300901,F1-2025-F,F,1,22.1
W2501752,W2300919,F1-2025-F,F,1,25.3
W2501753,W2300923,F2-2025-F,F,1,25.2
W2501754,W2300926,F2-2025-F,F,1,38.1
M2501755,W2300931,F2-2025-M,M,1,40.3
W2501756,W2300933,F1-2025-F,F,2,21.0
M2501757,W2300933,F1-2025-M,M,2,27.1
W2501758,W2300965,F2-2025-F,F,1,41.5
M2501759,W2300976,F2-2025-M,M,1,40.6
W2501760,W2300980,F2-2025-F,F,1,38.0
M2501761,W2300985,F1-2025-M,M,1,30.3
M2501762,W2300987,F2-2025-M,M,1,37.8
M2501763,W2300993,F2-2025-M,M,2,44.9
M2501764,W2300993,F2-2025-M,M,2,39.7
W2501765,W2300998,F1-2025-F,F,1,26.5
M2501766,W2300999,F1-2025-M,M,2,27.2
M2501767,W2300999,F1-2025-M,M,2,29.4
M2501768,W2301011,F1-2025-M,M,2,23.2
M2501769,W2301011,F1-2025-M,M,2,24.1
W2501770,W2301012,F1-2025-F,F,2,20.6
M2501771,W2301012,F1-2025-M,M,2,19.9
M2501772,W2301015,F1-2025-M,M,2,28.3
M2501773,W2301015,F1-2025-M,M,2,30.4
W2501774,W2301022,F1-2025-F,F,2,25.0
W2501775,W2301022,F1-2025-F,F,2,25.3
M2501776,W2301027,F2-2025-M,M,2,32.4
M2501777,W2301027,F2-2025-M,M,2,45.9
M2501778,W2301028,F2-2025-M,M,1,35.6
M2501779,W2301030,F2-2025-M,M,1,37.7
W2501780,W2301043,F2-2025-F,F,1,29.6
W2501781,W2301046,F1-2025-F,F,1,21.1
M2501782,W2301052,F2-2025-M,M,1,40.1
W2501783,W2401067,F2-2025-F,F,2,35.8
W2501784,W2401067,F2-2025-F,F,2,32.4
M2501785,W2401070,F2-2025-M,M,2,37.5
W2501786,W2401070,F2-2025-F,F,2,30.9
M2501787,W2401072,F2-2025-M,M,1,43.2
W2501788,W2401074,F2-2025-F,F,1,32.4
M2501789,W2401079,F2-2025-M,M,1,39.7
M2501790,W2401086,F1-2025-M,M,1,26.9
W2501791,W2401090,F1-2025-F,F,1,23.4
W2501792,W2401095,F1-2025-F,F,2,21.3
W2501793,W2401095,F1-2025-F,F,2,29.1
W2501794,W2401097,F2-2025-F,F,2,31.0
M2501795,W2401097,F2-2025-M,M,2,33.1
M2501796,W2401101,F1-2025-M,M,2,28.5
M2501797,W2401101,F1-2025-M,M,2,21.5
W2501798,W2401103,F2-2025-F,F,1,32.8
M2501799,W2401128,F1-2025-M,M,1,33.4
W2501800,W2401131,F1-2025-F,F,1,25.4
W2501801,W2401133,F2-2025-F,F,1,36.7
M2501802,W2401141,F1-2025-M,M,1,30.4
W2501803,W2401145,F2-2025-F,F,3,29.1
W2501804,W2401145,F2-2025-F,F,3,36.6
W2501805,W2401145,F2-2025-F,F,3,39.2
M2501806,W2401155,F1-2025-M,M,2,30.6
W2501807,W2401155,F1-2025-F,F,2,23.6
W2501808,W2401159,F2-2025-F,F,2,30.8
W2501809,W2401159,F2-2025-F,F,2,30.9
M2501810,W2401167,F1-2025-M,M,1,33.2
W2501811,W2401169,F2-2025-F,F,1,39.4
M2501812,W2401172,F1-2025-M,M,2,23.0
W2501813,W2401172,F1-2025-F,F,2,22.0
W2501814,W2401178,F2-2025-F,F,2,33.9
M2501815,W2401178,F2-2025-M,M,2,45.6
M2501816,W2401179,F1-2025-M,M,3,29.0
M2501817,W2401179,F1-2025-M,M,3,32.6
W2501818,W2401179,F1-2025-F,F,3,23.8
W2501819,W2401188,F1-2025-F,F,2,27.5
M2501820,W2401188,F1-2025-M,M,2,30.4
M2501821,W2401221,F1-2025-M,M,2,28.4
M2501822,W2401221,F1-2025-M,M,2,31.9
M2501823,W2401222,F2-2025-M,M,1,44.3
M2501824,W2401236,F1-2025-M,M,1,29.2
M2501825,W2401238,F1-2025-M,M,2,24.0
W2501826,W2401238,F1-2025-F,F,2,20.0
W2501827,W2401244,F1-2025-F,F,3,22.3
M2501828,W2401244,F1-2025-M,M,3,28.6
W2501829,W2401244,F1-2025-F,F,3,26.6
M2501830,W2401247,F1-2025-M,M,1,23.1
W2501831,W2401253,F2-2025-F,F,1,38.6
M2501832,W2401259,F1-2025-M,M,1,31.5
M2501833,W2401262,F2-2025-M,M,1,37.8
M2501834,W2401268,F2-2025-M,M,1,34.7
W2501835,W2401269,F1-2025-F,F,1,26.4
W2501836,W2401278,F1-2025-F,F,3,21.3
W2501837,W2401278,F1-2025-F,F,3,29.4
W2501838,W2401278,F1-2025-F,F,3,18.1
M2501839,W2401280,F2-2025-M,M,2,36.4
M2501840,W2401280,F2-2025-M,M,2,34.4
M2501841,W2401283,F2-2025-M,M,2,39.1
W2501842,W2401283,F2-2025-F,F,2,35.2
W2501843,W2401285,F1-2025-F,F,1,23.2
M2501844,W2401288,F1-2025-M,M,2,29.4
W2501845,W2401288,F1-2025-F,F,2,28.4
W2501846,W2401291,F2-2025-F,F,2,34.2
M2501847,W2401291,F2-2025-M,M,2,35.5
M2501848,W2401301,F2-2025-M,M,1,35.6
W2501849,W2401302,F2-2025-F,F,2,31.3
W2501850,W2401302,F2-2025-F,F,2,32.0
W2501851,W2401313,F2-2025-F,F,2,33.1
W2501852,W2401313,F2-2025-F,F,2,31.9
W2501853,W2401314,F1-2025-F,F,2,29.0
M2501854,W2401314,F1-2025-M,M,2,41.1
M2501855,W2401316,F1-2025-M,M,2,31.6
M2501856,W2401316,F1-2025-M,M,2,28.9
W2501857,W2401328,F2-2025-F,F,1,37.6
M2501858,W2401335,F1-2025-M,M,3,29.8
W2501859,W2401335,F1-2025-F,F,3,28.2
M2501860,W2401335,F1-2025-M,M,3,29.8
W2501861,W2401337,F1-2025-F,F,1,25.6
W2501862,W2401339,F2-2025-F,F,1,40.3
M2501863,W2401344,F2-2025-M,M,1,39.8
M2501864,W2401345,F1-2025-M,M,1,26.8
W2501865,W2401371,F1-2025-F,F,1,20.6
M2501866,W2401384,F1-2025-M,M,2,25.3
W2501867,W2401384,F1-2025-F,F,2,26.0
W2501868,W2401392,F1-2025-F,F,2,27.5
M2501869,W2401392,F1-2025-M,M,2,28.3
W2501870,W2401397,F1-2025-F,F,2,30.0
W2501871,W2401397,F1-2025-F,F,2,28.4
M2501872,W2401410,F2-2025-M,M,2,37.4
W2501873,W2401410,F2-2025-F,F,2,35.2
M2501874,W2401414,F1-2025-M,M,1,31.3
M2501875,W2401415,F1-2025-M,M,2,28.5
M2501876,W2401415,F1-2025-M,M,2,27.6
W2501877,W2401418,F2-2025-F,F,2,31.3
M2501878,W2401418,F2-2025-M,M,2,35.2
W2501879,W2401419,F2-2025-F,F,1,29.7
M2501880,W2401423,F2-2025-M,M,2,33.7
W2501881,W2401423,F2-2025-F,F,2,33.8
W2501882,W2401424,F2-2025-F,F,1,34.6
W2501883,W2401428,F2-2025-F,F,1,39.0
W2501884,W2401429,F2-2025-F,F,1,33.3
W2501885,W2401438,F2-2025-F,F,3,32.6
M2501886,W2401438,F2-2025-M,M,3,31.2
W2501887,W2401438,F2-2025-F,F,3,29.9
M2501888,W2401454,F2-2025-M,M,2,38.8
W2501889,W2401454,F2-2025-F,F,2,32.7
W2501890,W2401458,F2-2025-F,F,1,35.6
M2501891,W2401466,F2-2025-M,M,1,40.3
M2501892,W2401469,F1-2025-M,M,2,25.8
W2501893,W2401469,F1-2025-F,F,2,21.2
W2501894,W2401478,F1-2025-F,F,1,25.6
W2501895,W2401489,F1-2025-F,F,2,23.1
W2501896,W2401489,F1-2025-F,F,2,27.5
