id,tbv_lwt,tbv_bcs
R0001,-0.219787,0.126765
R0002,-1.243656,-0.066091
R0003,2.493159,0.105518
R0004,0.571288,0.414846
R0005,3.542158,0.059746
R0006,-0.556197,0.108880
R0007,-0.900931,-0.005927
R0008,0.812214,0.057998
R0009,4.135778,0.372251
R0010,3.033643,0.436724
R0011,3.538206,0.153258
R0012,0.551644,0.062261
E0001,2.606710,0.020911
E0002,-2.986801,-0.153489
E0003,0.113415,0.252563
E0004,2.111837,0.247448
E0005,5.072856,0.442377
E0006,4.280921,0.128821
E0007,1.066758,-0.033700
E0008,2.354637,-0.031841
E0009,1.297927,0.373935
E0010,4.914697,0.416170
E0011,2.691725,0.114986
E0012,-0.471871,-0.302829
E0013,3.027185,0.447043
E0014,1.438681,-0.367943
E0015,-2.426266,-0.047299
E0016,2.449419,0.223730
E0017,-2.706870,-0.423438
E0018,-0.638549,-0.051854
E0019,2.643972,0.455409
E0020,1.674537,0.218795
E0021,0.983079,0.218221
E0022,-0.846254,-0.002853
E0023,1.657489,-0.001527
E0024,-1.522189,0.130599
E0025,-2.642957,-0.250995
E0026,-0.208711,-0.134606
E0027,-0.891687,-0.075599
E0028,0.375671,-0.084425
E0029,1.964019,0.296269
E0030,0.788148,-0.018056
E0031,4.541799,0.223961
E0032,-1.379540,-0.024463
E0033,2.092743,0.055960
E0034,1.496493,-0.259910
E0035,-1.485991,-0.067495
E0036,-2.757105,-0.421074
E0037,-1.406163,-0.066177
E0038,0.218334,-0.158574
E0039,-1.384424,-0.053952
E0040,0.800084,-0.158228
E0041,-2.583271,-0.481039
E0042,-0.407202,0.095858
E0043,-0.369292,0.183929
E0044,-2.685181,0.207387
E0045,-0.453227,0.022565
E0046,-1.501935,-0.178902
E0047,1.320180,0.477217
E0048,-2.842990,-0.173126
E0049,0.736426,-0.077573
E0050,-0.959332,-0.090502
E0051,-2.256076,0.022886
E0052,0.327586,0.011951
E0053,-0.173292,-0.076951
E0054,-1.637051,-0.260861
E0055,-2.658142,-0.327245
E0056,1.452960,0.314919
E0057,0.387400,0.363544
E0058,0.308788,0.064905
E0059,0.964728,0.145377
E0060,2.365464,-0.036653
E0061,-0.318234,-0.257372
E0062,2.911978,0.112611
E0063,2.126120,0.066619
E0064,0.000915,0.146175
E0065,-1.647584,-0.057569
E0066,-1.721187,-0.361459
E0067,-1.332096,0.062410
E0068,-0.961943,-0.104319
E0069,-3.417745,-0.173460
E0070,0.825643,-0.054913
E0071,2.108260,0.214990
E0072,0.708185,-0.123342
E0073,-0.731927,0.075973
E0074,1.633781,0.045269
E0075,0.510806,-0.173926
E0076,-3.731279,-0.317626
E0077,-1.605595,-0.434057
E0078,2.417339,0.044040
E0079,5.463289,0.299948
E0080,-1.381322,-0.133305
E0081,1.886409,-0.081564
E0082,0.354328,0.001887
E0083,-1.786582,-0.442735
E0084,2.224322,-0.148312
E0085,0.786466,0.441717
E0086,-0.023450,0.065242
E0087,-2.061975,-0.313666
E0088,1.051493,-0.375317
E0089,-0.202687,-0.305428
E0090,-0.186096,0.052906
E0091,0.772322,-0.127526
E0092,4.479010,0.562380
E0093,-1.244961,-0.379695
E0094,0.048137,0.090197
E0095,-0.088809,0.047391
E0096,-1.271180,-0.014258
E0097,-3.355030,-0.311443
E0098,-3.974471,-0.255303
E0099,-1.031374,0.012615
E0100,1.868714,0.141028
E0101,-0.720243,-0.279525
E0102,-1.508856,-0.173380
E0103,1.239534,-0.031655
E0104,0.515277,0.348585
E0105,-0.642408,-0.049854
E0106,1.787448,0.281361
E0107,-0.259665,-0.070060
E0108,-1.060858,-0.574619
E0109,-1.167927,-0.300938
E0110,-1.904425,-0.052338
E0111,-1.710300,-0.132054
E0112,0.088061,0.012290
E0113,1.064919,-0.033819
E0114,-2.241999,-0.167845
E0115,-0.301778,0.153194
E0116,-2.049579,-0.209904
E0117,-1.166883,-0.277611
E0118,-2.030630,-0.145689
E0119,1.184323,0.276846
E0120,0.524267,0.455919
E0121,1.437562,-0.199336
E0122,1.024950,0.311178
E0123,1.518994,0.380439
E0124,2.477791,0.081033
E0125,1.119149,0.010313
E0126,0.292017,-0.023421
E0127,-0.767068,-0.189968
E0128,0.264672,0.231072
E0129,-0.152490,0.024812
E0130,-1.765031,-0.110192
E0131,-1.343770,-0.355950
E0132,-2.072030,-0.383463
E0133,2.015845,0.071905
E0134,-0.948784,-0.060401
E0135,-3.431098,-0.320991
E0136,-2.172460,0.076506
E0137,0.368152,-0.118747
E0138,3.202819,0.312233
E0139,1.669255,0.131486
E0140,-0.015149,0.004480
E0141,-0.982899,-0.311631
E0142,-2.144875,-0.324996
E0143,-1.475675,-0.319580
E0144,-1.436533,-0.028261
E0145,1.908251,0.296582
E0146,-0.947691,-0.187891
E0147,1.580090,0.238500
E0148,1.198471,0.124526
E0149,-2.325916,-0.105060
E0150,5.185992,0.467489
E0151,2.653766,0.106231
E0152,2.358825,-0.054423
E0153,-0.115795,-0.169144
E0154,1.526943,-0.155626
E0155,1.491225,0.477959
E0156,-0.590000,0.088215
E0157,-0.719304,-0.409207
E0158,-2.302822,-0.046377
E0159,4.747278,0.465654
E0160,1.588397,0.171038
E0161,-1.495112,-0.180152
E0162,-1.477890,-0.314630
E0163,0.865570,-0.300931
E0164,2.050355,0.294773
E0165,0.420031,-0.109591
E0166,4.163691,0.259815
E0167,2.217043,0.346338
E0168,0.215338,0.024689
E0169,-4.335867,-0.556167
E0170,3.309287,0.136290
E0171,-3.125212,-0.326722
E0172,-4.816608,-0.904067
E0173,-0.879305,-0.012568
E0174,1.775082,-0.207484
E0175,-0.008063,-0.492597
E0176,0.833758,0.057885
E0177,-3.299573,-0.248320
E0178,0.176652,-0.125915
E0179,3.133084,0.600270
E0180,-0.302866,-0.352851
E0181,2.502196,-0.163344
E0182,-1.188929,-0.036794
E0183,1.038601,0.526176
E0184,0.252638,0.360401
E0185,2.774901,0.409530
E0186,-1.903489,-0.188507
E0187,3.853980,0.193440
E0188,-0.425480,-0.048803
E0189,-0.675188,0.241001
E0190,0.152565,-0.041841
E0191,-1.687645,0.036611
E0192,-0.272163,0.069673
E0193,-2.467054,-0.553352
E0194,-2.978836,-0.216295
E0195,-1.361007,-0.057769
E0196,2.598911,0.494400
E0197,-2.734336,-0.582298
E0198,-3.216941,-0.511867
E0199,1.284437,-0.129279
E0200,-1.392121,-0.479035
M2100001,2.528286,0.249341
M2100002,2.677238,0.151892
W2100003,0.265324,0.135861
W2100004,1.148902,0.078692
M2100005,0.378089,0.183185
M2100006,1.197713,0.380985
M2100007,3.938310,0.385254
W2100008,3.068918,0.298719
M2100009,2.583192,0.363215
W2100010,-0.796367,-0.265813
M2100011,1.784653,0.307668
W2100012,0.376689,-0.076669
M2100013,-0.665620,-0.095356
W2100014,3.442804,0.546858
M2100015,-0.665772,0.141524
M2100016,-2.601924,-0.167048
M2100017,-2.583884,-0.111072
M2100018,0.698988,0.156487
M2100019,5.402263,0.553823
W2100020,4.901501,0.237782
M2100021,-0.494870,-0.516947
W2100022,0.036639,0.200083
M2100023,-1.079408,-0.001355
W2100024,1.614194,0.329558
W2100025,-1.191127,0.145409
W2100026,-0.212967,-0.078963
W2100027,0.172723,0.067642
M2100028,1.243580,0.432625
M2100029,2.032443,0.470298
W2100030,-1.068774,0.013129
W2100031,-0.942090,0.079850
M2100032,-1.986490,-0.314716
M2100033,-2.101637,-0.186972
W2100034,1.247914,0.067659
M2100035,1.236770,0.422412
W2100036,-2.724984,-0.085932
W2100037,0.842839,0.052155
W2100038,4.189982,0.286363
M2100039,0.590900,-0.107726
M2100040,-3.842152,-0.386437
M2100041,0.833387,0.006804
M2100042,-1.614615,-0.060483
W2100043,2.068073,0.090054
W2100044,3.084079,-0.073718
M2100045,2.760902,0.560661
M2100046,0.399282,-0.174963
M2100047,2.367928,-0.335064
M2100048,-2.501795,-0.304506
M2100049,-3.412431,-0.071848
W2100050,0.142750,-0.193881
W2100051,1.862212,0.106790
W2100052,-1.249264,0.011232
W2100053,-2.380773,-0.485343
M2100054,-1.451503,-0.094996
M2100055,-0.229143,-0.127658
M2100056,3.255013,0.084891
W2100057,-2.530147,-0.229086
M2100058,-0.347385,-0.021084
W2100059,1.763566,0.373832
W2100060,1.057096,0.187796
W2100061,0.675285,0.370724
W2100062,1.399181,0.424169
W2100063,4.147118,0.395429
W2100064,-0.606712,0.164116
M2100065,2.403382,0.216476
W2100066,1.160343,0.206262
M2100067,3.377852,0.632251
M2100068,-1.967045,0.185906
M2100069,-0.043714,0.069740
W2100070,4.007504,0.232491
W2100071,-3.575082,-0.042886
M2100072,1.670820,0.308837
W2100073,0.677574,0.035870
W2100074,1.323450,0.028289
M2100075,0.941468,-0.106189
M2100076,0.386783,0.144066
W2100077,-3.327609,-0.320706
W2100078,-2.279837,-0.199076
W2100079,-1.265856,-0.123634
M2100080,2.674624,0.444563
M2100081,2.305392,0.092821
M2100082,-1.724078,0.265682
M2100083,2.627086,0.227127
W2100084,2.022523,-0.060761
W2100085,4.104292,0.419463
W2100086,0.532908,-0.003133
M2100087,3.139991,-0.162129
W2100088,0.280234,-0.025320
M2100089,1.693650,0.285245
W2100090,-0.457339,0.150796
W2100091,-0.270948,0.250022
W2100092,1.490046,0.002321
W2100093,0.553957,0.125317
M2100094,1.564478,-0.225986
W2100095,1.447872,0.030260
M2100096,3.559848,0.431076
W2100097,-0.151333,0.173310
W2100098,-1.727967,-0.075141
W2100099,-0.039007,0.207394
W2100100,-1.049807,-0.085326
W2100101,2.926680,0.289453
M2100102,2.453254,-0.230363
W2100103,0.152586,-0.191221
M2100104,-2.766976,-0.001205
W2100105,-0.249990,0.217121
W2100106,-0.083458,-0.040417
W2100107,0.561248,-0.128823
W2100108,2.202577,0.125859
M2100109,-1.168224,0.087109
W2100110,1.272549,-0.164671
M2100111,2.858783,-0.213513
M2100112,0.850275,0.141749
M2100113,1.191832,0.189547
M2100114,2.702041,0.301932
W2100115,1.528051,0.322143
W2100116,0.825797,0.169111
M2100117,-3.651202,-0.166275
W2100118,2.533521,0.357926
M2100119,2.206534,0.047359
M2100120,0.757752,0.188050
W2100121,0.247436,-0.098273
W2100122,-0.219406,-0.214511
W2100123,3.270976,0.106931
M2100124,3.570191,0.352622
M2100125,1.093631,0.262532
W2100126,1.800875,0.420549
M2100127,-0.211604,-0.246789
M2100128,-0.545447,-0.149570
M2100129,1.455272,-0.110337
M2100130,1.151263,-0.120905
M2100131,2.559991,0.135999
W2100132,2.876077,-0.202965
M2100133,0.397160,-0.040826
M2100134,-1.364549,-0.217325
W2100135,2.357615,0.067373
M2100136,1.113206,0.138619
W2100137,1.884806,0.196251
M2100138,2.686379,0.199085
M2100139,1.404972,0.009692
M2100140,1.706001,0.241577
W2100141,1.793166,0.049946
W2100142,-1.617668,-0.054597
M2100143,-1.778668,0.038516
W2100144,2.197128,0.054195
M2100145,-0.163789,-0.155773
W2100146,-2.146411,-0.194123
M2100147,-1.121541,0.002927
W2100148,0.791515,0.220571
M2100149,0.882811,0.075630
M2100150,2.650875,-0.401760
W2100151,-2.309653,-0.275350
W2100152,1.408926,0.181997
M2100153,2.749750,0.161783
M2100154,-0.361818,0.169214
W2100155,-2.928535,-0.131194
M2100156,5.030022,0.158178
W2100157,0.074997,0.351922
W2100158,1.189238,0.553618
W2100159,-0.738792,0.105030
W2100160,-0.555045,-0.314859
M2100161,-2.141417,-0.394431
M2100162,-1.035242,-0.122023
M2100163,-0.936650,0.137003
M2100164,1.084543,0.037257
W2100165,0.014260,0.171018
M2100166,1.579145,0.160849
M2100167,-0.191139,0.095417
M2100168,-0.855050,-0.118619
W2100169,1.120305,-0.063948
W2100170,-1.270257,-0.159826
M2100171,4.196298,0.206951
M2100172,0.023464,-0.192892
W2100173,0.332131,0.123563
W2100174,1.356420,0.320647
M2100175,-1.816692,-0.447614
W2100176,-1.433864,0.057905
M2100177,5.002394,0.375152
W2100178,-1.681215,-0.201082
M2100179,2.402319,0.028076
W2100180,1.894904,0.327550
M2100181,1.631774,0.008639
W2100182,1.093884,-0.290191
W2100183,3.338124,0.249875
M2100184,1.034105,-0.271958
W2100185,-1.297004,0.329959
M2100186,-0.334153,0.019661
M2100187,-0.011685,0.004180
M2100188,0.756410,0.324847
M2100189,-0.006777,-0.354391
W2100190,1.507044,-0.171509
W2100191,-1.769742,-0.054988
W2100192,2.567779,0.235795
M2100193,-1.688345,-0.148316
M2100194,-1.745830,-0.209598
M2100195,-2.209434,-0.115365
M2100196,0.819226,-0.233041
M2100197,2.523367,0.367360
M2100198,-0.099997,-0.144118
M2100199,-0.259888,0.125284
W2100200,0.778201,-0.223542
W2100201,1.961663,-0.192348
W2100202,0.736231,-0.045280
M2100203,-0.923397,0.027391
M2100204,-3.581264,-0.156854
W2100205,0.001755,0.158332
W2100206,0.408924,0.169639
W2100207,0.877547,0.183505
M2100208,2.620995,0.342223
M2100209,0.984587,0.004222
M2100210,-0.586080,-0.136578
M2100211,0.003562,0.202386
M2100212,-1.556470,-0.039284
M2100213,0.872275,0.357114
W2100214,4.337740,0.244084
M2100215,2.205904,-0.015952
W2100216,0.909047,-0.079481
M2100217,0.905303,-0.050851
W2100218,-0.925742,0.080571
M2100219,1.444759,0.260832
W2100220,3.214003,0.234109
W2100221,-0.807044,0.385323
W2100222,-3.914007,-0.213880
M2100223,2.894581,-0.219061
W2100224,-2.937254,-0.149642
W2100225,5.872551,0.347334
M2100226,-0.710332,0.239042
W2100227,1.565005,0.343249
M2100228,0.537387,0.054966
W2100229,-0.065640,-0.052506
W2100230,-0.988510,-0.173864
M2100231,0.008781,-0.281412
M2100232,0.852281,0.152867
W2100233,-0.729222,0.160900
M2100234,-1.075536,-0.187134
W2100235,0.725768,0.051722
W2100236,3.698806,0.230633
W2100237,1.108844,0.223474
W2100238,2.306622,0.433722
W2100239,1.154286,0.294698
M2100240,0.504588,-0.227891
M2100241,0.429056,-0.293435
M2100242,4.488064,0.538218
W2100243,0.640867,-0.097587
M2100244,-1.812574,-0.113646
W2100245,-1.999150,-0.244150
M2100246,-1.209882,-0.295861
M2100247,-0.939680,-0.280717
M2100248,-0.431246,-0.028277
W2100249,1.287364,0.076519
W2100250,-0.127014,-0.246055
W2100251,3.951234,-0.133710
W2100252,-1.027790,-0.346242
W2100253,1.642993,0.102990
W2100254,1.208418,0.235381
M2100255,-0.426333,-0.105283
W2100256,-1.194303,0.022674
W2100257,4.034413,0.478329
W2100258,0.159284,-0.167726
W2100259,2.223274,-0.164055
M2100260,-0.763088,-0.203156
W2100261,0.191958,0.364043
W2100262,1.695277,0.468619
M2100263,3.489467,0.489617
M2100264,1.809970,0.432303
M2100265,0.070215,-0.142138
M2100266,4.996994,0.203590
M2100267,4.562753,0.477645
M2100268,2.353802,0.202779
M2100269,0.251573,-0.371879
M2100270,-1.409487,-0.323657
M2100271,3.537810,0.358070
M2100272,2.799090,0.312511
M2100273,1.034730,-0.093708
M2100274,0.853483,0.232543
W2100275,-0.204832,0.089467
W2100276,-2.026707,-0.240292
W2100277,-0.748503,-0.615497
M2100278,-0.500149,-0.021740
W2100279,1.061368,0.282044
W2100280,-1.396115,0.006556
W2100281,-3.679365,-0.183326
W2100282,0.342933,0.233174
W2100283,-1.092440,0.059829
M2100284,2.778862,0.088058
M2100285,4.193391,0.180150
M2100286,-3.084357,-0.369610
M2100287,-2.275205,-0.196923
M2100288,1.380300,-0.328721
M2100289,-0.349029,-0.065026
W2100290,-0.706555,-0.136322
W2100291,1.327267,0.261759
W2100292,1.868208,-0.082134
W2100293,-2.898131,-0.259193
M2200294,3.158961,-0.004532
W2200295,-4.048377,0.099620
W2200296,-0.746843,0.010446
W2200297,-0.757935,-0.087853
M2200298,-0.004275,-0.277400
W2200299,-0.664151,-0.320699
W2200300,4.479949,0.405954
M2200301,2.241155,0.071416
W2200302,-1.583629,-0.412203
W2200303,0.226278,-0.026139
M2200304,3.408994,0.405524
W2200305,1.837010,0.082304
M2200306,3.384355,0.396523
M2200307,4.491496,0.571039
M2200308,3.432718,0.222617
M2200309,1.691420,0.088085
W2200310,-0.343071,0.106074
W2200311,2.932481,0.087474
W2200312,0.335500,-0.116911
W2200313,4.684788,0.198155
W2200314,-1.034591,-0.226267
M2200315,-5.344821,-0.545867
W2200316,-1.871005,-0.190062
M2200317,-0.160592,0.260089
W2200318,-0.724374,-0.116081
M2200319,1.257644,0.368381
M2200320,0.689353,-0.055760
W2200321,-2.898381,-0.010702
M2200322,1.097674,0.399389
M2200323,0.905378,0.158233
M2200324,-0.901795,-0.197357
M2200325,0.405752,0.143581
M2200326,2.749957,0.170456
W2200327,0.956689,0.388947
W2200328,0.034923,-0.339490
W2200329,-5.407605,-0.590449
M2200330,-4.317059,-0.359671
W2200331,2.544407,0.178660
M2200332,2.679024,0.190164
W2200333,2.243918,0.142330
M2200334,0.826767,0.010830
M2200335,2.194640,0.060454
M2200336,-2.481070,-0.100437
M2200337,0.785405,-0.177665
W2200338,-4.298483,-0.489696
W2200339,-1.267249,-0.093149
M2200340,-2.057979,-0.142568
M2200341,1.089326,0.079358
M2200342,0.713501,0.070703
W2200343,4.583428,0.252421
W2200344,-2.859377,-0.485565
W2200345,-1.139084,-0.573348
W2200346,-4.662828,-0.538762
M2200347,3.113307,0.450710
M2200348,1.962899,0.379612
W2200349,1.935192,0.554062
W2200350,3.416559,0.604552
M2200351,-2.221268,-0.513742
M2200352,1.187105,0.273838
W2200353,3.329876,0.196951
M2200354,-4.778224,-0.467790
W2200355,-2.228380,-0.326717
M2200356,0.487225,-0.329245
M2200357,-1.949010,-0.258275
M2200358,-1.402517,-0.140317
M2200359,-2.334933,-0.316317
W2200360,-1.217148,0.022406
M2200361,-0.131944,-0.104958
W2200362,-4.013971,0.019060
M2200363,0.216680,-0.124577
M2200364,-1.111421,0.061732
M2200365,0.345453,0.037131
M2200366,0.409232,-0.118247
W2200367,-2.168491,-0.406355
W2200368,-0.015600,0.005237
W2200369,0.332244,0.177798
M2200370,0.207237,0.142909
M2200371,1.653077,0.211286
M2200372,2.239860,0.227425
W2200373,-0.658257,-0.005605
M2200374,0.077142,0.140667
W2200375,3.551790,0.421834
M2200376,2.122415,0.025673
W2200377,1.915728,0.078000
M2200378,-1.639888,0.059212
W2200379,1.914954,0.115464
M2200380,0.277783,0.270726
M2200381,-0.712026,-0.221135
W2200382,-3.334121,-0.682521
W2200383,-1.528753,-0.392291
M2200384,1.316881,0.206906
W2200385,0.248871,-0.055320
M2200386,-1.665985,-0.174892
M2200387,-3.697330,-0.371630
W2200388,-0.495594,-0.291500
M2200389,-0.007930,0.026669
M2200390,-2.178920,-0.237272
W2200391,0.883892,-0.156054
M2200392,-0.017223,0.058015
M2200393,0.128378,0.135451
M2200394,-1.472075,-0.014900
W2200395,-0.041522,-0.206922
W2200396,0.474014,-0.388600
W2200397,0.588103,0.018019
M2200398,0.196538,-0.001998
W2200399,-1.187134,0.031909
W2200400,-2.139283,-0.194106
M2200401,1.074331,0.186874
W2200402,0.412063,-0.044476
M2200403,4.295196,0.108075
M2200404,5.626838,0.300459
M2200405,0.060325,-0.393433
W2200406,1.070768,-0.156026
W2200407,2.304936,0.513204
M2200408,-0.402824,-0.300417
W2200409,-0.998977,-0.041078
W2200410,0.096964,0.085672
W2200411,-1.549610,-0.466583
M2200412,-1.748771,-0.358883
W2200413,-0.542288,-0.358096
M2200414,2.249100,0.286058
W2200415,-0.132522,0.081798
M2200416,0.407782,-0.429357
M2200417,2.177112,-0.111309
M2200418,3.799049,0.626870
M2200419,-0.192812,-0.103864
W2200420,-0.577546,0.112248
M2200421,-4.510116,-0.235920
M2200422,3.884990,0.436883
M2200423,3.349376,0.207928
M2200424,-0.808915,0.238063
W2200425,-0.069182,0.146714
M2200426,-1.873598,-0.413425
W2200427,-1.352331,-0.241616
W2200428,-4.533437,-0.298428
M2200429,-2.787816,-0.160077
M2200430,0.393139,0.321002
M2200431,3.675833,0.183988
W2200432,-3.973551,-0.165149
W2200433,-1.343542,0.045637
M2200434,4.244819,0.363422
W2200435,3.141820,0.204579
W2200436,0.724527,0.389599
W2200437,-1.973385,-0.289817
W2200438,1.087896,0.054127
M2200439,-0.133873,-0.431935
W2200440,1.225490,-0.316866
M2200441,-0.890746,-0.036936
W2200442,-2.466290,-0.392894
M2200443,2.402328,0.190115
M2200444,2.881388,0.091447
W2200445,-1.876105,-0.300109
W2200446,0.745048,0.283710
W2200447,2.147130,-0.057252
W2200448,2.963557,0.131640
W2200449,1.763023,0.130286
W2200450,1.142101,0.107819
W2200451,-0.382867,0.055843
W2200452,2.751599,0.189226
W2200453,1.533380,0.609485
M2200454,3.868625,0.278062
M2200455,1.938747,-0.087360
M2200456,-0.444161,0.110872
W2200457,-0.408516,-0.043832
W2200458,2.284873,0.100972
W2200459,-0.623323,-0.080564
W2200460,1.073725,-0.044138
W2200461,5.143931,0.274356
W2200462,-1.146740,0.158992
M2200463,-2.005863,-0.211527
M2200464,1.765568,-0.219713
M2200465,4.299553,0.267362
W2200466,-1.747546,0.130816
W2200467,-0.113390,-0.229842
M2200468,3.063630,-0.111665
W2200469,-4.227029,-0.224393
M2200470,1.305181,-0.206001
M2200471,-0.167591,-0.270048
W2200472,-1.952876,0.014457
M2200473,-0.106799,0.026316
M2200474,-1.549355,0.100944
M2200475,-2.976755,-0.056597
W2200476,3.719742,0.300354
W2200477,-0.327479,-0.086811
W2200478,0.965384,0.001143
M2200479,0.504158,-0.090052
M2200480,0.754159,-0.142806
M2200481,0.100906,0.256523
W2200482,-0.720557,0.043632
M2200483,-0.490089,0.119509
W2200484,1.374285,-0.072898
W2200485,-0.512960,-0.195037
M2200486,1.045035,0.127771
W2200487,0.852295,0.047377
W2200488,0.287855,-0.042633
M2200489,1.020276,-0.023770
M2200490,-2.148537,-0.076097
M2200491,0.048501,0.317938
M2200492,-0.939019,-0.085769
W2200493,-3.804729,-0.561280
M2200494,3.534487,0.679296
W2200495,3.821688,0.349384
W2200496,3.476493,0.385497
M2200497,-0.385896,-0.082426
W2200498,4.907242,0.289614
M2200499,4.142889,0.504869
W2200500,2.134554,0.306299
W2200501,0.861241,-0.084942
W2200502,1.786335,-0.131332
W2200503,3.321042,-0.105447
W2200504,2.397647,-0.210050
W2200505,-0.288790,-0.017145
M2200506,3.268513,0.228765
W2200507,-1.452924,-0.041416
W2200508,2.935141,0.325816
M2200509,-0.016443,0.284948
M2200510,-2.267758,-0.367210
W2200511,1.972272,0.123456
M2200512,1.884789,0.047835
M2200513,-1.605099,-0.301495
W2200514,-1.819133,-0.394969
M2200515,0.867783,-0.198302
M2200516,-1.439048,0.255700
M2200517,1.283345,-0.297418
W2200518,-0.076289,-0.290973
W2200519,1.127200,0.093792
W2200520,0.187180,0.286551
M2200521,3.623012,0.122143
W2200522,1.554902,0.237648
M2200523,2.717534,0.221942
W2200524,3.160608,-0.028779
M2200525,0.115333,0.144701
W2200526,1.607235,0.175652
W2200527,0.214977,-0.239029
M2200528,-0.595227,-0.165398
M2200529,3.663949,0.494662
M2200530,0.673349,-0.197645
W2200531,-3.239177,-0.415708
M2200532,-5.551998,-0.321725
W2200533,2.156375,-0.008736
W2200534,1.993555,0.262451
W2200535,2.090266,0.035342
M2200536,-0.400664,-0.098402
M2200537,-0.615208,-0.126021
W2200538,-1.515836,-0.347408
W2200539,0.104578,0.091644
M2200540,1.559794,0.120377
W2200541,3.059128,0.280946
W2200542,0.989624,0.261444
M2200543,-2.873758,-0.458833
W2200544,0.358095,-0.229376
M2200545,0.013638,-0.339408
W2200546,-0.157733,-0.043176
W2200547,0.935471,0.107244
W2200548,2.110322,0.387362
W2200549,2.092650,0.048493
M2200550,1.029572,0.196242
W2200551,-0.108505,-0.127065
W2200552,2.242375,-0.190151
W2200553,1.134102,-0.374546
M2200554,2.776186,0.054572
W2200555,-1.619502,0.044068
M2200556,-2.127671,0.129486
M2200557,-1.367390,0.058731
W2200558,-2.206533,0.042674
W2200559,-2.332248,-0.164238
M2200560,-0.677939,-0.469254
W2200561,-2.973240,-0.487200
M2200562,-1.862377,-0.232056
W2200563,-0.994363,-0.216587
W2200564,-2.332809,-0.187845
M2200565,-0.509746,0.048744
W2200566,0.144143,0.146319
W2200567,2.714454,0.081975
W2200568,-3.060414,-0.449701
W2200569,1.134211,-0.228621
W2200570,3.063602,0.091447
M2200571,1.099931,0.245203
W2200572,0.598106,0.015283
M2200573,2.889571,0.348456
W2200574,1.086072,0.070008
M2200575,0.676852,0.280853
W2200576,3.509738,0.300531
M2200577,-1.641820,0.044873
M2200578,-2.369918,-0.511791
W2200579,-2.211519,0.174066
M2200580,0.003411,-0.062670
W2200581,2.504060,0.418621
W2200582,3.325317,0.454205
M2200583,0.209849,-0.173980
M2200584,3.449944,0.357604
W2200585,3.410400,0.270022
W2200586,0.182245,0.039539
M2200587,-1.685005,-0.305767
M2200588,3.306732,0.568257
W2200589,-1.661882,0.117960
W2200590,-2.551828,-0.331166
M2200591,-2.361787,-0.122270
M2200592,-0.913456,-0.008417
M2200593,-5.706311,-0.156520
W2200594,2.049338,0.331676
W2200595,2.159212,0.266415
M2200596,1.172140,0.272408
M2200597,-0.556515,-0.026202
W2200598,-1.656548,0.129332
M2200599,0.642675,0.287966
W2200600,1.062488,0.346199
W2200601,1.600275,0.238797
W2200602,3.728133,-0.104508
W2200603,1.732060,-0.195228
M2200604,0.371900,0.079569
W2200605,0.334550,-0.251021
W2200606,4.925250,0.250143
W2200607,1.996130,0.285039
M2200608,-2.753464,-0.623928
W2200609,-0.561825,0.030778
W2200610,0.525062,0.328397
M2200611,-0.061754,0.343432
M2200612,2.125399,0.301417
M2200613,1.195642,0.275226
W2200614,-0.940631,-0.000646
M2200615,-6.668250,-0.325371
M2200616,-2.705229,-0.086866
M2200617,-1.092513,-0.063608
M2200618,-0.073328,0.226047
M2200619,2.167163,0.209943
W2200620,0.703391,-0.038154
W2200621,-1.302784,0.145029
M2200622,-1.491344,-0.437514
M2200623,1.298085,-0.201528
W2200624,-0.662268,0.309927
W2200625,-1.702962,-0.090249
W2200626,-0.537564,0.068924
W2200627,-0.988874,-0.149856
M2200628,1.591387,-0.177128
W2200629,4.305071,-0.016734
W2200630,-0.907123,-0.042407
W2200631,-0.273619,-0.169360
M2200632,-4.385704,-0.558211
W2200633,0.050419,0.107962
W2200634,-0.538059,0.037454
W2200635,4.154189,0.802676
W2200636,0.467549,0.038349
W2200637,0.112606,-0.121742
M2200638,4.647418,0.362454
M2200639,2.889225,0.246073
W2200640,-0.433820,0.087296
M2200641,-1.335487,-0.299161
W2200642,1.520174,0.042482
M2200643,1.813594,0.346236
M2200644,0.201833,-0.138071
W2200645,-0.119654,0.165903
M2200646,0.325408,0.219383
W2300647,-1.108558,-0.418853
W2300648,-0.748857,0.341363
W2300649,-0.103724,-0.014007
W2300650,0.558472,0.016498
M2300651,-0.082457,-0.087496
M2300652,3.698160,0.334286
W2300653,2.500669,0.506828
W2300654,3.335430,0.450589
M2300655,3.516331,0.126950
W2300656,0.632143,0.287493
M2300657,6.446961,0.318673
M2300658,1.788387,0.238269
W2300659,2.696154,0.445004
M2300660,3.620829,0.428996
W2300661,-1.058736,-0.331489
W2300662,-0.259953,-0.132705
M2300663,0.626287,-0.068916
M2300664,1.077365,0.223003
W2300665,1.687739,-0.032975
M2300666,3.167620,-0.020704
W2300667,0.165259,0.185128
M2300668,2.469930,0.303068
W2300669,2.309680,0.342763
M2300670,0.600844,0.049915
M2300671,3.115924,0.300370
W2300672,4.452272,0.570096
W2300673,-0.960931,0.326000
W2300674,2.100107,0.275894
M2300675,-0.228254,0.203193
M2300676,-1.978993,-0.414820
M2300677,1.513732,0.104147
W2300678,1.228709,0.058589
W2300679,0.625503,0.096864
W2300680,0.031682,-0.072498
M2300681,2.121995,0.097181
W2300682,1.186892,-0.061282
M2300683,-0.885519,0.095730
W2300684,1.354729,0.095950
W2300685,-0.839888,-0.064349
M2300686,0.031569,-0.194780
M2300687,-2.201189,-0.316180
M2300688,-0.402023,-0.007110
W2300689,2.136112,0.444558
M2300690,2.330106,0.152301
M2300691,0.096638,-0.173970
W2300692,0.100880,-0.062012
W2300693,0.637517,0.129892
W2300694,-0.140962,-0.119942
M2300695,0.051970,0.201346
W2300696,0.640420,-0.170963
W2300697,1.780836,0.186584
W2300698,0.523741,-0.051904
W2300699,-0.890176,-0.132887
M2300700,-2.287772,-0.113679
M2300701,-0.878661,-0.233158
W2300702,-1.731440,-0.277541
M2300703,2.169819,0.200423
M2300704,1.696814,0.166175
W2300705,0.693768,0.154027
M2300706,1.445903,0.154786
M2300707,-3.467888,-0.387262
W2300708,-0.207943,-0.106632
M2300709,2.534703,0.185111
W2300710,0.843867,0.096783
M2300711,2.143543,0.219882
W2300712,-0.082675,-0.098427
M2300713,-0.588487,-0.419504
M2300714,1.962922,0.126084
M2300715,0.959551,0.137904
M2300716,0.839703,-0.066499
M2300717,0.893046,-0.005852
M2300718,2.167718,0.251894
M2300719,0.536888,-0.120542
W2300720,-1.049144,-0.086644
M2300721,1.003985,0.016015
M2300722,-1.078325,-0.162684
W2300723,-0.753391,-0.105106
M2300724,0.364383,0.019330
W2300725,1.675890,-0.063147
M2300726,0.520495,0.034378
M2300727,-1.434262,-0.240030
M2300728,4.410528,0.261959
M2300729,0.647524,0.203440
W2300730,0.733830,0.152048
M2300731,0.578532,-0.179530
M2300732,-2.768898,-0.395715
M2300733,-1.874208,-0.102516
M2300734,4.126087,0.285639
M2300735,2.682298,-0.061551
W2300736,-0.520850,-0.361886
M2300737,0.838990,-0.317566
W2300738,1.820579,0.224362
W2300739,0.024001,0.445195
M2300740,1.446876,0.297772
W2300741,-0.273292,-0.413382
W2300742,1.260181,-0.237945
M2300743,0.190991,0.012408
M2300744,-1.255680,-0.261909
M2300745,-0.056782,-0.256877
W2300746,-0.705281,-0.457111
M2300747,-0.363874,-0.283473
W2300748,-2.250577,-0.051027
W2300749,3.306989,0.543862
M2300750,-1.957514,-0.428923
W2300751,2.612170,-0.103281
M2300752,0.835411,0.030159
W2300753,-0.145302,-0.300092
M2300754,0.718644,-0.009479
M2300755,-0.765896,-0.003188
M2300756,-2.142362,0.136906
M2300757,2.406694,0.342541
W2300758,2.697351,0.423953
M2300759,0.161994,-0.199213
W2300760,-1.490520,-0.440131
M2300761,2.830244,0.282390
W2300762,-1.090088,0.143551
M2300763,-0.659829,-0.177573
M2300764,0.446520,-0.496882
W2300765,1.700600,0.016546
M2300766,0.465311,0.207195
M2300767,-2.838525,0.110668
W2300768,2.499540,0.349430
M2300769,1.304002,0.357117
M2300770,2.896975,0.113672
M2300771,-1.868726,-0.192509
M2300772,-0.864206,-0.004050
M2300773,0.166316,0.237032
W2300774,3.538157,0.524498
M2300775,0.286002,0.147465
W2300776,-1.373416,-0.085336
M2300777,-0.946723,-0.033255
W2300778,0.716809,0.021004
W2300779,-0.169128,0.081759
M2300780,2.480485,-0.038835
M2300781,-1.654824,-0.367902
W2300782,-0.229888,-0.256348
W2300783,0.701069,0.407287
W2300784,-1.367475,-0.040591
M2300785,-0.999218,-0.221090
W2300786,3.962245,0.535008
M2300787,3.727701,0.486615
W2300788,4.485332,0.515921
W2300789,0.573834,0.238084
W2300790,3.090905,0.463103
W2300791,1.750182,0.084898
M2300792,0.629959,-0.042178
W2300793,3.013577,0.566725
M2300794,3.364702,0.480057
W2300795,3.911971,0.420769
M2300796,-0.774163,-0.007253
M2300797,0.420722,0.266148
W2300798,-1.473021,-0.104867
W2300799,1.082203,0.322803
M2300800,0.879246,0.118537
W2300801,2.102744,0.079120
W2300802,1.859508,-0.036849
M2300803,0.531296,-0.108590
W2300804,0.500261,-0.217224
M2300805,1.074293,0.016130
M2300806,0.646568,-0.060413
W2300807,0.947579,0.152573
M2300808,0.235540,-0.221124
M2300809,0.538261,-0.182237
M2300810,2.782350,0.333405
W2300811,5.925743,0.614245
W2300812,1.295417,0.126037
W2300813,-0.551629,0.130191
M2300814,-1.407285,-0.249393
M2300815,0.814120,-0.178173
M2300816,1.892597,-0.089029
W2300817,-4.442798,-0.690870
M2300818,-2.589728,-0.590768
M2300819,-1.832314,0.023720
M2300820,-0.976840,-0.030639
M2300821,-2.365552,0.016144
W2300822,0.860520,0.072113
M2300823,-1.818396,-0.035083
M2300824,1.468045,-0.133471
W2300825,0.083452,0.077085
M2300826,3.734069,0.547029
M2300827,-2.420683,-0.049322
M2300828,1.965370,0.098544
W2300829,-1.963652,0.131175
W2300830,2.968244,0.367522
W2300831,2.660298,0.258797
W2300832,0.805106,-0.040355
M2300833,0.504880,0.303926
M2300834,1.356393,0.192206
M2300835,0.416979,0.527523
W2300836,0.726601,0.089174
W2300837,-1.870263,-0.003700
M2300838,-0.722438,-0.002929
W2300839,3.727078,0.349309
W2300840,1.593877,-0.134095
W2300841,3.610765,0.383694
W2300842,2.627196,0.297504
W2300843,2.322114,-0.019521
M2300844,-1.625886,-0.301126
M2300845,0.886807,-0.208384
M2300846,-0.339990,-0.498784
M2300847,5.098712,0.538706
M2300848,0.378263,-0.077987
M2300849,0.431765,0.103832
M2300850,1.693073,-0.078969
M2300851,1.115891,-0.210998
M2300852,3.144808,0.217183
M2300853,1.298504,0.052789
M2300854,-3.697661,-0.615324
M2300855,-1.226093,-0.335953
M2300856,0.246210,0.057322
M2300857,-0.341831,-0.137600
W2300858,0.633283,-0.129825
M2300859,1.389900,0.018302
M2300860,1.268454,-0.061166
M2300861,1.795155,0.034228
W2300862,2.021076,-0.058492
M2300863,-2.883336,0.014984
M2300864,1.630598,0.166265
M2300865,2.426401,0.472404
W2300866,0.359321,-0.241164
W2300867,-2.371367,0.018702
W2300868,0.025750,0.165575
W2300869,1.305133,0.153801
W2300870,0.829655,-0.106859
M2300871,1.504382,0.198609
W2300872,4.451441,0.487355
M2300873,0.172480,0.021956
W2300874,2.969651,0.198280
W2300875,-0.487906,-0.190117
W2300876,0.838508,-0.290270
W2300877,-2.454722,-0.215962
W2300878,4.666319,0.532608
W2300879,3.154395,0.317503
M2300880,0.856812,-0.020456
M2300881,4.030817,0.296499
W2300882,0.884283,0.074208
M2300883,2.052008,0.310448
W2300884,2.357271,0.139495
M2300885,-2.929283,-0.637876
W2300886,3.902216,0.017264
M2300887,-1.007970,-0.370012
M2300888,0.383870,-0.357121
M2300889,1.265959,0.287152
M2300890,3.553097,0.270524
M2300891,3.810573,0.255432
M2300892,-0.578451,-0.067711
W2300893,-1.001827,-0.215222
W2300894,-0.091560,-0.190563
W2300895,3.163742,0.371846
W2300896,1.505723,0.355586
M2300897,-0.885610,-0.387779
M2300898,1.117596,0.067280
W2300899,-1.989680,-0.148756
M2300900,-2.888459,-0.128475
W2300901,-4.706914,-0.166522
M2300902,-4.490112,-0.383241
W2300903,2.417247,0.329188
W2300904,0.177137,-0.475582
M2300905,1.867571,0.003722
W2300906,1.625540,0.469058
M2300907,3.187446,0.337589
M2300908,0.251672,0.052907
W2300909,1.800758,-0.004155
M2300910,-1.375500,-0.017225
W2300911,1.395452,0.422375
M2300912,0.365313,0.270051
W2300913,-2.150283,-0.264179
M2300914,-0.463429,-0.226009
M2300915,-0.590977,-0.198470
M2300916,-0.464037,-0.086941
M2300917,-0.958610,0.142251
M2300918,-2.256848,-0.197650
W2300919,1.740810,0.282044
M2300920,1.770303,-0.077594
M2300921,0.710797,-0.098090
W2300922,-1.525382,-0.380784
W2300923,2.501181,0.747154
M2300924,-0.592307,-0.286281
W2300925,2.237019,-0.032338
W2300926,0.455771,-0.283710
W2300927,3.357263,0.181743
W2300928,2.400988,0.600474
M2300929,0.302439,0.214607
W2300930,2.029559,0.102213
W2300931,-1.639788,0.072636
M2300932,0.169429,0.150162
W2300933,-0.284479,0.054047
M2300934,-0.534015,-0.232464
M2300935,1.131173,0.316977
W2300936,-0.294615,0.371456
W2300937,0.508223,0.164955
M2300938,0.455757,0.332822
M2300939,-0.298397,0.179866
M2300940,3.562892,0.501008
W2300941,2.967485,0.109469
M2300942,1.527774,0.298606
W2300943,2.934223,0.370254
M2300944,0.040291,-0.289483
M2300945,2.198177,-0.192226
M2300946,3.094326,-0.042903
M2300947,0.107996,0.093036
M2300948,1.966436,0.211067
W2300949,3.391072,0.312434
W2300950,3.904672,0.598416
W2300951,-0.839671,-0.311795
M2300952,0.565607,-0.003497
M2300953,1.394339,-0.001993
M2300954,0.875934,0.229575
M2300955,-0.374261,-0.217754
W2300956,-1.011827,0.009308
W2300957,-1.339810,0.065769
M2300958,0.756202,0.104353
M2300959,1.506959,0.322456
M2300960,0.670478,0.019757
M2300961,3.320414,0.434712
W2300962,-2.165273,0.319217
M2300963,0.962445,-0.137732
M2300964,-2.025780,-0.147984
W2300965,1.794979,0.221198
M2300966,3.088252,0.127785
W2300967,-0.349165,-0.230655
M2300968,-2.279231,-0.435006
W2300969,-1.263609,-0.274145
W2300970,0.881816,0.245197
M2300971,0.096990,0.209895
W2300972,0.523571,0.271450
W2300973,-1.635356,-0.006388
W2300974,-0.555717,0.107923
M2300975,1.398505,0.299322
W2300976,-0.248014,0.100246
M2300977,1.789402,0.377185
W2300978,2.852895,0.389004
M2300979,-4.210790,-0.507235
W2300980,-0.365058,0.334109
M2300981,0.773780,0.504400
W2300982,2.369707,0.257415
M2300983,4.810780,0.618254
W2300984,-1.404350,0.181854
W2300985,-1.142868,-0.136679
W2300986,2.085800,0.203729
W2300987,0.787760,0.358788
M2300988,0.061181,0.348720
M2300989,1.874381,-0.100559
M2300990,1.194447,-0.018479
W2300991,1.872768,-0.072890
M2300992,1.379534,0.131542
W2300993,1.842200,0.454141
M2300994,-1.202683,-0.246975
W2300995,-0.369542,-0.158550
M2300996,-0.992986,-0.348646
W2300997,-0.065055,-0.675250
W2300998,1.316984,0.080863
W2300999,0.927995,-0.419830
W2301000,0.275508,0.262224
M2301001,-0.419337,0.042591
W2301002,3.167074,0.300774
M2301003,1.544349,0.345128
M2301004,1.006795,0.129193
M2301005,2.696710,0.338519
W2301006,0.281576,0.154008
M2301007,1.007653,-0.174179
M2301008,-1.661592,-0.331043
M2301009,1.982839,0.300681
M2301010,0.116097,-0.349756
W2301011,-0.035507,0.097280
W2301012,-1.404965,0.090232
M2301013,3.164213,0.436692
M2301014,3.143307,0.329972
W2301015,-0.829665,0.093714
M2301016,0.252277,0.155133
M2301017,1.180726,0.242401
M2301018,2.489607,0.013612
W2301019,-1.104643,-0.020991
M2301020,1.813500,0.224146
M2301021,2.364321,0.046793
W2301022,1.394553,-0.294410
M2301023,-1.813334,0.025487
M2301024,2.000389,0.028116
W2301025,1.716083,0.258586
M2301026,2.452357,0.305479
W2301027,0.291438,0.047902
W2301028,-0.551026,-0.092126
M2301029,1.007300,0.100894
W2301030,3.678303,0.167013
W2301031,-0.322767,-0.260889
M2301032,-0.896090,-0.141748
M2301033,0.460620,-0.183689
M2301034,3.157087,0.312414
M2301035,2.432820,0.325559
M2301036,1.798283,0.111917
M2301037,-4.092043,-0.682009
W2301038,-2.873891,-0.234586
M2301039,2.440022,0.074413
W2301040,0.102414,0.224553
W2301041,1.234759,-0.040288
M2301042,1.144957,-0.292355
W2301043,3.823022,0.032701
M2301044,1.557848,0.001658
M2301045,-2.011470,0.180760
W2301046,1.492331,0.218928
W2301047,2.762846,-0.333909
M2301048,3.624821,0.145563
M2301049,0.916255,-0.285171
M2301050,-0.679037,-0.378580
M2301051,2.159537,0.769814
W2301052,0.925544,0.285920
W2401053,1.158641,0.172897
W2401054,1.104835,0.019365
M2401055,1.494465,0.408268
M2401056,2.037293,0.142651
M2401057,-0.008399,-0.040690
M2401058,3.523084,0.276795
W2401059,1.356497,0.281749
M2401060,2.143348,0.149441
M2401061,3.586166,0.148130
M2401062,5.278656,0.714377
M2401063,2.305318,-0.006519
W2401064,1.213222,-0.022634
M2401065,-2.751746,-0.127040
M2401066,-0.287598,0.193661
W2401067,-0.889448,-0.011285
W2401068,-1.444990,0.021661
M2401069,-2.999768,-0.245378
W2401070,3.662347,0.104036
M2401071,4.573431,0.386653
W2401072,0.222291,-0.045069
M2401073,2.298950,-0.073698
W2401074,2.382731,0.140573
W2401075,-0.865861,-0.208536
W2401076,1.177887,0.039417
M2401077,-2.180207,-0.060803
M2401078,0.673789,0.206844
W2401079,2.315570,0.361326
W2401080,0.422293,0.091345
M2401081,-0.266833,0.030976
M2401082,0.827469,-0.178419
W2401083,1.801712,0.607780
M2401084,-0.623470,0.116271
M2401085,0.720495,0.107296
W2401086,0.115706,0.134996
W2401087,0.216751,0.008208
W2401088,-2.024572,-0.197205
M2401089,-1.660312,0.113176
W2401090,0.059295,0.339816
M2401091,0.145694,-0.126909
W2401092,4.117518,0.445282
M2401093,2.525837,0.088259
M2401094,0.353469,0.074724
W2401095,0.559445,-0.168655
M2401096,-1.955249,-0.226256
W2401097,3.079962,0.214324
M2401098,2.520235,0.034838
M2401099,-0.370782,0.014495
M2401100,0.633290,-0.015232
W2401101,-0.248501,0.240303
M2401102,-1.131924,0.234341
W2401103,1.054250,0.156565
M2401104,1.055885,0.141114
M2401105,0.738053,0.133452
W2401106,-1.447555,-0.111432
M2401107,0.028079,0.040116
W2401108,-1.279722,-0.076742
W2401109,1.874793,0.277417
W2401110,-0.095355,-0.062611
M2401111,-1.623350,0.131387
M2401112,-0.692303,-0.150525
M2401113,2.081354,0.312912
W2401114,3.275799,0.235808
W2401115,1.337300,0.062367
M2401116,0.147836,0.016582
M2401117,-1.126943,-0.136415
W2401118,-0.588484,-0.106986
M2401119,3.586262,0.241019
M2401120,2.961405,0.171013
M2401121,0.832798,0.284415
W2401122,1.992289,0.273252
W2401123,2.948675,-0.000743
W2401124,5.110063,0.464264
M2401125,3.816248,0.045264
M2401126,-0.362537,0.175743
W2401127,0.038313,0.241433
W2401128,-0.583164,0.039248
W2401129,-0.359191,-0.015708
W2401130,0.548287,-0.435118
W2401131,2.006883,0.156586
M2401132,1.249690,0.017747
W2401133,3.036949,0.368719
M2401134,-2.495080,-0.122875
M2401135,0.378323,0.107123
M2401136,0.062911,0.181076
W2401137,0.055332,0.277401
W2401138,-0.361570,-0.081309
W2401139,1.346095,0.155084
W2401140,-1.517882,-0.008092
W2401141,-0.623442,0.168721
W2401142,-2.034674,-0.201508
W2401143,1.830372,0.451868
W2401144,0.329914,0.114862
W2401145,3.175178,0.300721
W2401146,0.950011,0.406139
W2401147,2.302864,0.105159
M2401148,0.466845,0.242960
M2401149,0.190122,0.059468
M2401150,0.627219,0.410171
W2401151,-1.168315,-0.186777
M2401152,-0.785838,-0.001587
W2401153,1.182215,0.273325
M2401154,-2.854087,0.049937
W2401155,0.723724,0.000902
W2401156,-0.930931,0.197005
M2401157,0.730510,0.217667
W2401158,0.142213,0.076964
W2401159,1.285498,0.234442
W2401160,1.927913,0.342850
M2401161,0.604398,0.172915
W2401162,3.037519,0.761239
M2401163,3.766429,0.302819
W2401164,1.795273,-0.058169
M2401165,0.235367,0.322851
W2401166,0.315552,-0.053091
W2401167,-0.849769,-0.101210
M2401168,2.739908,0.269599
W2401169,-0.019961,-0.263256
W2401170,-3.237545,-0.253854
M2401171,0.115470,0.227787
W2401172,0.475634,0.068318
M2401173,-0.896696,0.097995
W2401174,2.287870,0.127795
M2401175,0.269338,-0.005023
W2401176,2.493847,0.442841
M2401177,1.936425,0.247508
W2401178,0.197325,-0.345685
W2401179,-1.987325,-0.286833
W2401180,0.271486,-0.069233
M2401181,-0.615955,-0.204229
W2401182,-3.646365,-0.547600
M2401183,-1.071337,-0.074320
W2401184,-1.871656,-0.095094
M2401185,1.978495,0.282057
M2401186,1.659852,0.394474
M2401187,0.997969,0.199268
W2401188,-1.286855,0.132971
M2401189,1.854108,0.208887
M2401190,5.462815,0.671688
W2401191,1.213777,-0.060679
M2401192,1.788156,0.449808
W2401193,1.319363,0.306341
M2401194,1.108230,0.306882
M2401195,0.221393,0.006125
M2401196,0.398653,0.239716
W2401197,1.098772,0.321143
M2401198,0.238339,0.145093
M2401199,0.788746,-0.115855
M2401200,1.971846,0.424841
M2401201,0.222554,0.202900
M2401202,3.002623,0.296342
M2401203,-0.621946,-0.061860
W2401204,2.034545,0.158616
M2401205,0.687765,0.340973
M2401206,1.701144,0.218591
W2401207,2.613302,0.173603
M2401208,4.256558,0.389186
M2401209,-1.733330,-0.209617
W2401210,-0.334998,-0.295151
M2401211,-1.896305,-0.475440
M2401212,2.063800,0.022592
M2401213,0.833928,0.089280
M2401214,-1.050276,0.196310
W2401215,1.867113,0.181732
W2401216,-0.432616,0.492688
W2401217,2.650311,0.125297
M2401218,0.832602,0.055015
W2401219,0.216484,0.267263
M2401220,2.471077,0.270958
W2401221,1.617588,0.383083
W2401222,0.868048,-0.032010
M2401223,-0.280053,-0.013315
M2401224,5.280223,0.384988
M2401225,1.644723,0.066968
M2401226,0.025067,0.125711
M2401227,2.057050,0.420669
W2401228,1.591107,0.175545
W2401229,0.945851,0.184131
M2401230,0.555761,0.226065
W2401231,-1.520215,-0.180813
W2401232,0.104689,0.067446
M2401233,2.479691,0.241881
M2401234,-0.906827,-0.116688
M2401235,-1.463906,-0.197174
W2401236,1.654613,0.081092
M2401237,-0.350550,-0.142066
W2401238,1.562686,0.215257
W2401239,-1.234924,-0.004225
M2401240,-0.094776,0.168552
M2401241,0.127854,0.240805
M2401242,1.266392,0.358960
W2401243,-0.020978,0.041749
W2401244,1.792246,0.218638
W2401245,0.412995,0.330048
W2401246,-0.056032,0.258774
W2401247,2.737329,0.071685
W2401248,-0.894976,0.092918
W2401249,0.907024,0.213448
M2401250,2.903050,0.402258
M2401251,2.517146,0.411695
W2401252,-3.427165,-0.016696
W2401253,2.556626,0.412969
W2401254,5.813055,0.741649
W2401255,0.416034,0.116357
W2401256,0.959762,0.238580
W2401257,-2.637096,-0.063962
M2401258,1.929276,0.147689
W2401259,-1.832626,0.005734
M2401260,0.276618,0.110645
W2401261,-1.521417,0.186316
W2401262,-1.413793,0.151533
M2401263,-1.041829,-0.163566
W2401264,-1.053746,0.173083
W2401265,2.043320,0.097580
W2401266,0.968758,0.087282
W2401267,-0.134428,0.104044
W2401268,0.990871,0.120309
W2401269,1.974073,0.434199
M2401270,-1.794652,-0.301269
M2401271,0.938752,-0.015001
M2401272,1.558931,0.090528
W2401273,1.754246,0.073898
M2401274,1.121765,0.235686
W2401275,-3.072408,-0.199355
M2401276,0.092647,0.184655
M2401277,0.671761,0.502553
W2401278,2.149004,0.384854
W2401279,0.612216,0.092429
W2401280,1.824127,0.254021
W2401281,1.479259,0.150272
W2401282,-0.463605,-0.170426
W2401283,-2.634884,-0.055164
M2401284,0.926606,0.511012
W2401285,4.349691,0.647593
M2401286,1.477395,0.127789
M2401287,-0.853818,-0.169400
W2401288,0.063735,0.353586
W2401289,-0.912608,0.034814
W2401290,0.956713,0.284611
W2401291,-0.648864,-0.373146
M2401292,-0.584071,0.114905
M2401293,0.614018,0.111719
W2401294,-0.952559,0.103482
M2401295,-1.214618,0.118250
W2401296,0.582523,0.232808
M2401297,1.466350,0.465555
M2401298,0.742805,0.127316
M2401299,0.859280,0.023126
W2401300,3.052839,0.579195
W2401301,2.452485,-0.034388
W2401302,-0.884644,-0.236531
W2401303,0.574541,-0.090136
M2401304,-1.467464,-0.050539
M2401305,0.782690,0.179716
M2401306,-0.381639,-0.064714
W2401307,0.442639,0.473138
M2401308,1.034089,0.401184
M2401309,-2.369774,-0.126592
W2401310,-4.159164,-0.180060
M2401311,1.071068,-0.059038
M2401312,-2.788022,0.063134
W2401313,4.231942,0.268924
W2401314,-0.205030,-0.206135
W2401315,1.167395,0.447094
W2401316,0.159645,0.059338
W2401317,-0.613745,0.316094
M2401318,0.038692,0.245282
W2401319,-2.099757,0.056037
M2401320,4.417580,0.472286
M2401321,2.261951,0.406118
W2401322,3.514124,0.089597
M2401323,1.600522,0.035532
M2401324,1.279809,0.039179
M2401325,0.571672,0.203710
M2401326,2.097798,0.051462
M2401327,2.450629,0.336527
W2401328,-1.884439,-0.236261
M2401329,3.363949,0.198069
M2401330,2.078102,0.466669
M2401331,1.030034,0.126487
W2401332,-1.186691,-0.006504
M2401333,-1.919680,0.145088
W2401334,-0.353210,-0.024038
W2401335,0.547355,-0.150445
M2401336,-0.353546,-0.271265
W2401337,0.511735,0.119054
M2401338,0.690696,-0.075050
W2401339,-0.244541,0.080573
M2401340,0.847701,0.158075
M2401341,0.819331,0.206131
W2401342,-1.283639,-0.004227
W2401343,1.632671,-0.030533
W2401344,3.231788,0.283948
W2401345,2.279602,0.163726
W2401346,-1.717344,-0.338696
M2401347,1.737945,0.258451
W2401348,3.031430,0.198123
M2401349,1.372299,-0.012012
M2401350,1.559443,0.363191
W2401351,2.442001,0.103553
W2401352,-1.622821,-0.050887
M2401353,3.534624,0.499395
W2401354,5.415139,0.658398
M2401355,1.176227,-0.072792
W2401356,2.339428,0.036054
W2401357,0.951848,0.142231
W2401358,0.601197,0.195247
M2401359,3.343819,0.552014
W2401360,1.423782,0.295936
W2401361,0.886605,-0.095617
W2401362,2.828860,0.277480
W2401363,-0.061180,-0.099061
W2401364,2.076534,0.079009
W2401365,1.260370,0.155224
M2401366,1.473884,0.436268
M2401367,-0.598835,0.148644
W2401368,-1.212499,-0.072687
M2401369,-1.853971,-0.061814
W2401370,-1.974652,-0.152663
W2401371,0.404159,-0.134887
W2401372,2.571828,-0.051053
W2401373,0.510768,-0.101029
M2401374,2.148408,-0.321917
W2401375,-0.384401,0.028369
M2401376,-0.424472,0.185840
M2401377,1.210825,0.066103
W2401378,0.806377,0.034794
W2401379,-1.717219,-0.191365
M2401380,2.329994,-0.121944
M2401381,0.658741,0.047673
W2401382,0.751609,0.297250
W2401383,1.005466,0.155044
W2401384,2.742913,0.154765
W2401385,4.128824,0.641317
W2401386,1.771565,0.566754
M2401387,-0.978213,-0.083877
M2401388,1.305367,0.284315
M2401389,-0.687336,-0.232867
M2401390,-1.472148,-0.067030
W2401391,2.343452,0.102870
W2401392,2.073933,-0.069022
W2401393,1.776386,0.267216
W2401394,2.447202,0.416059
M2401395,0.342155,0.159723
M2401396,2.897348,0.305491
W2401397,3.724272,0.484902
W2401398,-0.841687,-0.247568
M2401399,0.524536,0.071870
M2401400,1.223372,0.003222
M2401401,-0.009664,-0.017336
W2401402,-0.832976,0.155128
W2401403,-0.438953,0.103375
W2401404,0.198573,0.342527
M2401405,1.486741,0.301990
M2401406,0.435409,0.053264
M2401407,-0.067370,0.122983
W2401408,1.251932,0.177740
M2401409,0.187348,0.278972
W2401410,-1.693547,0.002726
M2401411,-1.051832,-0.076499
M2401412,3.735475,0.425776
W2401413,4.804772,0.383975
W2401414,2.136599,0.438219
W2401415,3.758490,0.524202
M2401416,0.103197,0.045402
M2401417,0.392178,0.196076
W2401418,0.853111,-0.085357
W2401419,2.110264,0.170973
M2401420,2.233556,0.207865
M2401421,-0.327991,0.063744
M2401422,0.926881,0.222292
W2401423,-1.834065,-0.325576
W2401424,1.922361,0.129554
W2401425,2.991608,0.174934
M2401426,2.818334,0.010373
M2401427,5.658116,0.587377
W2401428,-0.051571,-0.040264
W2401429,3.044458,0.204945
M2401430,2.159087,-0.025535
W2401431,1.491461,-0.058504
W2401432,0.620128,-0.241797
W2401433,-0.170639,0.081138
M2401434,2.070053,0.081548
W2401435,2.559546,0.187395
W2401436,-1.084574,-0.050011
W2401437,3.749575,0.291548
W2401438,1.225748,0.199118
M2401439,0.422844,-0.031961
W2401440,2.869579,0.038925
M2401441,1.911260,-0.054417
M2401442,1.178510,0.182538
M2401443,2.523443,0.296466
W2401444,1.480990,0.113693
M2401445,1.049308,0.488242
M2401446,-0.201676,0.415418
W2401447,-3.072693,-0.126335
W2401448,2.187027,0.125043
M2401449,3.413042,0.259688
W2401450,-2.539536,-0.024127
M2401451,0.263791,0.081766
M2401452,0.456205,0.263619
M2401453,5.768493,0.929398
W2401454,3.143799,0.320232
W2401455,-0.685313,-0.409655
W2401456,-1.275916,-0.375768
M2401457,3.657429,0.254490
W2401458,0.834905,0.232187
W2401459,-0.866621,-0.077975
W2401460,-2.102978,0.352252
W2401461,0.967401,0.291580
W2401462,3.223670,0.464087
W2401463,0.660208,0.095553
W2401464,0.190747,0.158477
W2401465,2.525969,0.258486
W2401466,-0.260607,0.237400
W2401467,-1.938432,-0.001887
M2401468,0.019284,0.083726
W2401469,-0.484092,0.264357
W2401470,-0.919639,0.028689
M2401471,2.081986,0.258842
M2401472,1.789440,0.506603
W2401473,-0.752380,-0.068956
M2401474,-2.115712,0.028002
W2401475,1.822017,0.205926
W2401476,2.924338,0.161393
W2401477,0.042895,0.310331
W2401478,-0.556719,0.233440
M2401479,-2.619919,0.277346
M2401480,0.588366,0.279107
M2401481,-0.747863,-0.017776
W2401482,-0.321888,-0.152010
W2401483,3.241910,0.488224
M2401484,-0.149287,-0.009736
M2401485,1.366515,0.294548
M2401486,-0.131940,0.183813
M2401487,3.439866,0.361653
M2401488,0.932178,-0.181897
W2401489,-0.395110,0.293676
W2401490,2.100400,0.455872
W2401491,4.167001,0.519704
W2401492,3.570910,0.502998
W2401493,2.133908,0.554444
W2501494,-3.894087,-0.062934
M2501495,-2.382613,-0.156888
W2501496,1.475567,0.389678
W2501497,-0.628739,0.045073
M2501498,3.169524,0.302330
M2501499,0.383840,0.181990
M2501500,-0.791223,-0.274697
W2501501,0.847213,0.177764
M2501502,-0.915383,0.050031
M2501503,-1.354152,0.249811
W2501504,-2.357076,-0.229554
M2501505,1.095699,0.063934
M2501506,-0.081692,-0.004299
W2501507,-2.311452,-0.027131
W2501508,-1.676860,-0.178529
M2501509,-0.901595,0.031021
M2501510,-2.078656,-0.039699
M2501511,-1.604276,0.222764
M2501512,-2.325819,0.003316
W2501513,-3.226822,-0.003046
M2501514,-1.952857,0.000536
W2501515,0.420976,0.285839
W2501516,-1.853827,0.027195
W2501517,-1.986997,-0.029495
W2501518,-0.768838,-0.125999
W2501519,1.458968,0.068753
W2501520,-0.833596,0.056416
M2501521,1.329212,-0.026561
M2501522,-0.174446,-0.091965
M2501523,0.341514,-0.003240
M2501524,-0.497808,0.064965
M2501525,-1.181259,-0.049134
M2501526,-4.315780,-0.694671
M2501527,1.784225,0.336312
W2501528,0.746419,0.432098
M2501529,-0.710307,0.265664
W2501530,-3.848814,0.003258
M2501531,-1.058417,-0.172017
M2501532,-0.817214,0.058032
W2501533,0.818321,0.447948
M2501534,0.431522,0.310593
M2501535,-2.318291,-0.030025
M2501536,-2.619653,-0.087716
W2501537,-2.208683,-0.301108
W2501538,-2.224157,-0.131269
M2501539,-1.053674,0.169471
M2501540,-0.395392,0.445733
W2501541,-2.125951,0.260867
W2501542,-1.176380,0.019424
M2501543,-1.078231,0.161726
M2501544,-1.230580,0.068125
W2501545,1.548703,0.332541
W2501546,-1.406462,0.204484
W2501547,-3.822917,-0.279243
M2501548,-0.414962,0.152832
M2501549,-3.548507,-0.407719
M2501550,-2.913401,-0.159817
W2501551,-5.343138,-0.107689
M2501552,-2.102315,0.046825
M2501553,-4.573509,-0.229449
W2501554,1.091695,0.062831
M2501555,0.448964,0.012554
M2501556,-2.406584,0.038938
M2501557,-0.361926,0.046859
M2501558,-0.811316,0.159722
W2501559,-4.453481,-0.338009
M2501560,-0.107583,-0.100529
W2501561,-1.177687,-0.075386
W2501562,-2.433584,-0.039645
W2501563,0.707375,0.398429
M2501564,-3.448604,-0.288680
M2501565,-4.550784,-0.257720
W2501566,-1.006942,-0.227498
M2501567,-2.860876,-0.209799
M2501568,-1.006582,-0.203840
W2501569,-1.776603,0.060926
W2501570,-1.913604,-0.254641
M2501571,-3.119655,-0.008928
W2501572,-1.127831,-0.125620
M2501573,-1.386783,-0.184267
M2501574,-1.123209,0.084823
W2501575,2.586339,0.407250
M2501576,-2.413790,-0.010056
M2501577,-0.622054,0.282688
W2501578,-2.675773,0.037174
M2501579,-0.913257,0.244052
M2501580,-0.728096,0.219189
W2501581,1.352261,0.137424
W2501582,5.199690,0.341950
W2501583,-0.657183,0.177838
M2501584,-0.652789,-0.041121
M2501585,-0.441048,0.034875
W2501586,-0.418060,0.393545
W2501587,2.168497,0.316101
M2501588,0.159428,0.255937
W2501589,-1.053269,0.008533
M2501590,0.161543,0.174745
W2501591,-1.658056,0.368411
W2501592,0.257427,-0.052174
W2501593,-3.013135,-0.308033
M2501594,0.456057,0.386433
M2501595,-3.084030,-0.000888
M2501596,0.588921,0.229839
M2501597,-2.455802,-0.296449
W2501598,0.511015,0.086986
W2501599,-0.157362,-0.163090
M2501600,0.720125,0.080078
M2501601,-0.028391,-0.043603
M2501602,2.260813,0.161486
M2501603,0.561595,0.054773
W2501604,-0.723225,0.073673
M2501605,-0.984904,0.315317
M2501606,-0.920052,-0.065005
M2501607,-5.196798,-0.285421
M2501608,3.412652,0.205303
M2501609,0.699522,-0.132596
W2501610,-0.803019,0.124231
W2501611,-2.307701,0.204279
M2501612,4.358517,0.289430
M2501613,1.988046,0.339262
W2501614,2.807017,0.445462
W2501615,0.034392,0.003561
W2501616,-0.472499,0.160182
M2501617,-1.724679,-0.025455
M2501618,-1.399958,-0.209288
M2501619,-1.519646,0.169024
W2501620,-3.730039,-0.063429
M2501621,-5.981305,-0.170755
W2501622,-2.385540,0.261162
M2501623,-2.406152,-0.215995
W2501624,-2.300654,-0.163354
M2501625,-1.161239,0.101744
W2501626,-0.206132,0.013022
W2501627,-2.192374,-0.056477
W2501628,-0.728860,-0.156376
W2501629,-1.186721,0.027203
M2501630,-1.393476,-0.207169
W2501631,1.352794,-0.027501
M2501632,-3.654991,-0.336912
M2501633,-4.490385,-0.517972
W2501634,-3.217338,-0.252348
W2501635,-4.648511,-0.054364
M2501636,-1.224319,0.174849
W2501637,3.035279,0.561219
W2501638,-5.508974,-0.020923
W2501639,-0.642583,0.323304
W2501640,2.386498,0.362910
W2501641,-0.940980,0.058123
M2501642,1.196654,0.304273
W2501643,-0.436209,-0.184335
W2501644,-0.684432,-0.066902
M2501645,-0.068577,0.052890
M2501646,-1.791021,0.045135
W2501647,-1.715789,-0.297250
M2501648,-2.005159,-0.433992
W2501649,-1.829586,-0.007896
M2501650,2.149259,0.329998
M2501651,2.815924,-0.032343
M2501652,3.768421,0.045232
M2501653,-0.342871,0.079347
M2501654,-0.833184,-0.201894
W2501655,1.977095,0.203639
M2501656,4.611986,0.076109
M2501657,-4.634508,-0.342772
W2501658,0.745452,-0.110684
W2501659,2.556242,0.176379
M2501660,2.353253,-0.076136
W2501661,5.024324,0.177984
M2501662,3.760493,0.098916
W2501663,0.137474,0.097592
W2501664,-1.498529,0.198637
W2501665,-1.465787,-0.080148
W2501666,-2.552978,-0.006864
W2501667,-1.152944,0.179856
M2501668,0.637953,0.329227
M2501669,0.567670,0.029249
W2501670,3.714700,0.053528
W2501671,0.740668,-0.108105
M2501672,-0.404932,0.014903
M2501673,-0.486130,0.240460
M2501674,-0.795764,0.102368
W2501675,-0.418297,0.107775
M2501676,-0.697558,0.070257
M2501677,-0.531730,-0.002703
M2501678,-2.268338,-0.212058
W2501679,-1.100218,-0.107089
W2501680,-1.228240,-0.155015
M2501681,0.635271,0.166848
M2501682,1.500609,0.254568
W2501683,-2.893165,-0.495687
W2501684,-3.980971,-0.472027
W2501685,-5.049184,-0.169380
M2501686,0.194198,-0.008840
M2501687,-1.075233,-0.014530
M2501688,1.474243,-0.182758
M2501689,-2.626623,0.121186
M2501690,-1.230694,0.107610
M2501691,-1.643078,0.474568
W2501692,-1.454095,-0.132923
W2501693,0.107242,-0.138392
M2501694,4.308981,-0.254489
W2501695,-2.711790,-0.034678
M2501696,-0.540724,0.401159
M2501697,-0.525310,-0.075827
M2501698,-0.276565,0.043726
M2501699,0.130311,-0.048805
W2501700,2.602716,0.331370
W2501701,-0.249356,-0.075153
W2501702,-1.165998,-0.054529
W2501703,1.182628,0.054821
W2501704,-1.246953,0.115716
M2501705,0.341041,-0.110328
M2501706,-1.220778,0.164762
W2501707,-1.552064,0.115010
W2501708,-0.040146,0.060789
M2501709,-0.275186,0.331983
W2501710,-0.668433,-0.181347
W2501711,-2.276231,-0.272837
M2501712,-2.645278,-0.448649
M2501713,2.827977,0.113093
M2501714,1.166188,0.366841
W2501715,-1.513686,-0.063762
M2501716,-0.788371,0.038716
M2501717,-0.154641,-0.086720
M2501718,1.707263,0.119323
W2501719,2.113717,0.239423
M2501720,-0.634020,0.070805
W2501721,0.041036,0.208630
W2501722,0.477583,0.230817
W2501723,2.026692,0.462738
W2501724,0.100771,0.021082
W2501725,-0.614198,0.032089
W2501726,-0.685969,0.272329
M2501727,0.593807,0.036163
M2501728,-0.154780,0.008436
M2501729,0.118746,0.245552
W2501730,0.133427,-0.021526
W2501731,-4.344190,0.010760
W2501732,-1.779154,0.039401
M2501733,1.357695,0.212754
W2501734,0.449161,0.288075
W2501735,0.184151,0.262943
W2501736,1.155913,0.346817
M2501737,1.608462,-0.092451
W2501738,-0.769533,0.048666
M2501739,0.295386,0.032754
M2501740,2.603319,0.318221
M2501741,0.696812,-0.272043
W2501742,4.391236,0.699322
M2501743,6.811672,0.383173
M2501744,2.697681,0.247204
W2501745,0.486678,-0.372648
M2501746,4.063284,0.142833
W2501747,2.639218,0.143567
W2501748,-0.957465,0.089591
W2501749,-0.022070,-0.028305
M2501750,-1.910706,0.134790
W2501751,-2.440940,0.287315
W2501752,3.168096,0.342000
W2501753,0.548529,0.443133
W2501754,-2.831816,-0.329417
M2501755,-1.935580,0.231622
W2501756,-0.988593,-0.094670
M2501757,1.290545,0.019157
W2501758,-0.660699,-0.018005
M2501759,-3.494717,-0.000234
W2501760,-3.479330,-0.033277
M2501761,0.352953,0.177462
M2501762,1.169023,0.477962
M2501763,0.109760,0.469709
M2501764,-0.146986,0.549723
W2501765,0.283807,0.121438
M2501766,1.638579,-0.043478
M2501767,1.111147,0.100938
M2501768,2.974452,0.123322
M2501769,0.643696,-0.019127
W2501770,0.071833,0.027049
M2501771,-0.008917,0.203854
M2501772,0.092321,-0.199000
M2501773,0.334293,0.037676
W2501774,2.147056,-0.016292
W2501775,2.933491,0.066090
M2501776,-1.119818,0.197345
M2501777,-2.723688,-0.169636
M2501778,-1.414731,0.040661
M2501779,-1.752904,-0.095788
W2501780,0.436202,-0.062201
W2501781,0.980208,0.248638
M2501782,-0.412315,0.270198
W2501783,-0.922457,0.059439
W2501784,-2.717639,-0.038146
M2501785,1.135346,-0.025974
W2501786,-1.428063,0.107768
M2501787,-3.237542,-0.107311
W2501788,0.639072,0.096974
M2501789,1.748223,0.446289
M2501790,-0.063666,-0.027626
W2501791,-0.654115,0.276169
W2501792,1.815764,0.084512
W2501793,-1.934978,0.071448
W2501794,2.398500,0.485670
M2501795,0.836591,0.236219
M2501796,-1.801373,0.034767
M2501797,-0.232474,0.445675
W2501798,1.711725,0.295072
M2501799,0.449491,0.184847
W2501800,0.126560,0.214881
W2501801,-0.054419,0.068080
M2501802,1.811770,0.192498
W2501803,0.096030,0.047327
W2501804,-0.677403,0.213669
W2501805,0.159374,0.116303
M2501806,-1.566790,0.056630
W2501807,-0.420384,0.155738
W2501808,-0.728175,0.153075
W2501809,-1.969252,0.313526
M2501810,2.071172,0.299213
W2501811,-1.784648,-0.187046
M2501812,-1.151569,0.112109
W2501813,-0.060721,0.151177
W2501814,-1.243301,-0.248270
M2501815,-3.158125,-0.524808
M2501816,1.689658,0.272725
M2501817,3.683241,0.452879
W2501818,-0.269787,0.068490
W2501819,0.695989,0.223827
M2501820,-1.047307,0.119096
M2501821,2.407795,0.009399
M2501822,2.010706,0.164030
M2501823,-2.556721,-0.279889
M2501824,-1.177216,-0.212791
M2501825,1.764946,0.214699
W2501826,2.796380,0.332459
W2501827,1.825698,0.258495
M2501828,1.989448,0.318738
W2501829,0.159505,0.057186
M2501830,3.611400,-0.007310
W2501831,-0.459318,0.108155
M2501832,-0.624518,-0.117494
M2501833,-1.799389,0.136660
M2501834,0.659913,-0.024156
W2501835,1.444693,0.073845
W2501836,-1.347211,0.024947
W2501837,-0.213430,0.242273
W2501838,0.899812,0.146314
M2501839,-2.236242,0.086028
M2501840,-0.153382,-0.058934
M2501841,-2.695050,0.198325
W2501842,-2.047038,0.094473
W2501843,-0.138097,0.362648
M2501844,0.166853,0.370268
W2501845,0.861677,0.394077
W2501846,-1.476405,-0.244071
M2501847,0.871334,0.075074
M2501848,3.239445,0.237449
W2501849,-3.540259,-0.293552
W2501850,-2.396219,-0.229803
W2501851,0.473460,0.011640
W2501852,-0.565470,0.178938
W2501853,2.212063,0.253072
M2501854,0.903443,0.350570
M2501855,0.630091,0.046294
M2501856,1.587409,-0.158640
W2501857,-1.747436,-0.237328
M2501858,2.282470,0.372200
W2501859,2.383145,-0.055496
M2501860,2.300737,-0.050688
W2501861,1.208136,0.205196
W2501862,-2.541485,-0.051615
M2501863,1.201860,0.330754
M2501864,2.225178,0.241751
W2501865,-1.451723,-0.007996
M2501866,1.191237,0.115838
W2501867,2.301327,0.082114
W2501868,-0.198649,-0.204278
M2501869,1.090707,0.082190
W2501870,0.592798,0.163321
W2501871,2.291983,0.004117
M2501872,-2.941242,0.090584
W2501873,-3.063269,-0.176803
M2501874,0.973213,0.565215
M2501875,4.208202,0.472781
M2501876,4.565185,0.372051
W2501877,-0.821547,-0.056884
M2501878,-2.802123,-0.359110
W2501879,0.161172,0.100136
M2501880,-1.840144,0.056217
W2501881,-2.767259,-0.137762
W2501882,-1.069849,-0.059564
W2501883,-1.208628,0.081665
W2501884,-0.350888,0.158111
W2501885,-2.087214,0.140913
M2501886,-3.364799,-0.061843
W2501887,0.054884,0.472552
M2501888,-0.712944,0.149350
W2501889,1.558241,0.435761
W2501890,-2.207311,-0.038874
M2501891,0.004247,0.008069
M2501892,-0.955890,0.152878
W2501893,-1.895741,0.064217
W2501894,1.552555,0.279968
W2501895,-0.168144,0.269797
W2501896,-1.409164,0.208603
