record_id,id,year,parity,flock,flock_year,lwt,bcs
L2021-E0001,E0001,2021,1,F1,F1-2021,26.1,2.79
L2021-E0002,E0002,2021,1,F2,F2-2021,18.3,2.44
L2021-E0003,E0003,2021,1,F1,F1-2021,25.7,3.96
L2021-E0004,E0004,2021,1,F2,F2-2021,20.4,2.58
L2021-E0005,E0005,2021,1,F1,F1-2021,40.2,5.14
L2021-E0006,E0006,2021,1,F2,F2-2021,37.0,3.90
L2021-E0007,E0007,2021,1,F1,F1-2021,28.1,3.64
L2021-E0008,E0008,2021,1,F2,F2-2021,30.1,2.61
L2021-E0009,E0009,2021,1,F1,F1-2021,21.7,2.47
L2021-E0010,E0010,2021,1,F2,F2-2021,31.3,4.29
L2021-E0011,E0011,2021,1,F1,F1-2021,23.8,2.76
L2021-E0012,E0012,2021,1,F2,F2-2021,22.7,2.31
L2021-E0013,E0013,2021,1,F1,F1-2021,24.2,3.72
L2021-E0014,E0014,2021,1,F2,F2-2021,27.4,0.75
L2021-E0015,E0015,2021,1,F1,F1-2021,23.2,2.63
L2021-E0016,E0016,2021,1,F2,F2-2021,24.3,3.81
L2021-E0017,E0017,2021,1,F1,F1-2021,26.8,2.56
L2021-E0018,E0018,2021,1,F2,F2-2021,17.8,2.17
L2021-E0019,E0019,2021,1,F1,F1-2021,29.0,4.44
L2021-E0020,E0020,2021,1,F2,F2-2021,34.8,2.72
L2021-E0021,E0021,2021,1,F1,F1-2021,28.3,3.08
L2021-E0022,E0022,2021,1,F2,F2-2021,28.4,2.17
L2021-E0023,E0023,2021,1,F1,F1-2021,23.4,2.06
L2021-E0024,E0024,2021,1,F2,F2-2021,23.1,3.12
L2021-E0025,E0025,2021,1,F1,F1-2021,21.3,NA
L2021-E0026,E0026,2021,1,F2,F2-2021,23.1,3.70
L2021-E0027,E0027,2021,1,F1,F1-2021,18.2,2.65
L2021-E0028,E0028,2021,1,F2,F2-2021,20.6,3.11
L2021-E0029,E0029,2021,1,F1,F1-2021,26.8,3.65
L2021-E0030,E0030,2021,1,F2,F2-2021,25.3,3.11
L2021-E0031,E0031,2021,1,F1,F1-2021,26.5,2.43
L2021-E0032,E0032,2021,1,F2,F2-2021,28.1,2.49
L2021-E0033,E0033,2021,1,F1,F1-2021,29.5,3.34
L2021-E0034,E0034,2021,1,F2,F2-2021,30.0,2.12
L2021-E0035,E0035,2021,1,F1,F1-2021,16.1,NA
L2021-E0036,E0036,2021,1,F2,F2-2021,27.1,2.49
L2021-E0037,E0037,2021,1,F1,F1-2021,27.9,3.48
L2021-E0038,E0038,2021,1,F2,F2-2021,19.7,3.49
L2021-E0039,E0039,2021,1,F1,F1-2021,24.3,2.93
L2021-E0040,E0040,2021,1,F2,F2-2021,24.7,2.31
L2021-E0041,E0041,2021,1,F1,F1-2021,24.0,1.30
L2021-E0042,E0042,2021,1,F2,F2-2021,18.3,3.39
L2021-E0043,E0043,2021,1,F1,F1-2021,24.6,3.65
L2021-E0044,E0044,2021,1,F2,F2-2021,15.9,3.76
L2021-E0045,E0045,2021,1,F1,F1-2021,26.3,3.24
L2021-E0046,E0046,2021,1,F2,F2-2021,23.8,3.28
L2021-E0047,E0047,2021,1,F1,F1-2021,25.7,2.67
L2021-E0048,E0048,2021,1,F2,F2-2021,18.9,2.85
L2021-E0049,E0049,2021,1,F1,F1-2021,25.6,3.10
L2021-E0050,E0050,2021,1,F2,F2-2021,15.9,1.51
L2021-E0051,E0051,2021,1,F1,F1-2021,18.6,3.03
L2021-E0052,E0052,2021,1,F2,F2-2021,34.6,2.99
L2021-E0053,E0053,2021,1,F1,F1-2021,24.2,3.01
L2021-E0054,E0054,2021,1,F2,F2-2021,27.4,2.48
L2021-E0055,E0055,2021,1,F1,F1-2021,19.4,2.98
L2021-E0056,E0056,2021,1,F2,F2-2021,31.8,3.47
L2021-E0057,E0057,2021,1,F1,F1-2021,19.3,2.03
L2021-E0058,E0058,2021,1,F2,F2-2021,26.5,3.35
L2021-E0059,E0059,2021,1,F1,F1-2021,25.9,2.58
L2021-E0060,E0060,2021,1,F2,F2-2021,25.8,3.25
L2021-E0061,E0061,2021,1,F1,F1-2021,18.9,2.49
L2021-E0062,E0062,2021,1,F2,F2-2021,28.4,3.34
L2021-E0063,E0063,2021,1,F1,F1-2021,38.9,4.06
L2021-E0064,E0064,2021,1,F2,F2-2021,25.1,4.43
L2021-E0065,E0065,2021,1,F1,F1-2021,21.2,2.20
L2021-E0066,E0066,2021,1,F2,F2-2021,19.5,2.61
L2021-E0067,E0067,2021,1,F1,F1-2021,17.4,2.42
L2021-E0068,E0068,2021,1,F2,F2-2021,26.4,2.78
L2021-E0069,E0069,2021,1,F1,F1-2021,27.6,1.84
L2021-E0070,E0070,2021,1,F2,F2-2021,23.8,1.84
L2021-E0071,E0071,2021,1,F1,F1-2021,24.6,NA
L2021-E0072,E0072,2021,1,F2,F2-2021,28.4,3.04
L2021-E0073,E0073,2021,1,F1,F1-2021,21.4,NA
L2021-E0074,E0074,2021,1,F2,F2-2021,23.5,3.26
L2021-E0075,E0075,2021,1,F1,F1-2021,25.5,1.37
L2021-E0076,E0076,2021,1,F2,F2-2021,18.4,1.76
L2021-E0077,E0077,2021,1,F1,F1-2021,26.3,2.87
L2021-E0078,E0078,2021,1,F2,F2-2021,25.9,3.81
L2021-E0079,E0079,2021,1,F1,F1-2021,23.5,2.75
L2021-E0080,E0080,2021,1,F2,F2-2021,20.1,2.18
L2021-E0081,E0081,2021,1,F1,F1-2021,23.1,2.59
L2021-E0082,E0082,2021,1,F2,F2-2021,14.4,2.42
L2021-E0083,E0083,2021,1,F1,F1-2021,14.3,2.57
L2021-E0084,E0084,2021,1,F2,F2-2021,26.5,2.73
L2021-E0085,E0085,2021,1,F1,F1-2021,25.5,3.32
L2021-E0086,E0086,2021,1,F2,F2-2021,24.0,2.97
L2021-E0087,E0087,2021,1,F1,F1-2021,22.5,2.88
L2021-E0088,E0088,2021,1,F2,F2-2021,24.4,1.74
L2021-E0089,E0089,2021,1,F1,F1-2021,22.4,3.08
L2021-E0090,E0090,2021,1,F2,F2-2021,23.7,3.30
L2021-E0091,E0091,2021,1,F1,F1-2021,19.3,2.44
L2021-E0092,E0092,2021,1,F2,F2-2021,34.4,NA
L2021-E0093,E0093,2021,1,F1,F1-2021,24.9,2.85
L2021-E0094,E0094,2021,1,F2,F2-2021,27.3,3.67
L2021-E0095,E0095,2021,1,F1,F1-2021,25.0,3.01
L2021-E0096,E0096,2021,1,F2,F2-2021,22.4,3.36
L2021-E0097,E0097,2021,1,F1,F1-2021,23.7,NA
L2021-E0098,E0098,2021,1,F2,F2-2021,28.1,3.66
L2021-E0099,E0099,2021,1,F1,F1-2021,12.6,2.00
L2021-E0100,E0100,2021,1,F2,F2-2021,31.9,4.09
L2021-E0101,E0101,2021,1,F1,F1-2021,24.3,2.36
L2021-E0102,E0102,2021,1,F2,F2-2021,24.4,NA
L2021-E0103,E0103,2021,1,F1,F1-2021,27.1,2.22
L2021-E0104,E0104,2021,1,F2,F2-2021,30.7,3.05
L2021-E0105,E0105,2021,1,F1,F1-2021,27.9,2.41
L2021-E0106,E0106,2021,1,F2,F2-2021,31.7,2.25
L2021-E0107,E0107,2021,1,F1,F1-2021,28.3,2.73
L2021-E0108,E0108,2021,1,F2,F2-2021,29.8,3.17
L2021-E0109,E0109,2021,1,F1,F1-2021,21.2,2.70
L2021-E0110,E0110,2021,1,F2,F2-2021,23.7,2.38
L2021-E0111,E0111,2021,1,F1,F1-2021,22.9,3.03
L2021-E0112,E0112,2021,1,F2,F2-2021,25.2,2.53
L2021-E0113,E0113,2021,1,F1,F1-2021,26.2,2.74
L2021-E0114,E0114,2021,1,F2,F2-2021,32.5,3.97
L2021-E0115,E0115,2021,1,F1,F1-2021,20.2,3.04
L2021-E0116,E0116,2021,1,F2,F2-2021,29.0,2.57
L2021-E0117,E0117,2021,1,F1,F1-2021,23.0,NA
L2021-E0118,E0118,2021,1,F2,F2-2021,23.2,2.96
L2021-E0119,E0119,2021,1,F1,F1-2021,22.1,3.25
L2021-E0120,E0120,2021,1,F2,F2-2021,27.8,3.28
L2021-E0121,E0121,2021,1,F1,F1-2021,31.5,3.36
L2021-E0122,E0122,2021,1,F2,F2-2021,20.7,2.94
L2021-E0123,E0123,2021,1,F1,F1-2021,24.9,3.23
L2021-E0124,E0124,2021,1,F2,F2-2021,29.1,3.03
L2021-E0125,E0125,2021,1,F1,F1-2021,17.9,NA
L2021-E0126,E0126,2021,1,F2,F2-2021,24.1,2.58
L2021-E0127,E0127,2021,1,F1,F1-2021,21.3,3.55
L2021-E0128,E0128,2021,1,F2,F2-2021,25.3,3.24
L2021-E0129,E0129,2021,1,F1,F1-2021,14.5,2.88
L2021-E0130,E0130,2021,1,F2,F2-2021,35.1,3.51
L2021-E0131,E0131,2021,1,F1,F1-2021,19.6,1.98
L2021-E0132,E0132,2021,1,F2,F2-2021,20.7,2.24
L2021-E0133,E0133,2021,1,F1,F1-2021,25.7,3.15
L2021-E0134,E0134,2021,1,F2,F2-2021,28.0,2.71
L2021-E0135,E0135,2021,1,F1,F1-2021,21.9,2.55
L2021-E0136,E0136,2021,1,F2,F2-2021,16.8,2.17
L2021-E0137,E0137,2021,1,F1,F1-2021,19.4,3.65
L2021-E0138,E0138,2021,1,F2,F2-2021,30.5,2.54
L2021-E0139,E0139,2021,1,F1,F1-2021,22.2,2.59
L2021-E0140,E0140,2021,1,F2,F2-2021,22.0,2.16
L2021-E0141,E0141,2021,1,F1,F1-2021,20.6,2.32
L2021-E0142,E0142,2021,1,F2,F2-2021,23.8,2.72
L2021-E0143,E0143,2021,1,F1,F1-2021,25.8,3.02
L2021-E0144,E0144,2021,1,F2,F2-2021,23.4,2.66
L2021-E0145,E0145,2021,1,F1,F1-2021,30.3,4.04
L2021-E0146,E0146,2021,1,F2,F2-2021,29.2,1.99
L2021-E0147,E0147,2021,1,F1,F1-2021,26.6,3.44
L2021-E0148,E0148,2021,1,F2,F2-2021,27.4,2.19
L2021-E0149,E0149,2021,1,F1,F1-2021,23.9,3.12
L2021-E0150,E0150,2021,1,F2,F2-2021,30.2,3.61
L2021-E0151,E0151,2021,1,F1,F1-2021,31.1,3.41
L2021-E0152,E0152,2021,1,F2,F2-2021,28.2,NA
L2021-E0153,E0153,2021,1,F1,F1-2021,15.7,1.57
L2021-E0154,E0154,2021,1,F2,F2-2021,26.1,NA
L2021-E0155,E0155,2021,1,F1,F1-2021,29.6,3.22
L2021-E0156,E0156,2021,1,F2,F2-2021,22.0,2.63
L2021-E0157,E0157,2021,1,F1,F1-2021,25.4,3.52
L2021-E0158,E0158,2021,1,F2,F2-2021,21.5,2.94
L2021-E0159,E0159,2021,1,F1,F1-2021,28.0,3.84
L2021-E0160,E0160,2021,1,F2,F2-2021,23.8,3.55
L2021-E0161,E0161,2021,1,F1,F1-2021,19.6,3.13
L2021-E0162,E0162,2021,1,F2,F2-2021,26.6,2.10
L2021-E0163,E0163,2021,1,F1,F1-2021,26.3,2.84
L2021-E0164,E0164,2021,1,F2,F2-2021,23.6,3.97
L2021-E0165,E0165,2021,1,F1,F1-2021,30.2,3.65
L2021-E0166,E0166,2021,1,F2,F2-2021,24.6,NA
L2021-E0167,E0167,2021,1,F1,F1-2021,22.7,3.28
L2021-E0168,E0168,2021,1,F2,F2-2021,27.9,2.98
L2021-E0169,E0169,2021,1,F1,F1-2021,18.9,1.38
L2021-E0170,E0170,2021,1,F2,F2-2021,29.0,3.19
L2021-E0171,E0171,2021,1,F1,F1-2021,23.9,2.84
L2021-E0172,E0172,2021,1,F2,F2-2021,14.7,1.77
L2021-E0173,E0173,2021,1,F1,F1-2021,22.4,3.25
L2021-E0174,E0174,2021,1,F2,F2-2021,26.4,3.96
L2021-E0175,E0175,2021,1,F1,F1-2021,18.1,2.94
L2021-E0176,E0176,2021,1,F2,F2-2021,20.5,3.57
L2021-E0177,E0177,2021,1,F1,F1-2021,20.1,1.63
L2021-E0178,E0178,2021,1,F2,F2-2021,30.7,2.49
L2021-E0179,E0179,2021,1,F1,F1-2021,31.4,4.00
L2021-E0180,E0180,2021,1,F2,F2-2021,20.3,3.72
L2021-E0181,E0181,2021,1,F1,F1-2021,21.1,2.19
L2021-E0182,E0182,2021,1,F2,F2-2021,24.5,2.82
L2021-E0183,E0183,2021,1,F1,F1-2021,29.0,2.95
L2021-E0184,E0184,2021,1,F2,F2-2021,26.7,3.83
L2021-E0185,E0185,2021,1,F1,F1-2021,28.0,2.67
L2021-E0186,E0186,2021,1,F2,F2-2021,19.0,3.05
L2021-E0187,E0187,2021,1,F1,F1-2021,27.2,3.52
L2021-E0188,E0188,2021,1,F2,F2-2021,28.3,3.36
L2021-E0189,E0189,2021,1,F1,F1-2021,22.3,3.81
L2021-E0190,E0190,2021,1,F2,F2-2021,19.1,3.05
L2021-E0191,E0191,2021,1,F1,F1-2021,18.2,3.88
L2021-E0192,E0192,2021,1,F2,F2-2021,22.8,2.95
L2021-E0193,E0193,2021,1,F1,F1-2021,21.9,1.46
L2021-E0194,E0194,2021,1,F2,F2-2021,20.8,3.13
L2021-E0195,E0195,2021,1,F1,F1-2021,21.6,1.83
L2021-E0196,E0196,2021,1,F2,F2-2021,38.2,4.25
L2021-E0197,E0197,2021,1,F1,F1-2021,24.5,3.19
L2021-E0198,E0198,2021,1,F2,F2-2021,16.4,2.81
L2021-E0199,E0199,2021,1,F1,F1-2021,21.4,NA
L2021-E0200,E0200,2021,1,F2,F2-2021,21.9,2.04
L2022-E0001,E0001,2022,2,F1,F1-2022,30.3,3.21
L2022-E0002,E0002,2022,2,F2,F2-2022,25.5,1.96
L2022-E0003,E0003,2022,2,F1,F1-2022,25.8,NA
L2022-E0004,E0004,2022,2,F2,F2-2022,26.0,3.53
L2022-E0005,E0005,2022,2,F1,F1-2022,34.2,3.40
L2022-E0006,E0006,2022,2,F2,F2-2022,42.7,3.99
L2022-E0007,E0007,2022,2,F1,F1-2022,23.7,2.43
L2022-E0008,E0008,2022,2,F2,F2-2022,32.9,2.99
L2022-E0009,E0009,2022,2,F1,F1-2022,27.4,3.70
L2022-E0010,E0010,2022,2,F2,F2-2022,31.8,3.78
L2022-E0011,E0011,2022,2,F1,F1-2022,32.4,3.94
L2022-E0012,E0012,2022,2,F2,F2-2022,28.5,2.38
L2022-E0014,E0014,2022,2,F2,F2-2022,33.7,1.95
L2022-E0015,E0015,2022,2,F1,F1-2022,28.7,3.05
L2022-E0016,E0016,2022,2,F2,F2-2022,31.6,3.00
L2022-E0017,E0017,2022,2,F1,F1-2022,26.5,2.51
L2022-E0018,E0018,2022,2,F2,F2-2022,30.6,NA
L2022-E0019,E0019,2022,2,F1,F1-2022,23.4,3.66
L2022-E0020,E0020,2022,2,F2,F2-2022,26.6,2.67
L2022-E0021,E0021,2022,2,F1,F1-2022,25.4,3.35
L2022-E0022,E0022,2022,2,F2,F2-2022,21.1,2.17
L2022-E0023,E0023,2022,2,F1,F1-2022,30.5,3.84
L2022-E0024,E0024,2022,2,F2,F2-2022,31.1,3.36
L2022-E0025,E0025,2022,2,F1,F1-2022,27.8,3.12
L2022-E0026,E0026,2022,2,F2,F2-2022,34.8,3.45
L2022-E0028,E0028,2022,2,F2,F2-2022,31.0,3.67
L2022-E0030,E0030,2022,2,F2,F2-2022,35.6,2.89
L2022-E0031,E0031,2022,2,F1,F1-2022,30.0,3.43
L2022-E0033,E0033,2022,2,F1,F1-2022,24.1,3.89
L2022-E0036,E0036,2022,2,F2,F2-2022,25.3,3.62
L2022-E0038,E0038,2022,2,F2,F2-2022,26.8,2.45
L2022-E0039,E0039,2022,2,F1,F1-2022,22.5,2.92
L2022-E0040,E0040,2022,2,F2,F2-2022,36.1,2.72
L2022-E0041,E0041,2022,2,F1,F1-2022,19.8,2.04
L2022-E0042,E0042,2022,2,F2,F2-2022,30.1,3.21
L2022-E0045,E0045,2022,2,F1,F1-2022,27.1,3.02
L2022-E0046,E0046,2022,2,F2,F2-2022,29.3,2.64
L2022-E0047,E0047,2022,2,F1,F1-2022,31.5,4.72
L2022-E0048,E0048,2022,2,F2,F2-2022,22.8,1.41
L2022-E0049,E0049,2022,2,F1,F1-2022,25.1,2.53
L2022-E0050,E0050,2022,2,F2,F2-2022,25.9,2.68
L2022-E0051,E0051,2022,2,F1,F1-2022,29.2,2.99
L2022-E0052,E0052,2022,2,F2,F2-2022,29.7,2.87
L2022-E0053,E0053,2022,2,F1,F1-2022,21.2,2.76
L2022-E0054,E0054,2022,2,F2,F2-2022,29.2,NA
L2022-E0055,E0055,2022,2,F1,F1-2022,27.8,2.65
L2022-E0056,E0056,2022,2,F2,F2-2022,26.5,2.42
L2022-E0057,E0057,2022,2,F1,F1-2022,20.6,2.84
L2022-E0058,E0058,2022,2,F2,F2-2022,24.6,3.16
L2022-E0060,E0060,2022,2,F2,F2-2022,35.5,2.86
L2022-E0061,E0061,2022,2,F1,F1-2022,25.8,3.07
L2022-E0062,E0062,2022,2,F2,F2-2022,33.3,2.61
L2022-E0063,E0063,2022,2,F1,F1-2022,30.9,3.12
L2022-E0064,E0064,2022,2,F2,F2-2022,29.4,3.38
L2022-E0065,E0065,2022,2,F1,F1-2022,24.8,4.25
L2022-E0066,E0066,2022,2,F2,F2-2022,28.5,2.92
L2022-E0067,E0067,2022,2,F1,F1-2022,25.5,3.05
L2022-E0068,E0068,2022,2,F2,F2-2022,28.0,NA
L2022-E0069,E0069,2022,2,F1,F1-2022,27.5,2.53
L2022-E0070,E0070,2022,2,F2,F2-2022,29.6,3.60
L2022-E0071,E0071,2022,2,F1,F1-2022,29.9,3.71
L2022-E0072,E0072,2022,2,F2,F2-2022,38.2,3.32
L2022-E0073,E0073,2022,2,F1,F1-2022,21.2,2.17
L2022-E0074,E0074,2022,2,F2,F2-2022,33.2,NA
L2022-E0075,E0075,2022,2,F1,F1-2022,27.4,3.42
L2022-E0076,E0076,2022,2,F2,F2-2022,22.7,2.17
L2022-E0078,E0078,2022,2,F2,F2-2022,32.6,4.29
L2022-E0079,E0079,2022,2,F1,F1-2022,28.3,3.84
L2022-E0081,E0081,2022,2,F1,F1-2022,20.5,2.84
L2022-E0083,E0083,2022,2,F1,F1-2022,27.0,2.54
L2022-E0084,E0084,2022,2,F2,F2-2022,28.8,2.96
L2022-E0085,E0085,2022,2,F1,F1-2022,21.9,2.27
L2022-E0087,E0087,2022,2,F1,F1-2022,24.2,3.13
L2022-E0088,E0088,2022,2,F2,F2-2022,35.0,2.78
L2022-E0089,E0089,2022,2,F1,F1-2022,15.7,2.36
L2022-E0091,E0091,2022,2,F1,F1-2022,20.8,3.24
L2022-E0092,E0092,2022,2,F2,F2-2022,38.6,3.85
L2022-E0094,E0094,2022,2,F2,F2-2022,35.1,3.43
L2022-E0095,E0095,2022,2,F1,F1-2022,26.6,2.68
L2022-E0096,E0096,2022,2,F2,F2-2022,32.3,3.63
L2022-E0097,E0097,2022,2,F1,F1-2022,19.8,2.41
L2022-E0098,E0098,2022,2,F2,F2-2022,28.7,3.04
L2022-E0100,E0100,2022,2,F2,F2-2022,23.6,3.31
L2022-E0101,E0101,2022,2,F1,F1-2022,23.6,2.63
L2022-E0102,E0102,2022,2,F2,F2-2022,27.9,1.94
L2022-E0103,E0103,2022,2,F1,F1-2022,28.6,3.77
L2022-E0104,E0104,2022,2,F2,F2-2022,32.8,3.32
L2022-E0105,E0105,2022,2,F1,F1-2022,27.2,3.05
L2022-E0106,E0106,2022,2,F2,F2-2022,23.6,2.49
L2022-E0107,E0107,2022,2,F1,F1-2022,23.6,NA
L2022-E0109,E0109,2022,2,F1,F1-2022,25.6,2.12
L2022-E0110,E0110,2022,2,F2,F2-2022,30.0,2.63
L2022-E0111,E0111,2022,2,F1,F1-2022,21.7,2.81
L2022-E0113,E0113,2022,2,F1,F1-2022,26.0,2.87
L2022-E0114,E0114,2022,2,F2,F2-2022,34.7,4.08
L2022-E0115,E0115,2022,2,F1,F1-2022,26.1,3.76
L2022-E0117,E0117,2022,2,F1,F1-2022,27.6,2.57
L2022-E0118,E0118,2022,2,F2,F2-2022,22.1,3.25
L2022-E0119,E0119,2022,2,F1,F1-2022,27.4,3.15
L2022-E0120,E0120,2022,2,F2,F2-2022,26.6,NA
L2022-E0121,E0121,2022,2,F1,F1-2022,29.4,3.97
L2022-E0122,E0122,2022,2,F2,F2-2022,29.7,3.15
L2022-E0123,E0123,2022,2,F1,F1-2022,23.6,3.09
L2022-E0124,E0124,2022,2,F2,F2-2022,24.9,3.27
L2022-E0125,E0125,2022,2,F1,F1-2022,30.7,NA
L2022-E0126,E0126,2022,2,F2,F2-2022,28.0,3.39
L2022-E0127,E0127,2022,2,F1,F1-2022,17.3,2.18
L2022-E0128,E0128,2022,2,F2,F2-2022,26.9,NA
L2022-E0129,E0129,2022,2,F1,F1-2022,24.0,2.86
L2022-E0131,E0131,2022,2,F1,F1-2022,24.1,1.90
L2022-E0132,E0132,2022,2,F2,F2-2022,26.9,2.68
L2022-E0133,E0133,2022,2,F1,F1-2022,26.2,3.63
L2022-E0134,E0134,2022,2,F2,F2-2022,24.6,2.99
L2022-E0136,E0136,2022,2,F2,F2-2022,25.2,NA
L2022-E0137,E0137,2022,2,F1,F1-2022,29.0,3.06
L2022-E0138,E0138,2022,2,F2,F2-2022,36.9,3.72
L2022-E0139,E0139,2022,2,F1,F1-2022,30.5,3.62
L2022-E0140,E0140,2022,2,F2,F2-2022,26.1,2.64
L2022-E0141,E0141,2022,2,F1,F1-2022,27.3,3.59
L2022-E0142,E0142,2022,2,F2,F2-2022,26.9,2.98
L2022-E0143,E0143,2022,2,F1,F1-2022,26.5,3.05
L2022-E0144,E0144,2022,2,F2,F2-2022,31.4,3.12
L2022-E0146,E0146,2022,2,F2,F2-2022,31.7,3.12
L2022-E0147,E0147,2022,2,F1,F1-2022,27.7,NA
L2022-E0148,E0148,2022,2,F2,F2-2022,28.2,2.03
L2022-E0149,E0149,2022,2,F1,F1-2022,24.7,2.86
L2022-E0150,E0150,2022,2,F2,F2-2022,33.2,3.46
L2022-E0151,E0151,2022,2,F1,F1-2022,22.2,NA
L2022-E0152,E0152,2022,2,F2,F2-2022,35.1,2.26
L2022-E0155,E0155,2022,2,F1,F1-2022,25.0,3.76
L2022-E0156,E0156,2022,2,F2,F2-2022,30.8,2.21
L2022-E0157,E0157,2022,2,F1,F1-2022,26.1,1.71
L2022-E0158,E0158,2022,2,F2,F2-2022,28.9,2.54
L2022-E0159,E0159,2022,2,F1,F1-2022,25.4,1.94
L2022-E0160,E0160,2022,2,F2,F2-2022,28.7,2.58
L2022-E0161,E0161,2022,2,F1,F1-2022,27.6,2.06
L2022-E0162,E0162,2022,2,F2,F2-2022,35.1,3.17
L2022-E0163,E0163,2022,2,F1,F1-2022,22.6,2.86
L2022-E0164,E0164,2022,2,F2,F2-2022,33.2,3.36
L2022-E0165,E0165,2022,2,F1,F1-2022,31.1,3.70
L2022-E0166,E0166,2022,2,F2,F2-2022,31.0,3.53
L2022-E0167,E0167,2022,2,F1,F1-2022,26.5,3.66
L2022-E0168,E0168,2022,2,F2,F2-2022,27.1,3.26
L2022-E0169,E0169,2022,2,F1,F1-2022,16.6,1.28
L2022-E0170,E0170,2022,2,F2,F2-2022,31.1,3.63
L2022-E0171,E0171,2022,2,F1,F1-2022,19.9,1.96
L2022-E0172,E0172,2022,2,F2,F2-2022,23.4,NA
L2022-E0173,E0173,2022,2,F1,F1-2022,22.6,3.01
L2022-E0174,E0174,2022,2,F2,F2-2022,29.6,2.79
L2022-E0176,E0176,2022,2,F2,F2-2022,33.5,4.60
L2022-E0177,E0177,2022,2,F1,F1-2022,21.7,2.74
L2022-E0178,E0178,2022,2,F2,F2-2022,26.9,NA
L2022-E0179,E0179,2022,2,F1,F1-2022,29.2,NA
L2022-E0180,E0180,2022,2,F2,F2-2022,23.4,2.57
L2022-E0181,E0181,2022,2,F1,F1-2022,23.3,2.49
L2022-E0182,E0182,2022,2,F2,F2-2022,26.3,2.51
L2022-E0183,E0183,2022,2,F1,F1-2022,28.6,4.57
L2022-E0185,E0185,2022,2,F1,F1-2022,29.6,NA
L2022-E0186,E0186,2022,2,F2,F2-2022,24.0,2.33
L2022-E0187,E0187,2022,2,F1,F1-2022,28.9,3.38
L2022-E0188,E0188,2022,2,F2,F2-2022,28.1,NA
L2022-E0189,E0189,2022,2,F1,F1-2022,28.0,4.18
L2022-E0190,E0190,2022,2,F2,F2-2022,24.5,2.43
L2022-E0191,E0191,2022,2,F1,F1-2022,12.9,2.93
L2022-E0192,E0192,2022,2,F2,F2-2022,29.8,2.95
L2022-E0193,E0193,2022,2,F1,F1-2022,23.1,3.66
L2022-E0194,E0194,2022,2,F2,F2-2022,29.5,3.49
L2022-E0195,E0195,2022,2,F1,F1-2022,25.9,2.93
L2022-E0197,E0197,2022,2,F1,F1-2022,23.7,2.31
L2022-E0198,E0198,2022,2,F2,F2-2022,32.2,2.85
L2022-E0199,E0199,2022,2,F1,F1-2022,31.5,3.73
L2022-E0200,E0200,2022,2,F2,F2-2022,28.7,2.95
L2022-W2100003,W2100003,2022,1,F2,F2-2022,27.5,3.44
L2022-W2100008,W2100008,2022,1,F2,F2-2022,31.6,3.58
L2022-W2100020,W2100020,2022,1,F2,F2-2022,35.2,4.00
L2022-W2100022,W2100022,2022,1,F1,F1-2022,19.7,3.64
L2022-W2100030,W2100030,2022,1,F2,F2-2022,26.0,2.77
L2022-W2100031,W2100031,2022,1,F1,F1-2022,24.0,3.83
L2022-W2100034,W2100034,2022,1,F1,F1-2022,26.6,3.71
L2022-W2100036,W2100036,2022,1,F1,F1-2022,16.0,2.96
L2022-W2100037,W2100037,2022,1,F2,F2-2022,30.9,3.05
L2022-W2100038,W2100038,2022,1,F1,F1-2022,30.7,3.79
L2022-W2100052,W2100052,2022,1,F1,F1-2022,24.4,3.32
L2022-W2100059,W2100059,2022,1,F2,F2-2022,30.1,3.16
L2022-W2100060,W2100060,2022,1,F2,F2-2022,27.5,3.42
L2022-W2100064,W2100064,2022,1,F2,F2-2022,29.8,NA
L2022-W2100071,W2100071,2022,1,F2,F2-2022,18.8,2.68
L2022-W2100074,W2100074,2022,1,F2,F2-2022,35.8,3.48
L2022-W2100079,W2100079,2022,1,F1,F1-2022,15.6,3.18
L2022-W2100090,W2100090,2022,1,F1,F1-2022,27.8,2.94
L2022-W2100098,W2100098,2022,1,F2,F2-2022,24.6,3.04
L2022-W2100100,W2100100,2022,1,F2,F2-2022,23.2,3.14
L2022-W2100105,W2100105,2022,1,F1,F1-2022,20.5,NA
L2022-W2100108,W2100108,2022,1,F1,F1-2022,24.7,3.05
L2022-W2100110,W2100110,2022,1,F1,F1-2022,23.8,3.52
L2022-W2100115,W2100115,2022,1,F2,F2-2022,25.6,3.27
L2022-W2100122,W2100122,2022,1,F1,F1-2022,20.4,2.93
L2022-W2100123,W2100123,2022,1,F2,F2-2022,30.3,3.73
L2022-W2100141,W2100141,2022,1,F2,F2-2022,29.1,3.09
L2022-W2100142,W2100142,2022,1,F1,F1-2022,27.2,3.07
L2022-W2100148,W2100148,2022,1,F1,F1-2022,27.0,2.75
L2022-W2100158,W2100158,2022,1,F2,F2-2022,38.9,3.71
L2022-W2100165,W2100165,2022,1,F2,F2-2022,21.9,2.35
L2022-W2100173,W2100173,2022,1,F1,F1-2022,20.5,3.41
L2022-W2100176,W2100176,2022,1,F2,F2-2022,27.3,3.46
L2022-W2100178,W2100178,2022,1,F2,F2-2022,23.9,3.34
L2022-W2100180,W2100180,2022,1,F1,F1-2022,28.4,3.45
L2022-W2100191,W2100191,2022,1,F2,F2-2022,25.5,3.62
L2022-W2100201,W2100201,2022,1,F1,F1-2022,22.1,2.44
L2022-W2100205,W2100205,2022,1,F2,F2-2022,23.0,2.62
L2022-W2100206,W2100206,2022,1,F2,F2-2022,29.1,3.47
L2022-W2100214,W2100214,2022,1,F1,F1-2022,27.9,NA
L2022-W2100216,W2100216,2022,1,F2,F2-2022,25.6,3.39
L2022-W2100218,W2100218,2022,1,F1,F1-2022,24.3,4.10
L2022-W2100230,W2100230,2022,1,F2,F2-2022,33.1,2.67
L2022-W2100237,W2100237,2022,1,F1,F1-2022,26.2,3.63
L2022-W2100245,W2100245,2022,1,F1,F1-2022,23.9,2.82
L2022-W2100254,W2100254,2022,1,F1,F1-2022,19.8,1.86
L2022-W2100256,W2100256,2022,1,F2,F2-2022,30.3,NA
L2022-W2100259,W2100259,2022,1,F1,F1-2022,27.4,2.67
L2022-W2100261,W2100261,2022,1,F1,F1-2022,27.5,3.58
L2022-W2100279,W2100279,2022,1,F2,F2-2022,26.0,2.99
L2022-W2100282,W2100282,2022,1,F2,F2-2022,23.3,3.34
L2023-E0001,E0001,2023,3,F1,F1-2023,32.6,4.05
L2023-E0002,E0002,2023,3,F2,F2-2023,30.4,1.55
L2023-E0003,E0003,2023,3,F1,F1-2023,34.4,4.82
L2023-E0004,E0004,2023,3,F2,F2-2023,30.2,3.83
L2023-E0006,E0006,2023,3,F2,F2-2023,35.1,3.13
L2023-E0007,E0007,2023,3,F1,F1-2023,28.5,1.95
L2023-E0008,E0008,2023,3,F2,F2-2023,35.4,2.56
L2023-E0010,E0010,2023,3,F2,F2-2023,34.8,4.05
L2023-E0011,E0011,2023,3,F1,F1-2023,32.9,2.87
L2023-E0012,E0012,2023,3,F2,F2-2023,31.3,NA
L2023-E0014,E0014,2023,3,F2,F2-2023,35.5,1.70
L2023-E0016,E0016,2023,3,F2,F2-2023,29.5,2.43
L2023-E0019,E0019,2023,3,F1,F1-2023,28.3,4.10
L2023-E0020,E0020,2023,3,F2,F2-2023,32.8,3.90
L2023-E0021,E0021,2023,3,F1,F1-2023,37.6,4.49
L2023-E0022,E0022,2023,3,F2,F2-2023,30.1,3.01
L2023-E0024,E0024,2023,3,F2,F2-2023,27.0,2.63
L2023-E0025,E0025,2023,3,F1,F1-2023,35.2,2.50
L2023-E0026,E0026,2023,3,F2,F2-2023,30.0,2.33
L2023-E0028,E0028,2023,3,F2,F2-2023,23.2,2.31
L2023-E0030,E0030,2023,3,F2,F2-2023,30.0,3.28
L2023-E0031,E0031,2023,3,F1,F1-2023,34.9,3.29
L2023-E0033,E0033,2023,3,F1,F1-2023,38.1,NA
L2023-E0036,E0036,2023,3,F2,F2-2023,26.4,2.42
L2023-E0038,E0038,2023,3,F2,F2-2023,30.2,3.04
L2023-E0039,E0039,2023,3,F1,F1-2023,33.3,3.61
L2023-E0041,E0041,2023,3,F1,F1-2023,25.6,2.68
L2023-E0042,E0042,2023,3,F2,F2-2023,31.2,4.00
L2023-E0045,E0045,2023,3,F1,F1-2023,25.3,2.88
L2023-E0046,E0046,2023,3,F2,F2-2023,27.0,2.70
L2023-E0047,E0047,2023,3,F1,F1-2023,33.8,4.51
L2023-E0048,E0048,2023,3,F2,F2-2023,32.6,2.41
L2023-E0049,E0049,2023,3,F1,F1-2023,31.5,2.90
L2023-E0050,E0050,2023,3,F2,F2-2023,22.0,NA
L2023-E0051,E0051,2023,3,F1,F1-2023,33.6,3.60
L2023-E0052,E0052,2023,3,F2,F2-2023,36.6,3.02
L2023-E0053,E0053,2023,3,F1,F1-2023,35.5,3.47
L2023-E0055,E0055,2023,3,F1,F1-2023,38.2,3.35
L2023-E0057,E0057,2023,3,F1,F1-2023,31.7,3.18
L2023-E0058,E0058,2023,3,F2,F2-2023,29.4,2.57
L2023-E0060,E0060,2023,3,F2,F2-2023,29.6,NA
L2023-E0061,E0061,2023,3,F1,F1-2023,40.7,2.82
L2023-E0062,E0062,2023,3,F2,F2-2023,31.7,2.39
L2023-E0063,E0063,2023,3,F1,F1-2023,32.9,3.28
L2023-E0064,E0064,2023,3,F2,F2-2023,29.9,3.67
L2023-E0065,E0065,2023,3,F1,F1-2023,29.4,NA
L2023-E0066,E0066,2023,3,F2,F2-2023,30.1,2.33
L2023-E0067,E0067,2023,3,F1,F1-2023,23.9,3.24
L2023-E0069,E0069,2023,3,F1,F1-2023,25.2,3.32
L2023-E0070,E0070,2023,3,F2,F2-2023,29.4,3.72
L2023-E0073,E0073,2023,3,F1,F1-2023,24.7,2.73
L2023-E0074,E0074,2023,3,F2,F2-2023,36.2,3.60
L2023-E0075,E0075,2023,3,F1,F1-2023,29.4,2.21
L2023-E0076,E0076,2023,3,F2,F2-2023,28.9,NA
L2023-E0078,E0078,2023,3,F2,F2-2023,32.8,NA
L2023-E0079,E0079,2023,3,F1,F1-2023,31.3,3.44
L2023-E0081,E0081,2023,3,F1,F1-2023,33.8,NA
L2023-E0083,E0083,2023,3,F1,F1-2023,29.9,NA
L2023-E0084,E0084,2023,3,F2,F2-2023,29.3,3.51
L2023-E0085,E0085,2023,3,F1,F1-2023,36.3,3.84
L2023-E0087,E0087,2023,3,F1,F1-2023,28.4,3.05
L2023-E0088,E0088,2023,3,F2,F2-2023,26.5,1.65
L2023-E0089,E0089,2023,3,F1,F1-2023,21.8,NA
L2023-E0091,E0091,2023,3,F1,F1-2023,25.9,NA
L2023-E0092,E0092,2023,3,F2,F2-2023,33.5,3.84
L2023-E0095,E0095,2023,3,F1,F1-2023,31.9,3.81
L2023-E0096,E0096,2023,3,F2,F2-2023,25.3,3.23
L2023-E0098,E0098,2023,3,F2,F2-2023,23.6,2.80
L2023-E0100,E0100,2023,3,F2,F2-2023,27.5,3.85
L2023-E0101,E0101,2023,3,F1,F1-2023,30.1,3.74
L2023-E0102,E0102,2023,3,F2,F2-2023,22.7,2.05
L2023-E0103,E0103,2023,3,F1,F1-2023,36.6,3.38
L2023-E0104,E0104,2023,3,F2,F2-2023,35.9,3.42
L2023-E0105,E0105,2023,3,F1,F1-2023,32.8,3.56
L2023-E0106,E0106,2023,3,F2,F2-2023,29.2,2.37
L2023-E0107,E0107,2023,3,F1,F1-2023,31.6,3.58
L2023-E0109,E0109,2023,3,F1,F1-2023,25.0,2.67
L2023-E0110,E0110,2023,3,F2,F2-2023,27.8,1.97
L2023-E0111,E0111,2023,3,F1,F1-2023,26.3,NA
L2023-E0113,E0113,2023,3,F1,F1-2023,30.3,4.19
L2023-E0114,E0114,2023,3,F2,F2-2023,29.6,NA
L2023-E0115,E0115,2023,3,F1,F1-2023,30.1,4.25
L2023-E0117,E0117,2023,3,F1,F1-2023,25.3,NA
L2023-E0118,E0118,2023,3,F2,F2-2023,24.3,1.44
L2023-E0119,E0119,2023,3,F1,F1-2023,23.3,3.86
L2023-E0120,E0120,2023,3,F2,F2-2023,31.4,3.99
L2023-E0121,E0121,2023,3,F1,F1-2023,31.9,3.11
L2023-E0122,E0122,2023,3,F2,F2-2023,25.9,3.34
L2023-E0124,E0124,2023,3,F2,F2-2023,36.6,4.32
L2023-E0125,E0125,2023,3,F1,F1-2023,27.9,3.10
L2023-E0126,E0126,2023,3,F2,F2-2023,34.3,3.12
L2023-E0127,E0127,2023,3,F1,F1-2023,22.5,3.11
L2023-E0128,E0128,2023,3,F2,F2-2023,34.1,2.68
L2023-E0129,E0129,2023,3,F1,F1-2023,29.9,3.35
L2023-E0132,E0132,2023,3,F2,F2-2023,22.0,2.65
L2023-E0133,E0133,2023,3,F1,F1-2023,25.9,3.82
L2023-E0134,E0134,2023,3,F2,F2-2023,29.5,2.76
L2023-E0136,E0136,2023,3,F2,F2-2023,22.4,2.31
L2023-E0137,E0137,2023,3,F1,F1-2023,29.6,3.93
L2023-E0138,E0138,2023,3,F2,F2-2023,34.7,3.09
L2023-E0140,E0140,2023,3,F2,F2-2023,26.6,2.25
L2023-E0141,E0141,2023,3,F1,F1-2023,39.1,4.38
L2023-E0142,E0142,2023,3,F2,F2-2023,29.7,3.06
L2023-E0143,E0143,2023,3,F1,F1-2023,31.4,3.44
L2023-E0144,E0144,2023,3,F2,F2-2023,25.0,2.72
L2023-E0146,E0146,2023,3,F2,F2-2023,29.1,1.70
L2023-E0147,E0147,2023,3,F1,F1-2023,41.2,4.85
L2023-E0148,E0148,2023,3,F2,F2-2023,19.0,NA
L2023-E0149,E0149,2023,3,F1,F1-2023,26.9,NA
L2023-E0150,E0150,2023,3,F2,F2-2023,40.2,4.02
L2023-E0151,E0151,2023,3,F1,F1-2023,31.0,3.90
L2023-E0155,E0155,2023,3,F1,F1-2023,26.6,4.21
L2023-E0156,E0156,2023,3,F2,F2-2023,28.2,2.56
L2023-E0158,E0158,2023,3,F2,F2-2023,26.4,NA
L2023-E0159,E0159,2023,3,F1,F1-2023,33.9,3.45
L2023-E0160,E0160,2023,3,F2,F2-2023,24.9,2.87
L2023-E0161,E0161,2023,3,F1,F1-2023,33.1,3.36
L2023-E0163,E0163,2023,3,F1,F1-2023,29.4,2.32
L2023-E0164,E0164,2023,3,F2,F2-2023,26.6,3.27
L2023-E0165,E0165,2023,3,F1,F1-2023,31.8,3.56
L2023-E0167,E0167,2023,3,F1,F1-2023,32.9,3.74
L2023-E0170,E0170,2023,3,F2,F2-2023,29.2,3.75
L2023-E0171,E0171,2023,3,F1,F1-2023,20.6,2.93
L2023-E0172,E0172,2023,3,F2,F2-2023,19.9,1.43
L2023-E0173,E0173,2023,3,F1,F1-2023,30.3,3.07
L2023-E0174,E0174,2023,3,F2,F2-2023,29.3,3.16
L2023-E0177,E0177,2023,3,F1,F1-2023,29.4,3.45
L2023-E0178,E0178,2023,3,F2,F2-2023,29.2,2.30
L2023-E0179,E0179,2023,3,F1,F1-2023,35.2,4.49
L2023-E0181,E0181,2023,3,F1,F1-2023,23.4,2.39
L2023-E0182,E0182,2023,3,F2,F2-2023,24.2,3.03
L2023-E0183,E0183,2023,3,F1,F1-2023,46.0,4.58
L2023-E0185,E0185,2023,3,F1,F1-2023,38.1,3.73
L2023-E0186,E0186,2023,3,F2,F2-2023,32.1,3.11
L2023-E0187,E0187,2023,3,F1,F1-2023,35.3,2.81
L2023-E0188,E0188,2023,3,F2,F2-2023,28.0,3.68
L2023-E0189,E0189,2023,3,F1,F1-2023,34.4,4.29
L2023-E0190,E0190,2023,3,F2,F2-2023,34.8,3.11
L2023-E0191,E0191,2023,3,F1,F1-2023,21.4,3.09
L2023-E0192,E0192,2023,3,F2,F2-2023,29.3,2.41
L2023-E0193,E0193,2023,3,F1,F1-2023,29.3,3.22
L2023-E0194,E0194,2023,3,F2,F2-2023,30.5,2.70
L2023-E0197,E0197,2023,3,F1,F1-2023,24.1,2.76
L2023-E0199,E0199,2023,3,F1,F1-2023,24.6,NA
L2023-E0200,E0200,2023,3,F2,F2-2023,31.1,2.83
L2023-W2100003,W2100003,2023,2,F2,F2-2023,25.4,2.96
L2023-W2100020,W2100020,2023,2,F2,F2-2023,25.0,3.39
L2023-W2100022,W2100022,2023,2,F1,F1-2023,30.0,3.01
L2023-W2100030,W2100030,2023,2,F2,F2-2023,24.5,2.94
L2023-W2100031,W2100031,2023,2,F1,F1-2023,31.1,4.00
L2023-W2100034,W2100034,2023,2,F1,F1-2023,37.4,3.27
L2023-W2100036,W2100036,2023,2,F1,F1-2023,18.5,2.77
L2023-W2100037,W2100037,2023,2,F2,F2-2023,29.9,3.64
L2023-W2100038,W2100038,2023,2,F1,F1-2023,28.0,3.20
L2023-W2100059,W2100059,2023,2,F2,F2-2023,31.8,3.38
L2023-W2100060,W2100060,2023,2,F2,F2-2023,28.9,4.33
L2023-W2100064,W2100064,2023,2,F2,F2-2023,29.4,4.30
L2023-W2100071,W2100071,2023,2,F2,F2-2023,29.9,2.81
L2023-W2100074,W2100074,2023,2,F2,F2-2023,25.0,2.41
L2023-W2100079,W2100079,2023,2,F1,F1-2023,31.1,3.80
L2023-W2100090,W2100090,2023,2,F1,F1-2023,28.6,3.31
L2023-W2100098,W2100098,2023,2,F2,F2-2023,25.2,2.97
L2023-W2100100,W2100100,2023,2,F2,F2-2023,27.5,2.54
L2023-W2100105,W2100105,2023,2,F1,F1-2023,33.3,2.87
L2023-W2100108,W2100108,2023,2,F1,F1-2023,34.5,3.93
L2023-W2100110,W2100110,2023,2,F1,F1-2023,31.6,3.00
L2023-W2100115,W2100115,2023,2,F2,F2-2023,32.7,3.48
L2023-W2100122,W2100122,2023,2,F1,F1-2023,32.6,3.45
L2023-W2100123,W2100123,2023,2,F2,F2-2023,32.1,3.29
L2023-W2100141,W2100141,2023,2,F2,F2-2023,29.1,2.95
L2023-W2100142,W2100142,2023,2,F1,F1-2023,31.1,3.95
L2023-W2100148,W2100148,2023,2,F1,F1-2023,25.8,2.63
L2023-W2100158,W2100158,2023,2,F2,F2-2023,30.7,2.73
L2023-W2100165,W2100165,2023,2,F2,F2-2023,30.0,3.62
L2023-W2100173,W2100173,2023,2,F1,F1-2023,32.2,3.42
L2023-W2100176,W2100176,2023,2,F2,F2-2023,25.9,3.38
L2023-W2100178,W2100178,2023,2,F2,F2-2023,30.0,2.68
L2023-W2100191,W2100191,2023,2,F2,F2-2023,28.2,3.13
L2023-W2100201,W2100201,2023,2,F1,F1-2023,34.9,NA
L2023-W2100205,W2100205,2023,2,F2,F2-2023,33.1,2.17
L2023-W2100206,W2100206,2023,2,F2,F2-2023,26.1,NA
L2023-W2100214,W2100214,2023,2,F1,F1-2023,33.3,3.47
L2023-W2100230,W2100230,2023,2,F2,F2-2023,32.0,3.58
L2023-W2100237,W2100237,2023,2,F1,F1-2023,24.2,4.19
L2023-W2100245,W2100245,2023,2,F1,F1-2023,26.6,3.59
L2023-W2100254,W2100254,2023,2,F1,F1-2023,29.0,3.94
L2023-W2100256,W2100256,2023,2,F2,F2-2023,31.2,2.81
L2023-W2100259,W2100259,2023,2,F1,F1-2023,32.1,2.15
L2023-W2100261,W2100261,2023,2,F1,F1-2023,30.3,3.67
L2023-W2100279,W2100279,2023,2,F2,F2-2023,21.8,2.56
L2023-W2100282,W2100282,2023,2,F2,F2-2023,16.3,2.31
L2023-W2200295,W2200295,2023,1,F2,F2-2023,16.4,2.89
L2023-W2200296,W2200296,2023,1,F1,F1-2023,28.1,3.67
L2023-W2200297,W2200297,2023,1,F2,F2-2023,22.5,3.77
L2023-W2200299,W2200299,2023,1,F2,F2-2023,24.2,2.67
L2023-W2200314,W2200314,2023,1,F1,F1-2023,23.2,2.63
L2023-W2200318,W2200318,2023,1,F1,F1-2023,24.6,2.40
L2023-W2200327,W2200327,2023,1,F2,F2-2023,27.1,3.15
L2023-W2200329,W2200329,2023,1,F1,F1-2023,22.3,3.35
L2023-W2200331,W2200331,2023,1,F2,F2-2023,26.7,NA
L2023-W2200338,W2200338,2023,1,F2,F2-2023,15.0,NA
L2023-W2200343,W2200343,2023,1,F2,F2-2023,22.5,3.06
L2023-W2200346,W2200346,2023,1,F1,F1-2023,16.2,2.47
L2023-W2200349,W2200349,2023,1,F2,F2-2023,29.7,3.88
L2023-W2200353,W2200353,2023,1,F1,F1-2023,34.4,3.48
L2023-W2200362,W2200362,2023,1,F2,F2-2023,22.5,3.09
L2023-W2200369,W2200369,2023,1,F1,F1-2023,22.7,2.88
L2023-W2200375,W2200375,2023,1,F2,F2-2023,34.0,3.31
L2023-W2200385,W2200385,2023,1,F2,F2-2023,27.1,3.12
L2023-W2200388,W2200388,2023,1,F2,F2-2023,23.3,2.00
L2023-W2200395,W2200395,2023,1,F2,F2-2023,22.7,2.33
L2023-W2200397,W2200397,2023,1,F2,F2-2023,28.9,2.88
L2023-W2200400,W2200400,2023,1,F2,F2-2023,26.3,2.99
L2023-W2200402,W2200402,2023,1,F2,F2-2023,18.3,2.44
L2023-W2200406,W2200406,2023,1,F1,F1-2023,22.9,2.67
L2023-W2200410,W2200410,2023,1,F1,F1-2023,33.3,3.62
L2023-W2200411,W2200411,2023,1,F1,F1-2023,29.8,3.81
L2023-W2200413,W2200413,2023,1,F2,F2-2023,25.0,2.71
L2023-W2200415,W2200415,2023,1,F1,F1-2023,23.3,4.15
L2023-W2200425,W2200425,2023,1,F2,F2-2023,20.4,2.32
L2023-W2200433,W2200433,2023,1,F2,F2-2023,27.0,2.90
L2023-W2200437,W2200437,2023,1,F1,F1-2023,24.6,4.34
L2023-W2200438,W2200438,2023,1,F2,F2-2023,27.4,3.01
L2023-W2200440,W2200440,2023,1,F1,F1-2023,29.2,3.59
L2023-W2200442,W2200442,2023,1,F1,F1-2023,25.6,3.00
L2023-W2200448,W2200448,2023,1,F1,F1-2023,29.4,2.94
L2023-W2200450,W2200450,2023,1,F1,F1-2023,21.1,2.26
L2023-W2200451,W2200451,2023,1,F2,F2-2023,23.3,3.26
L2023-W2200458,W2200458,2023,1,F2,F2-2023,27.9,2.80
L2023-W2200469,W2200469,2023,1,F2,F2-2023,16.9,1.82
L2023-W2200496,W2200496,2023,1,F2,F2-2023,33.9,4.32
L2023-W2200502,W2200502,2023,1,F1,F1-2023,31.3,NA
L2023-W2200507,W2200507,2023,1,F2,F2-2023,22.5,NA
L2023-W2200511,W2200511,2023,1,F1,F1-2023,26.0,NA
L2023-W2200519,W2200519,2023,1,F2,F2-2023,25.0,2.49
L2023-W2200520,W2200520,2023,1,F2,F2-2023,23.5,3.08
L2023-W2200526,W2200526,2023,1,F2,F2-2023,27.2,2.87
L2023-W2200538,W2200538,2023,1,F2,F2-2023,20.6,1.64
L2023-W2200544,W2200544,2023,1,F2,F2-2023,27.9,2.03
L2023-W2200547,W2200547,2023,1,F2,F2-2023,26.6,2.16
L2023-W2200549,W2200549,2023,1,F1,F1-2023,27.4,3.03
L2023-W2200561,W2200561,2023,1,F1,F1-2023,28.9,3.20
L2023-W2200564,W2200564,2023,1,F2,F2-2023,19.8,3.52
L2023-W2200568,W2200568,2023,1,F2,F2-2023,19.9,1.41
L2023-W2200569,W2200569,2023,1,F1,F1-2023,25.4,2.97
L2023-W2200570,W2200570,2023,1,F2,F2-2023,26.0,3.58
L2023-W2200574,W2200574,2023,1,F2,F2-2023,27.2,2.04
L2023-W2200579,W2200579,2023,1,F2,F2-2023,25.9,4.20
L2023-W2200595,W2200595,2023,1,F1,F1-2023,30.1,2.70
L2023-W2200603,W2200603,2023,1,F1,F1-2023,28.8,2.26
L2023-W2200605,W2200605,2023,1,F1,F1-2023,28.2,2.93
L2023-W2200610,W2200610,2023,1,F2,F2-2023,24.9,2.84
L2023-W2200640,W2200640,2023,1,F2,F2-2023,34.1,3.73
L2024-E0001,E0001,2024,4,F1,F1-2024,35.6,4.29
L2024-E0002,E0002,2024,4,F2,F2-2024,24.3,2.24
L2024-E0003,E0003,2024,4,F1,F1-2024,31.1,3.33
L2024-E0004,E0004,2024,4,F2,F2-2024,29.6,3.66
L2024-E0006,E0006,2024,4,F2,F2-2024,34.5,3.50
L2024-E0008,E0008,2024,4,F2,F2-2024,31.7,2.79
L2024-E0010,E0010,2024,4,F2,F2-2024,34.6,4.20
L2024-E0014,E0014,2024,4,F2,F2-2024,30.3,2.15
L2024-E0016,E0016,2024,4,F2,F2-2024,28.8,2.67
L2024-E0021,E0021,2024,4,F1,F1-2024,36.6,3.97
L2024-E0022,E0022,2024,4,F2,F2-2024,19.1,2.64
L2024-E0024,E0024,2024,4,F2,F2-2024,27.5,NA
L2024-E0025,E0025,2024,4,F1,F1-2024,21.7,2.96
L2024-E0026,E0026,2024,4,F2,F2-2024,30.1,2.97
L2024-E0028,E0028,2024,4,F2,F2-2024,30.4,2.01
L2024-E0030,E0030,2024,4,F2,F2-2024,29.1,3.77
L2024-E0036,E0036,2024,4,F2,F2-2024,31.2,2.91
L2024-E0038,E0038,2024,4,F2,F2-2024,24.3,3.29
L2024-E0041,E0041,2024,4,F1,F1-2024,29.2,2.71
L2024-E0042,E0042,2024,4,F2,F2-2024,26.1,3.53
L2024-E0045,E0045,2024,4,F1,F1-2024,29.4,2.98
L2024-E0046,E0046,2024,4,F2,F2-2024,25.9,2.30
L2024-E0047,E0047,2024,4,F1,F1-2024,35.3,3.73
L2024-E0048,E0048,2024,4,F2,F2-2024,30.2,2.62
L2024-E0050,E0050,2024,4,F2,F2-2024,19.0,1.96
L2024-E0051,E0051,2024,4,F1,F1-2024,24.2,2.09
L2024-E0053,E0053,2024,4,F1,F1-2024,31.0,3.30
L2024-E0055,E0055,2024,4,F1,F1-2024,30.6,3.02
L2024-E0057,E0057,2024,4,F1,F1-2024,23.1,3.26
L2024-E0058,E0058,2024,4,F2,F2-2024,31.9,NA
L2024-E0060,E0060,2024,4,F2,F2-2024,22.9,2.09
L2024-E0061,E0061,2024,4,F1,F1-2024,27.8,2.10
L2024-E0062,E0062,2024,4,F2,F2-2024,31.8,2.43
L2024-E0063,E0063,2024,4,F1,F1-2024,44.0,NA
L2024-E0065,E0065,2024,4,F1,F1-2024,33.1,NA
L2024-E0066,E0066,2024,4,F2,F2-2024,26.9,3.44
L2024-E0067,E0067,2024,4,F1,F1-2024,32.0,2.69
L2024-E0069,E0069,2024,4,F1,F1-2024,36.5,3.67
L2024-E0070,E0070,2024,4,F2,F2-2024,27.4,2.90
L2024-E0073,E0073,2024,4,F1,F1-2024,28.2,3.56
L2024-E0074,E0074,2024,4,F2,F2-2024,29.5,2.80
L2024-E0075,E0075,2024,4,F1,F1-2024,37.8,2.31
L2024-E0076,E0076,2024,4,F2,F2-2024,23.5,3.11
L2024-E0078,E0078,2024,4,F2,F2-2024,36.5,4.12
L2024-E0081,E0081,2024,4,F1,F1-2024,31.4,3.08
L2024-E0084,E0084,2024,4,F2,F2-2024,36.7,2.88
L2024-E0085,E0085,2024,4,F1,F1-2024,37.0,4.40
L2024-E0087,E0087,2024,4,F1,F1-2024,26.0,2.73
L2024-E0088,E0088,2024,4,F2,F2-2024,27.6,2.90
L2024-E0089,E0089,2024,4,F1,F1-2024,25.1,2.61
L2024-E0091,E0091,2024,4,F1,F1-2024,32.8,2.56
L2024-E0092,E0092,2024,4,F2,F2-2024,35.8,4.33
L2024-E0095,E0095,2024,4,F1,F1-2024,35.3,4.63
L2024-E0096,E0096,2024,4,F2,F2-2024,22.0,3.20
L2024-E0098,E0098,2024,4,F2,F2-2024,24.4,2.60
L2024-E0100,E0100,2024,4,F2,F2-2024,31.2,3.80
L2024-E0101,E0101,2024,4,F1,F1-2024,25.7,3.27
L2024-E0102,E0102,2024,4,F2,F2-2024,31.1,3.06
L2024-E0104,E0104,2024,4,F2,F2-2024,34.5,2.91
L2024-E0105,E0105,2024,4,F1,F1-2024,29.3,3.70
L2024-E0106,E0106,2024,4,F2,F2-2024,28.0,NA
L2024-E0107,E0107,2024,4,F1,F1-2024,32.1,2.87
L2024-E0109,E0109,2024,4,F1,F1-2024,34.5,3.28
L2024-E0110,E0110,2024,4,F2,F2-2024,22.6,2.84
L2024-E0113,E0113,2024,4,F1,F1-2024,28.8,2.31
L2024-E0114,E0114,2024,4,F2,F2-2024,33.4,3.42
L2024-E0117,E0117,2024,4,F1,F1-2024,34.2,2.50
L2024-E0118,E0118,2024,4,F2,F2-2024,22.9,2.04
L2024-E0119,E0119,2024,4,F1,F1-2024,32.8,4.81
L2024-E0120,E0120,2024,4,F2,F2-2024,29.9,3.91
L2024-E0121,E0121,2024,4,F1,F1-2024,41.4,3.38
L2024-E0122,E0122,2024,4,F2,F2-2024,27.4,2.59
L2024-E0124,E0124,2024,4,F2,F2-2024,30.3,2.75
L2024-E0125,E0125,2024,4,F1,F1-2024,37.1,3.55
L2024-E0126,E0126,2024,4,F2,F2-2024,26.6,2.36
L2024-E0127,E0127,2024,4,F1,F1-2024,28.7,3.02
L2024-E0129,E0129,2024,4,F1,F1-2024,30.5,2.73
L2024-E0132,E0132,2024,4,F2,F2-2024,18.5,2.62
L2024-E0133,E0133,2024,4,F1,F1-2024,35.9,3.17
L2024-E0140,E0140,2024,4,F2,F2-2024,27.9,2.56
L2024-E0141,E0141,2024,4,F1,F1-2024,32.5,3.16
L2024-E0142,E0142,2024,4,F2,F2-2024,23.7,1.99
L2024-E0143,E0143,2024,4,F1,F1-2024,29.1,2.67
L2024-E0146,E0146,2024,4,F2,F2-2024,28.3,2.89
L2024-E0147,E0147,2024,4,F1,F1-2024,33.5,4.18
L2024-E0148,E0148,2024,4,F2,F2-2024,24.1,3.07
L2024-E0149,E0149,2024,4,F1,F1-2024,23.2,1.95
L2024-E0150,E0150,2024,4,F2,F2-2024,33.1,2.71
L2024-E0151,E0151,2024,4,F1,F1-2024,42.0,4.31
L2024-E0155,E0155,2024,4,F1,F1-2024,32.5,3.29
L2024-E0156,E0156,2024,4,F2,F2-2024,28.8,3.02
L2024-E0158,E0158,2024,4,F2,F2-2024,30.7,4.39
L2024-E0159,E0159,2024,4,F1,F1-2024,30.4,3.53
L2024-E0163,E0163,2024,4,F1,F1-2024,31.0,1.57
L2024-E0164,E0164,2024,4,F2,F2-2024,25.6,3.55
L2024-E0165,E0165,2024,4,F1,F1-2024,33.9,NA
L2024-E0167,E0167,2024,4,F1,F1-2024,40.5,4.06
L2024-E0170,E0170,2024,4,F2,F2-2024,22.7,3.52
L2024-E0171,E0171,2024,4,F1,F1-2024,29.4,2.27
L2024-E0172,E0172,2024,4,F2,F2-2024,18.0,1.85
L2024-E0174,E0174,2024,4,F2,F2-2024,31.6,3.65
L2024-E0177,E0177,2024,4,F1,F1-2024,32.7,3.70
L2024-E0178,E0178,2024,4,F2,F2-2024,30.3,4.02
L2024-E0179,E0179,2024,4,F1,F1-2024,41.5,4.77
L2024-E0181,E0181,2024,4,F1,F1-2024,30.5,2.06
L2024-E0182,E0182,2024,4,F2,F2-2024,27.4,2.95
L2024-E0183,E0183,2024,4,F1,F1-2024,34.9,3.97
L2024-E0185,E0185,2024,4,F1,F1-2024,35.0,3.45
L2024-E0186,E0186,2024,4,F2,F2-2024,21.8,NA
L2024-E0187,E0187,2024,4,F1,F1-2024,39.4,3.37
L2024-E0188,E0188,2024,4,F2,F2-2024,26.7,2.70
L2024-E0189,E0189,2024,4,F1,F1-2024,32.3,4.15
L2024-E0190,E0190,2024,4,F2,F2-2024,24.2,1.75
L2024-E0191,E0191,2024,4,F1,F1-2024,22.5,3.32
L2024-E0193,E0193,2024,4,F1,F1-2024,26.9,2.21
L2024-E0194,E0194,2024,4,F2,F2-2024,20.1,2.55
L2024-E0197,E0197,2024,4,F1,F1-2024,26.8,1.61
L2024-E0199,E0199,2024,4,F1,F1-2024,37.2,3.90
L2024-E0200,E0200,2024,4,F2,F2-2024,27.0,2.96
L2024-W2100003,W2100003,2024,3,F2,F2-2024,26.7,NA
L2024-W2100022,W2100022,2024,3,F1,F1-2024,33.2,NA
L2024-W2100030,W2100030,2024,3,F2,F2-2024,31.1,NA
L2024-W2100031,W2100031,2024,3,F1,F1-2024,41.0,NA
L2024-W2100034,W2100034,2024,3,F1,F1-2024,37.6,3.28
L2024-W2100036,W2100036,2024,3,F1,F1-2024,31.3,3.22
L2024-W2100038,W2100038,2024,3,F1,F1-2024,40.6,3.22
L2024-W2100059,W2100059,2024,3,F2,F2-2024,34.6,3.75
L2024-W2100060,W2100060,2024,3,F2,F2-2024,24.6,2.48
L2024-W2100064,W2100064,2024,3,F2,F2-2024,24.9,3.13
L2024-W2100071,W2100071,2024,3,F2,F2-2024,30.4,2.77
L2024-W2100074,W2100074,2024,3,F2,F2-2024,23.0,2.49
L2024-W2100079,W2100079,2024,3,F1,F1-2024,32.2,3.15
L2024-W2100090,W2100090,2024,3,F1,F1-2024,36.4,2.65
L2024-W2100100,W2100100,2024,3,F2,F2-2024,27.0,3.62
L2024-W2100105,W2100105,2024,3,F1,F1-2024,34.8,3.59
L2024-W2100110,W2100110,2024,3,F1,F1-2024,37.6,3.87
L2024-W2100115,W2100115,2024,3,F2,F2-2024,32.7,3.76
L2024-W2100122,W2100122,2024,3,F1,F1-2024,36.1,3.02
L2024-W2100123,W2100123,2024,3,F2,F2-2024,31.5,NA
L2024-W2100141,W2100141,2024,3,F2,F2-2024,32.9,3.05
L2024-W2100148,W2100148,2024,3,F1,F1-2024,27.9,NA
L2024-W2100165,W2100165,2024,3,F2,F2-2024,25.8,3.12
L2024-W2100173,W2100173,2024,3,F1,F1-2024,30.4,3.61
L2024-W2100178,W2100178,2024,3,F2,F2-2024,27.4,3.85
L2024-W2100201,W2100201,2024,3,F1,F1-2024,35.5,3.08
L2024-W2100205,W2100205,2024,3,F2,F2-2024,32.5,3.33
L2024-W2100214,W2100214,2024,3,F1,F1-2024,42.4,3.54
L2024-W2100230,W2100230,2024,3,F2,F2-2024,29.8,NA
L2024-W2100237,W2100237,2024,3,F1,F1-2024,36.3,2.93
L2024-W2100245,W2100245,2024,3,F1,F1-2024,25.1,2.29
L2024-W2100254,W2100254,2024,3,F1,F1-2024,36.9,3.00
L2024-W2100256,W2100256,2024,3,F2,F2-2024,24.8,3.20
L2024-W2100279,W2100279,2024,3,F2,F2-2024,27.3,2.93
L2024-W2200295,W2200295,2024,2,F2,F2-2024,24.0,2.66
L2024-W2200296,W2200296,2024,2,F1,F1-2024,32.8,3.93
L2024-W2200297,W2200297,2024,2,F2,F2-2024,26.9,3.30
L2024-W2200299,W2200299,2024,2,F2,F2-2024,31.2,2.44
L2024-W2200314,W2200314,2024,2,F1,F1-2024,28.3,2.56
L2024-W2200318,W2200318,2024,2,F1,F1-2024,19.9,2.14
L2024-W2200327,W2200327,2024,2,F2,F2-2024,27.5,3.83
L2024-W2200329,W2200329,2024,2,F1,F1-2024,25.0,3.19
L2024-W2200331,W2200331,2024,2,F2,F2-2024,22.4,2.63
L2024-W2200338,W2200338,2024,2,F2,F2-2024,20.3,2.53
L2024-W2200343,W2200343,2024,2,F2,F2-2024,28.7,2.72
L2024-W2200346,W2200346,2024,2,F1,F1-2024,20.8,2.11
L2024-W2200349,W2200349,2024,2,F2,F2-2024,37.9,3.93
L2024-W2200353,W2200353,2024,2,F1,F1-2024,36.7,NA
L2024-W2200362,W2200362,2024,2,F2,F2-2024,25.8,2.57
L2024-W2200369,W2200369,2024,2,F1,F1-2024,35.3,NA
L2024-W2200375,W2200375,2024,2,F2,F2-2024,39.8,3.46
L2024-W2200388,W2200388,2024,2,F2,F2-2024,26.7,3.19
L2024-W2200395,W2200395,2024,2,F2,F2-2024,20.1,2.71
L2024-W2200397,W2200397,2024,2,F2,F2-2024,20.3,3.30
L2024-W2200400,W2200400,2024,2,F2,F2-2024,20.5,2.62
L2024-W2200402,W2200402,2024,2,F2,F2-2024,28.7,2.88
L2024-W2200406,W2200406,2024,2,F1,F1-2024,27.2,2.59
L2024-W2200410,W2200410,2024,2,F1,F1-2024,33.7,3.05
L2024-W2200411,W2200411,2024,2,F1,F1-2024,26.3,3.67
L2024-W2200413,W2200413,2024,2,F2,F2-2024,31.8,3.19
L2024-W2200415,W2200415,2024,2,F1,F1-2024,32.0,3.06
L2024-W2200425,W2200425,2024,2,F2,F2-2024,22.0,1.62
L2024-W2200433,W2200433,2024,2,F2,F2-2024,22.0,2.58
L2024-W2200437,W2200437,2024,2,F1,F1-2024,31.0,NA
L2024-W2200438,W2200438,2024,2,F2,F2-2024,24.0,3.01
L2024-W2200440,W2200440,2024,2,F1,F1-2024,33.5,2.39
L2024-W2200442,W2200442,2024,2,F1,F1-2024,33.7,2.87
L2024-W2200448,W2200448,2024,2,F1,F1-2024,36.7,2.84
L2024-W2200450,W2200450,2024,2,F1,F1-2024,22.0,2.68
L2024-W2200451,W2200451,2024,2,F2,F2-2024,30.0,3.44
L2024-W2200458,W2200458,2024,2,F2,F2-2024,32.5,NA
L2024-W2200469,W2200469,2024,2,F2,F2-2024,21.0,2.12
L2024-W2200496,W2200496,2024,2,F2,F2-2024,26.3,2.71
L2024-W2200502,W2200502,2024,2,F1,F1-2024,39.6,2.89
L2024-W2200511,W2200511,2024,2,F1,F1-2024,28.8,2.38
L2024-W2200520,W2200520,2024,2,F2,F2-2024,25.9,3.02
L2024-W2200526,W2200526,2024,2,F2,F2-2024,25.1,2.58
L2024-W2200538,W2200538,2024,2,F2,F2-2024,25.4,1.76
L2024-W2200544,W2200544,2024,2,F2,F2-2024,31.2,3.36
L2024-W2200549,W2200549,2024,2,F1,F1-2024,39.9,3.29
L2024-W2200561,W2200561,2024,2,F1,F1-2024,34.5,3.41
L2024-W2200568,W2200568,2024,2,F2,F2-2024,21.0,2.20
L2024-W2200569,W2200569,2024,2,F1,F1-2024,23.8,3.05
L2024-W2200574,W2200574,2024,2,F2,F2-2024,32.0,2.80
L2024-W2200579,W2200579,2024,2,F2,F2-2024,33.1,3.82
L2024-W2200595,W2200595,2024,2,F1,F1-2024,27.7,1.46
L2024-W2200605,W2200605,2024,2,F1,F1-2024,26.8,3.03
L2024-W2200640,W2200640,2024,2,F2,F2-2024,26.6,1.95
L2024-W2300649,W2300649,2024,1,F2,F2-2024,22.5,2.53
L2024-W2300661,W2300661,2024,1,F1,F1-2024,30.5,2.76
L2024-W2300673,W2300673,2024,1,F2,F2-2024,21.5,2.62
L2024-W2300674,W2300674,2024,1,F2,F2-2024,22.5,NA
L2024-W2300679,W2300679,2024,1,F2,F2-2024,20.0,2.72
L2024-W2300682,W2300682,2024,1,F1,F1-2024,31.6,NA
L2024-W2300684,W2300684,2024,1,F2,F2-2024,26.0,3.85
L2024-W2300685,W2300685,2024,1,F1,F1-2024,32.1,NA
L2024-W2300705,W2300705,2024,1,F1,F1-2024,26.7,3.64
L2024-W2300738,W2300738,2024,1,F2,F2-2024,26.4,3.90
L2024-W2300739,W2300739,2024,1,F1,F1-2024,29.6,2.38
L2024-W2300741,W2300741,2024,1,F1,F1-2024,36.8,NA
L2024-W2300742,W2300742,2024,1,F2,F2-2024,20.2,NA
L2024-W2300748,W2300748,2024,1,F1,F1-2024,28.9,NA
L2024-W2300749,W2300749,2024,1,F2,F2-2024,27.3,NA
L2024-W2300751,W2300751,2024,1,F1,F1-2024,32.3,2.65
L2024-W2300765,W2300765,2024,1,F2,F2-2024,27.0,3.26
L2024-W2300776,W2300776,2024,1,F2,F2-2024,19.8,2.87
L2024-W2300778,W2300778,2024,1,F1,F1-2024,33.5,2.67
L2024-W2300786,W2300786,2024,1,F2,F2-2024,23.7,3.33
L2024-W2300788,W2300788,2024,1,F1,F1-2024,27.1,1.90
L2024-W2300790,W2300790,2024,1,F2,F2-2024,17.9,2.45
L2024-W2300791,W2300791,2024,1,F2,F2-2024,29.2,3.53
L2024-W2300801,W2300801,2024,1,F2,F2-2024,24.3,2.30
L2024-W2300802,W2300802,2024,1,F2,F2-2024,20.2,NA
L2024-W2300807,W2300807,2024,1,F2,F2-2024,22.6,2.83
L2024-W2300813,W2300813,2024,1,F2,F2-2024,28.5,3.14
L2024-W2300830,W2300830,2024,1,F2,F2-2024,24.7,3.57
L2024-W2300831,W2300831,2024,1,F2,F2-2024,22.6,4.01
L2024-W2300843,W2300843,2024,1,F2,F2-2024,37.9,3.45
L2024-W2300858,W2300858,2024,1,F1,F1-2024,27.5,3.95
L2024-W2300872,W2300872,2024,1,F1,F1-2024,31.2,NA
L2024-W2300874,W2300874,2024,1,F1,F1-2024,29.3,3.15
L2024-W2300884,W2300884,2024,1,F2,F2-2024,24.4,2.94
L2024-W2300886,W2300886,2024,1,F1,F1-2024,33.5,NA
L2024-W2300894,W2300894,2024,1,F1,F1-2024,33.3,2.10
L2024-W2300895,W2300895,2024,1,F2,F2-2024,21.6,2.35
L2024-W2300896,W2300896,2024,1,F2,F2-2024,28.2,3.19
L2024-W2300901,W2300901,2024,1,F1,F1-2024,17.2,2.82
L2024-W2300909,W2300909,2024,1,F2,F2-2024,35.9,2.76
L2024-W2300913,W2300913,2024,1,F1,F1-2024,24.6,3.20
L2024-W2300919,W2300919,2024,1,F1,F1-2024,35.2,3.95
L2024-W2300923,W2300923,2024,1,F2,F2-2024,30.1,3.70
L2024-W2300926,W2300926,2024,1,F2,F2-2024,26.6,1.60
L2024-W2300930,W2300930,2024,1,F1,F1-2024,17.7,2.62
L2024-W2300931,W2300931,2024,1,F2,F2-2024,21.6,2.00
L2024-W2300933,W2300933,2024,1,F1,F1-2024,35.0,3.69
L2024-W2300937,W2300937,2024,1,F2,F2-2024,21.7,3.40
L2024-W2300956,W2300956,2024,1,F1,F1-2024,20.7,2.96
L2024-W2300965,W2300965,2024,1,F2,F2-2024,22.4,2.87
L2024-W2300976,W2300976,2024,1,F2,F2-2024,26.4,NA
L2024-W2300980,W2300980,2024,1,F2,F2-2024,20.7,3.19
L2024-W2300985,W2300985,2024,1,F1,F1-2024,23.8,2.55
L2024-W2300987,W2300987,2024,1,F2,F2-2024,25.0,2.89
L2024-W2300993,W2300993,2024,1,F2,F2-2024,28.2,3.55
L2024-W2300998,W2300998,2024,1,F1,F1-2024,27.3,2.88
L2024-W2300999,W2300999,2024,1,F1,F1-2024,29.5,2.42
L2024-W2301002,W2301002,2024,1,F2,F2-2024,32.5,2.76
L2024-W2301011,W2301011,2024,1,F1,F1-2024,32.1,3.40
L2024-W2301012,W2301012,2024,1,F1,F1-2024,26.0,3.13
L2024-W2301015,W2301015,2024,1,F1,F1-2024,24.7,NA
L2024-W2301022,W2301022,2024,1,F1,F1-2024,28.4,2.92
L2024-W2301027,W2301027,2024,1,F2,F2-2024,21.6,3.12
L2024-W2301028,W2301028,2024,1,F2,F2-2024,23.5,3.48
L2024-W2301030,W2301030,2024,1,F2,F2-2024,25.5,2.54
L2024-W2301041,W2301041,2024,1,F1,F1-2024,36.7,3.24
L2024-W2301043,W2301043,2024,1,F2,F2-2024,31.7,2.62
L2024-W2301046,W2301046,2024,1,F1,F1-2024,30.5,3.53
L2024-W2301052,W2301052,2024,1,F2,F2-2024,20.2,2.85
L2025-E0002,E0002,2025,4,F2,F2-2025,26.5,1.93
L2025-E0004,E0004,2025,4,F2,F2-2025,22.4,2.63
L2025-E0010,E0010,2025,4,F2,F2-2025,28.6,2.76
L2025-E0014,E0014,2025,4,F2,F2-2025,28.0,1.54
L2025-E0016,E0016,2025,4,F2,F2-2025,33.4,1.89
L2025-E0022,E0022,2025,4,F2,F2-2025,29.2,2.53
L2025-E0024,E0024,2025,4,F2,F2-2025,25.1,3.20
L2025-E0026,E0026,2025,4,F2,F2-2025,28.1,2.67
L2025-E0028,E0028,2025,4,F2,F2-2025,34.8,3.34
L2025-E0030,E0030,2025,4,F2,F2-2025,30.4,2.93
L2025-E0036,E0036,2025,4,F2,F2-2025,30.4,1.96
L2025-E0042,E0042,2025,4,F2,F2-2025,36.2,3.60
L2025-E0048,E0048,2025,4,F2,F2-2025,23.1,2.35
L2025-E0050,E0050,2025,4,F2,F2-2025,22.6,2.69
L2025-E0062,E0062,2025,4,F2,F2-2025,31.0,2.90
L2025-E0066,E0066,2025,4,F2,F2-2025,34.3,3.18
L2025-E0070,E0070,2025,4,F2,F2-2025,26.5,3.04
L2025-E0074,E0074,2025,4,F2,F2-2025,33.0,4.02
L2025-E0078,E0078,2025,4,F2,F2-2025,30.7,3.65
L2025-E0084,E0084,2025,4,F2,F2-2025,21.0,2.00
L2025-E0088,E0088,2025,4,F2,F2-2025,35.2,2.99
L2025-E0092,E0092,2025,4,F2,F2-2025,39.8,3.73
L2025-E0096,E0096,2025,4,F2,F2-2025,29.6,1.94
L2025-E0098,E0098,2025,4,F2,F2-2025,25.4,2.16
L2025-E0100,E0100,2025,4,F2,F2-2025,28.3,2.28
L2025-E0102,E0102,2025,4,F2,F2-2025,28.4,2.12
L2025-E0104,E0104,2025,4,F2,F2-2025,33.9,2.97
L2025-E0106,E0106,2025,4,F2,F2-2025,31.8,2.93
L2025-E0110,E0110,2025,4,F2,F2-2025,25.5,3.03
L2025-E0114,E0114,2025,4,F2,F2-2025,24.7,2.85
L2025-E0118,E0118,2025,4,F2,F2-2025,26.4,2.68
L2025-E0120,E0120,2025,4,F2,F2-2025,31.1,2.75
L2025-E0122,E0122,2025,4,F2,F2-2025,27.7,3.16
L2025-E0124,E0124,2025,4,F2,F2-2025,30.0,3.90
L2025-E0126,E0126,2025,4,F2,F2-2025,31.8,2.07
L2025-E0132,E0132,2025,4,F2,F2-2025,23.5,2.42
L2025-E0142,E0142,2025,4,F2,F2-2025,20.8,1.77
L2025-E0146,E0146,2025,4,F2,F2-2025,29.8,3.19
L2025-E0148,E0148,2025,4,F2,F2-2025,29.9,3.65
L2025-E0156,E0156,2025,4,F2,F2-2025,26.4,2.57
L2025-E0158,E0158,2025,4,F2,F2-2025,25.5,2.01
L2025-E0164,E0164,2025,4,F2,F2-2025,31.0,3.30
L2025-E0170,E0170,2025,4,F2,F2-2025,32.7,2.82
L2025-E0172,E0172,2025,4,F2,F2-2025,17.9,1.19
L2025-E0174,E0174,2025,4,F2,F2-2025,31.3,2.64
L2025-E0178,E0178,2025,4,F2,F2-2025,37.1,3.00
L2025-E0182,E0182,2025,4,F2,F2-2025,21.4,2.65
L2025-E0186,E0186,2025,4,F2,F2-2025,28.2,NA
L2025-E0188,E0188,2025,4,F2,F2-2025,31.0,3.60
L2025-E0190,E0190,2025,4,F2,F2-2025,30.4,3.02
L2025-E0194,E0194,2025,4,F2,F2-2025,25.2,3.56
L2025-E0200,E0200,2025,4,F2,F2-2025,25.9,1.61
L2025-W2100003,W2100003,2025,4,F2,F2-2025,32.3,3.65
L2025-W2100022,W2100022,2025,4,F1,F1-2025,32.5,2.83
L2025-W2100030,W2100030,2025,4,F2,F2-2025,32.1,3.00
L2025-W2100031,W2100031,2025,4,F1,F1-2025,33.1,NA
L2025-W2100034,W2100034,2025,4,F1,F1-2025,29.8,NA
L2025-W2100036,W2100036,2025,4,F1,F1-2025,27.7,2.92
L2025-W2100038,W2100038,2025,4,F1,F1-2025,31.2,3.11
L2025-W2100059,W2100059,2025,4,F2,F2-2025,39.6,3.54
L2025-W2100064,W2100064,2025,4,F2,F2-2025,32.7,2.58
L2025-W2100071,W2100071,2025,4,F2,F2-2025,21.3,1.55
L2025-W2100074,W2100074,2025,4,F2,F2-2025,26.3,2.66
L2025-W2100079,W2100079,2025,4,F1,F1-2025,24.6,2.27
L2025-W2100090,W2100090,2025,4,F1,F1-2025,26.7,2.75
L2025-W2100100,W2100100,2025,4,F2,F2-2025,25.2,3.38
L2025-W2100105,W2100105,2025,4,F1,F1-2025,40.3,3.51
L2025-W2100110,W2100110,2025,4,F1,F1-2025,33.1,2.21
L2025-W2100115,W2100115,2025,4,F2,F2-2025,29.4,3.82
L2025-W2100122,W2100122,2025,4,F1,F1-2025,36.8,3.67
L2025-W2100141,W2100141,2025,4,F2,F2-2025,33.9,2.59
L2025-W2100148,W2100148,2025,4,F1,F1-2025,27.9,3.31
L2025-W2100165,W2100165,2025,4,F2,F2-2025,26.5,3.15
L2025-W2100173,W2100173,2025,4,F1,F1-2025,29.8,NA
L2025-W2100178,W2100178,2025,4,F2,F2-2025,29.5,2.45
L2025-W2100201,W2100201,2025,4,F1,F1-2025,33.3,3.35
L2025-W2100205,W2100205,2025,4,F2,F2-2025,21.1,2.55
L2025-W2100214,W2100214,2025,4,F1,F1-2025,32.4,2.77
L2025-W2100230,W2100230,2025,4,F2,F2-2025,23.3,2.58
L2025-W2100237,W2100237,2025,4,F1,F1-2025,33.4,3.61
L2025-W2100256,W2100256,2025,4,F2,F2-2025,31.3,3.34
L2025-W2100279,W2100279,2025,4,F2,F2-2025,28.8,3.26
L2025-W2200295,W2200295,2025,3,F2,F2-2025,25.7,2.82
L2025-W2200296,W2200296,2025,3,F1,F1-2025,34.7,3.27
L2025-W2200297,W2200297,2025,3,F2,F2-2025,25.6,2.63
L2025-W2200299,W2200299,2025,3,F2,F2-2025,30.6,2.24
L2025-W2200314,W2200314,2025,3,F1,F1-2025,31.0,2.78
L2025-W2200327,W2200327,2025,3,F2,F2-2025,28.4,3.39
L2025-W2200329,W2200329,2025,3,F1,F1-2025,27.3,1.39
L2025-W2200346,W2200346,2025,3,F1,F1-2025,28.8,2.28
L2025-W2200349,W2200349,2025,3,F2,F2-2025,30.7,4.52
L2025-W2200353,W2200353,2025,3,F1,F1-2025,30.1,NA
L2025-W2200362,W2200362,2025,3,F2,F2-2025,25.9,3.01
L2025-W2200369,W2200369,2025,3,F1,F1-2025,33.0,3.75
L2025-W2200375,W2200375,2025,3,F2,F2-2025,35.5,2.93
L2025-W2200388,W2200388,2025,3,F2,F2-2025,27.7,1.85
L2025-W2200395,W2200395,2025,3,F2,F2-2025,24.2,2.82
L2025-W2200397,W2200397,2025,3,F2,F2-2025,32.6,3.08
L2025-W2200400,W2200400,2025,3,F2,F2-2025,26.4,NA
L2025-W2200402,W2200402,2025,3,F2,F2-2025,33.1,NA
L2025-W2200406,W2200406,2025,3,F1,F1-2025,28.8,3.34
L2025-W2200410,W2200410,2025,3,F1,F1-2025,31.3,2.67
L2025-W2200411,W2200411,2025,3,F1,F1-2025,31.3,2.18
L2025-W2200413,W2200413,2025,3,F2,F2-2025,34.6,3.04
L2025-W2200415,W2200415,2025,3,F1,F1-2025,29.5,3.38
L2025-W2200425,W2200425,2025,3,F2,F2-2025,27.9,3.68
L2025-W2200437,W2200437,2025,3,F1,F1-2025,29.0,3.47
L2025-W2200438,W2200438,2025,3,F2,F2-2025,21.0,NA
L2025-W2200440,W2200440,2025,3,F1,F1-2025,38.2,1.97
L2025-W2200448,W2200448,2025,3,F1,F1-2025,35.7,2.93
L2025-W2200451,W2200451,2025,3,F2,F2-2025,30.1,3.56
L2025-W2200458,W2200458,2025,3,F2,F2-2025,26.8,1.87
L2025-W2200469,W2200469,2025,3,F2,F2-2025,29.3,3.31
L2025-W2200496,W2200496,2025,3,F2,F2-2025,29.9,3.38
L2025-W2200502,W2200502,2025,3,F1,F1-2025,29.9,3.13
L2025-W2200511,W2200511,2025,3,F1,F1-2025,36.6,2.72
L2025-W2200520,W2200520,2025,3,F2,F2-2025,23.4,NA
L2025-W2200526,W2200526,2025,3,F2,F2-2025,27.7,3.48
L2025-W2200538,W2200538,2025,3,F2,F2-2025,27.0,1.84
L2025-W2200544,W2200544,2025,3,F2,F2-2025,38.6,3.20
L2025-W2200549,W2200549,2025,3,F1,F1-2025,29.2,2.31
L2025-W2200561,W2200561,2025,3,F1,F1-2025,21.9,1.77
L2025-W2200568,W2200568,2025,3,F2,F2-2025,35.2,1.75
L2025-W2200569,W2200569,2025,3,F1,F1-2025,36.4,1.98
L2025-W2200574,W2200574,2025,3,F2,F2-2025,33.6,2.98
L2025-W2200579,W2200579,2025,3,F2,F2-2025,28.8,3.78
L2025-W2200595,W2200595,2025,3,F1,F1-2025,30.8,2.32
L2025-W2200605,W2200605,2025,3,F1,F1-2025,25.7,1.35
L2025-W2200640,W2200640,2025,3,F2,F2-2025,33.1,3.94
L2025-W2300661,W2300661,2025,2,F1,F1-2025,28.2,3.20
L2025-W2300674,W2300674,2025,2,F2,F2-2025,32.6,3.23
L2025-W2300679,W2300679,2025,2,F2,F2-2025,26.7,2.25
L2025-W2300682,W2300682,2025,2,F1,F1-2025,27.5,3.49
L2025-W2300684,W2300684,2025,2,F2,F2-2025,31.2,3.23
L2025-W2300705,W2300705,2025,2,F1,F1-2025,34.3,3.59
L2025-W2300738,W2300738,2025,2,F2,F2-2025,20.8,2.17
L2025-W2300739,W2300739,2025,2,F1,F1-2025,26.0,3.48
L2025-W2300741,W2300741,2025,2,F1,F1-2025,20.5,NA
L2025-W2300742,W2300742,2025,2,F2,F2-2025,26.3,1.47
L2025-W2300749,W2300749,2025,2,F2,F2-2025,31.5,3.32
L2025-W2300765,W2300765,2025,2,F2,F2-2025,27.6,2.98
L2025-W2300778,W2300778,2025,2,F1,F1-2025,27.2,2.14
L2025-W2300786,W2300786,2025,2,F2,F2-2025,28.9,2.32
L2025-W2300788,W2300788,2025,2,F1,F1-2025,34.1,2.45
L2025-W2300790,W2300790,2025,2,F2,F2-2025,26.8,NA
L2025-W2300791,W2300791,2025,2,F2,F2-2025,23.8,NA
L2025-W2300801,W2300801,2025,2,F2,F2-2025,25.0,1.99
L2025-W2300802,W2300802,2025,2,F2,F2-2025,25.3,2.72
L2025-W2300807,W2300807,2025,2,F2,F2-2025,23.2,2.82
L2025-W2300813,W2300813,2025,2,F2,F2-2025,29.4,2.43
L2025-W2300830,W2300830,2025,2,F2,F2-2025,33.3,2.35
L2025-W2300831,W2300831,2025,2,F2,F2-2025,34.2,2.91
L2025-W2300843,W2300843,2025,2,F2,F2-2025,34.6,NA
L2025-W2300858,W2300858,2025,2,F1,F1-2025,29.4,1.96
L2025-W2300872,W2300872,2025,2,F1,F1-2025,34.7,3.52
L2025-W2300874,W2300874,2025,2,F1,F1-2025,33.8,NA
L2025-W2300886,W2300886,2025,2,F1,F1-2025,34.6,3.24
L2025-W2300894,W2300894,2025,2,F1,F1-2025,35.2,3.37
L2025-W2300895,W2300895,2025,2,F2,F2-2025,23.6,3.81
L2025-W2300896,W2300896,2025,2,F2,F2-2025,20.0,2.75
L2025-W2300901,W2300901,2025,2,F1,F1-2025,29.9,3.14
L2025-W2300919,W2300919,2025,2,F1,F1-2025,39.9,2.96
L2025-W2300923,W2300923,2025,2,F2,F2-2025,30.9,3.98
L2025-W2300926,W2300926,2025,2,F2,F2-2025,30.3,2.49
L2025-W2300931,W2300931,2025,2,F2,F2-2025,23.2,2.20
L2025-W2300933,W2300933,2025,2,F1,F1-2025,30.1,2.03
L2025-W2300965,W2300965,2025,2,F2,F2-2025,28.7,NA
L2025-W2300976,W2300976,2025,2,F2,F2-2025,26.1,3.04
L2025-W2300980,W2300980,2025,2,F2,F2-2025,28.8,2.21
L2025-W2300985,W2300985,2025,2,F1,F1-2025,20.8,2.64
L2025-W2300987,W2300987,2025,2,F2,F2-2025,25.3,NA
L2025-W2300993,W2300993,2025,2,F2,F2-2025,25.5,2.41
L2025-W2300998,W2300998,2025,2,F1,F1-2025,28.2,2.16
L2025-W2300999,W2300999,2025,2,F1,F1-2025,27.0,2.03
L2025-W2301011,W2301011,2025,2,F1,F1-2025,35.9,3.16
L2025-W2301012,W2301012,2025,2,F1,F1-2025,27.6,1.72
L2025-W2301015,W2301015,2025,2,F1,F1-2025,23.8,3.08
L2025-W2301022,W2301022,2025,2,F1,F1-2025,27.7,4.19
L2025-W2301027,W2301027,2025,2,F2,F2-2025,20.0,2.67
L2025-W2301028,W2301028,2025,2,F2,F2-2025,25.2,2.05
L2025-W2301030,W2301030,2025,2,F2,F2-2025,30.6,2.44
L2025-W2301043,W2301043,2025,2,F2,F2-2025,31.4,2.75
L2025-W2301046,W2301046,2025,2,F1,F1-2025,31.4,2.96
L2025-W2301052,W2301052,2025,2,F2,F2-2025,31.8,2.62
L2025-W2401067,W2401067,2025,1,F2,F2-2025,25.4,2.43
L2025-W2401070,W2401070,2025,1,F2,F2-2025,26.7,2.63
L2025-W2401072,W2401072,2025,1,F2,F2-2025,24.2,2.43
L2025-W2401074,W2401074,2025,1,F2,F2-2025,23.8,2.60
L2025-W2401079,W2401079,2025,1,F2,F2-2025,29.1,3.89
L2025-W2401086,W2401086,2025,1,F1,F1-2025,20.2,1.65
L2025-W2401090,W2401090,2025,1,F1,F1-2025,26.5,3.27
L2025-W2401095,W2401095,2025,1,F1,F1-2025,26.3,3.31
L2025-W2401097,W2401097,2025,1,F2,F2-2025,31.2,3.62
L2025-W2401101,W2401101,2025,1,F1,F1-2025,24.3,3.37
L2025-W2401103,W2401103,2025,1,F2,F2-2025,26.2,2.56
L2025-W2401128,W2401128,2025,1,F1,F1-2025,17.5,3.06
L2025-W2401131,W2401131,2025,1,F1,F1-2025,31.1,3.39
L2025-W2401133,W2401133,2025,1,F2,F2-2025,27.1,3.49
L2025-W2401141,W2401141,2025,1,F1,F1-2025,22.8,2.90
L2025-W2401145,W2401145,2025,1,F2,F2-2025,29.8,2.66
L2025-W2401155,W2401155,2025,1,F1,F1-2025,32.8,3.78
L2025-W2401159,W2401159,2025,1,F2,F2-2025,28.3,2.77
L2025-W2401167,W2401167,2025,1,F1,F1-2025,30.0,NA
L2025-W2401169,W2401169,2025,1,F2,F2-2025,23.9,2.96
L2025-W2401172,W2401172,2025,1,F1,F1-2025,18.5,2.02
L2025-W2401178,W2401178,2025,1,F2,F2-2025,22.7,NA
L2025-W2401179,W2401179,2025,1,F1,F1-2025,22.8,2.82
L2025-W2401188,W2401188,2025,1,F1,F1-2025,19.3,2.43
L2025-W2401221,W2401221,2025,1,F1,F1-2025,27.5,3.22
L2025-W2401222,W2401222,2025,1,F2,F2-2025,26.1,2.91
L2025-W2401236,W2401236,2025,1,F1,F1-2025,22.0,2.77
L2025-W2401238,W2401238,2025,1,F1,F1-2025,22.9,1.46
L2025-W2401244,W2401244,2025,1,F1,F1-2025,22.8,4.11
L2025-W2401247,W2401247,2025,1,F1,F1-2025,30.0,2.47
L2025-W2401253,W2401253,2025,1,F2,F2-2025,27.1,3.18
L2025-W2401259,W2401259,2025,1,F1,F1-2025,21.7,2.94
L2025-W2401262,W2401262,2025,1,F2,F2-2025,13.3,2.59
L2025-W2401268,W2401268,2025,1,F2,F2-2025,26.4,3.49
L2025-W2401269,W2401269,2025,1,F1,F1-2025,26.1,2.81
L2025-W2401278,W2401278,2025,1,F1,F1-2025,30.8,4.15
L2025-W2401280,W2401280,2025,1,F2,F2-2025,33.0,4.02
L2025-W2401283,W2401283,2025,1,F2,F2-2025,26.1,3.36
L2025-W2401285,W2401285,2025,1,F1,F1-2025,28.9,3.31
L2025-W2401288,W2401288,2025,1,F1,F1-2025,25.3,2.59
L2025-W2401291,W2401291,2025,1,F2,F2-2025,23.9,2.72
L2025-W2401301,W2401301,2025,1,F2,F2-2025,34.1,NA
L2025-W2401302,W2401302,2025,1,F2,F2-2025,21.6,2.91
L2025-W2401313,W2401313,2025,1,F2,F2-2025,22.3,2.19
L2025-W2401314,W2401314,2025,1,F1,F1-2025,28.8,NA
L2025-W2401316,W2401316,2025,1,F1,F1-2025,22.9,2.37
L2025-W2401328,W2401328,2025,1,F2,F2-2025,24.4,2.86
L2025-W2401335,W2401335,2025,1,F1,F1-2025,31.3,3.82
L2025-W2401337,W2401337,2025,1,F1,F1-2025,29.0,2.20
L2025-W2401339,W2401339,2025,1,F2,F2-2025,23.0,1.87
L2025-W2401344,W2401344,2025,1,F2,F2-2025,29.8,1.87
L2025-W2401345,W2401345,2025,1,F1,F1-2025,33.9,3.14
L2025-W2401371,W2401371,2025,1,F1,F1-2025,22.4,2.00
L2025-W2401384,W2401384,2025,1,F1,F1-2025,27.4,3.71
L2025-W2401392,W2401392,2025,1,F1,F1-2025,36.3,3.20
L2025-W2401397,W2401397,2025,1,F1,F1-2025,33.1,2.97
L2025-W2401410,W2401410,2025,1,F2,F2-2025,18.7,2.83
L2025-W2401414,W2401414,2025,1,F1,F1-2025,29.2,4.28
L2025-W2401415,W2401415,2025,1,F1,F1-2025,33.3,3.51
L2025-W2401418,W2401418,2025,1,F2,F2-2025,23.9,1.66
L2025-W2401419,W2401419,2025,1,F2,F2-2025,28.3,3.29
L2025-W2401423,W2401423,2025,1,F2,F2-2025,16.4,2.58
L2025-W2401424,W2401424,2025,1,F2,F2-2025,23.9,2.01
L2025-W2401428,W2401428,2025,1,F2,F2-2025,31.2,2.70
L2025-W2401429,W2401429,2025,1,F2,F2-2025,31.4,2.95
L2025-W2401438,W2401438,2025,1,F2,F2-2025,32.5,3.50
L2025-W2401454,W2401454,2025,1,F2,F2-2025,28.8,2.35
L2025-W2401458,W2401458,2025,1,F2,F2-2025,25.7,2.83
L2025-W2401466,W2401466,2025,1,F2,F2-2025,23.8,2.82
L2025-W2401469,W2401469,2025,1,F1,F1-2025,25.3,NA
L2025-W2401478,W2401478,2025,1,F1,F1-2025,21.7,2.13
L2025-W2401489,W2401489,2025,1,F1,F1-2025,16.1,3.55
