id,tbv_wwt,tbv_vigour,tbv_surv
R0001,-0.077515,-0.284831,-0.408118
R0002,0.254992,-0.563211,-0.349237
R0003,1.781964,0.085023,0.386484
R0004,1.365759,0.561619,-0.181225
R0005,3.166404,-0.612024,-0.640828
R0006,-1.978959,0.103978,0.358248
R0007,-1.372848,-0.689231,-0.608502
R0008,-2.519385,0.055679,-0.902401
R0009,-3.930464,-1.635492,-1.081205
R0010,-1.058678,0.134859,0.377679
R0011,1.616316,-0.369651,-0.372617
R0012,-1.354793,-0.260295,-1.294300
E0001,1.090847,0.605050,-0.117662
E0002,2.110544,-0.222814,-0.619522
E0003,-0.103710,-0.522946,-0.386890
E0004,0.955394,-0.408167,0.222639
E0005,-1.949741,-0.266764,-0.281655
E0006,-1.834835,-0.615697,-0.376165
E0007,-2.077037,-0.091303,-0.191609
E0008,0.909644,0.814829,0.439618
E0009,0.865140,0.556110,0.148326
E0010,0.260602,-1.061102,-0.368776
E0011,-1.375587,0.061358,-0.411432
E0012,3.094251,0.364220,-0.095091
E0013,0.360574,0.503811,0.111819
E0014,2.646646,0.316010,0.318378
E0015,-0.267458,-0.359477,-0.142543
E0016,1.079310,-0.154812,-0.433586
E0017,3.752887,0.469628,0.286948
E0018,1.931391,-0.167219,-0.385300
E0019,2.413504,-0.465473,0.105140
E0020,1.250260,-0.126063,-0.404064
E0021,0.428411,0.202651,0.008045
E0022,1.726358,0.319412,0.007097
E0023,2.342175,-0.227530,-0.390895
E0024,-0.252011,-0.044279,-0.164286
E0025,1.460531,0.002173,0.650520
E0026,1.285748,-0.154864,-0.223983
E0027,3.433973,-0.501326,-0.357383
E0028,-1.625155,0.533455,0.203995
E0029,-4.315831,-0.249752,-0.569151
E0030,-0.448328,0.222666,0.715523
E0031,-1.946208,0.631689,0.377624
E0032,-2.388455,-0.359514,-0.543765
E0033,0.101355,0.065580,0.619097
E0034,0.288865,-0.349637,0.977086
E0035,4.503218,0.016899,0.011809
E0036,1.130904,0.058330,0.273457
E0037,2.362310,0.469753,0.327606
E0038,-1.740783,0.092338,-0.041053
E0039,-0.086332,1.063004,0.754684
E0040,1.145071,1.011005,-0.016513
E0041,-2.566434,0.114053,0.097999
E0042,-0.317438,-0.016943,0.182710
E0043,1.565342,0.320439,0.501829
E0044,-0.055708,0.255377,0.824662
E0045,0.958302,0.232221,0.304675
E0046,-1.766347,0.269948,0.089555
E0047,1.461826,-0.223883,0.271466
E0048,2.555439,0.032030,0.301662
E0049,-2.422484,-0.788347,-0.531742
E0050,1.511869,1.069132,0.533663
E0051,2.163197,-0.198102,0.008559
E0052,-1.661081,-0.048421,-0.253760
E0053,-1.338579,0.462678,-0.224240
E0054,-0.285410,-0.165410,-0.449475
E0055,1.884332,0.870784,-0.540465
E0056,-2.502388,0.180890,0.441949
E0057,-0.189198,-0.431928,-0.222932
E0058,1.131184,0.743320,0.428198
E0059,-0.303037,-0.675518,-0.212920
E0060,-1.061899,-0.528163,0.079873
E0061,1.512799,0.209740,0.123460
E0062,-1.199237,-0.691368,-0.144442
E0063,2.574430,0.234060,-0.203278
E0064,0.753113,-0.678885,-0.051376
E0065,1.043612,1.140247,0.321904
E0066,2.706686,0.435191,-0.045632
E0067,1.953047,0.565109,-0.270348
E0068,0.343110,-0.062652,0.156484
E0069,0.690970,-0.276598,-0.428154
E0070,-1.074982,-0.231431,-0.070735
E0071,4.532006,0.077432,-0.357991
E0072,1.568658,0.316116,0.558851
E0073,0.726662,-0.518796,-0.289865
E0074,-2.481534,0.356356,-0.168430
E0075,3.267572,0.351516,0.787225
E0076,-0.655495,-0.603055,-0.402353
E0077,-0.293813,-1.397451,0.419593
E0078,1.976877,0.457485,-0.728753
E0079,-2.271582,0.047885,0.049638
E0080,-1.233090,-0.312225,-0.093802
E0081,-3.664496,-0.138671,-0.289981
E0082,-1.113013,-0.639823,-0.414203
E0083,-1.372260,0.186943,0.260991
E0084,-0.933168,-0.281918,0.037323
E0085,-0.186961,0.511477,0.303085
E0086,1.192141,-0.029238,-0.141515
E0087,-2.047797,-0.224618,-0.434067
E0088,-0.746664,-0.676271,-0.649938
E0089,0.891676,-0.005420,0.104051
E0090,0.034324,0.384412,0.325746
E0091,-2.637417,-0.544580,-0.524004
E0092,-1.622945,0.305342,-0.459945
E0093,1.753685,0.799896,0.465408
E0094,-0.713381,-0.859137,-0.447810
E0095,-1.231278,-0.313166,0.030053
E0096,-1.220822,0.657836,0.153631
E0097,2.227987,0.874817,0.765480
E0098,2.428326,0.347643,0.019162
E0099,0.948127,-0.139823,0.286610
E0100,-1.291202,0.147420,-0.149465
E0101,-1.293267,-0.001341,-0.310758
E0102,-1.240939,1.342599,0.378089
E0103,1.905968,-0.040407,0.659659
E0104,4.210273,0.654005,0.382015
E0105,-0.691255,-0.287010,-0.798678
E0106,-0.982201,-0.328958,-0.388164
E0107,1.500236,0.026359,-0.339085
E0108,-4.586022,-1.010708,-0.798761
E0109,-0.364139,-0.098417,-0.928157
E0110,-2.236308,0.526199,0.471315
E0111,0.693362,-0.622688,0.043309
E0112,5.762348,1.259965,0.860691
E0113,1.253121,0.323111,-0.409975
E0114,1.406606,-0.812348,0.042677
E0115,-0.497643,0.001067,-0.090859
E0116,-2.679175,-1.420001,-0.853059
E0117,0.376160,0.725387,0.489235
E0118,-1.901543,-0.364084,-0.610924
E0119,0.066653,-0.347188,-0.500131
E0120,-1.170052,-0.271011,-0.034191
E0121,2.752022,-0.691527,-0.483802
E0122,2.252134,-0.207948,-0.232029
E0123,-1.194521,-0.517667,-0.701445
E0124,0.352792,-0.076743,0.432187
E0125,-1.644170,-0.069505,0.172818
E0126,0.656492,0.243173,0.037396
E0127,3.440090,0.390730,0.654621
E0128,0.640361,0.226002,0.291889
E0129,-0.115774,0.045878,-0.621534
E0130,-1.210233,-0.351345,-0.533065
E0131,-0.012471,-0.090129,-0.284209
E0132,-2.787616,0.060655,-0.065554
E0133,2.285789,-0.080854,-0.477485
E0134,3.785659,1.164035,0.013371
E0135,-0.270531,0.028422,0.130729
E0136,-1.618137,-0.063612,-0.746818
E0137,2.178910,0.662282,0.363479
E0138,-0.989956,-0.986499,-0.127661
E0139,-2.328296,-1.068041,-0.160686
E0140,-2.833481,-0.603616,-0.139643
E0141,1.315088,-0.900292,-0.199799
E0142,2.485841,0.431540,-0.034129
E0143,1.586080,0.117223,0.160551
E0144,-2.345808,-0.051067,-0.107884
E0145,2.454360,0.234336,-0.528780
E0146,-1.161276,-0.361167,-0.157131
E0147,-1.263203,0.161705,0.054223
E0148,-1.415919,-0.298094,0.267838
E0149,-1.774737,0.143400,0.054893
E0150,1.147235,-0.169255,0.009032
E0151,0.891074,-0.241528,0.472808
E0152,-0.979685,-0.422182,-0.243222
E0153,-2.861866,-1.176303,-0.581583
E0154,0.936191,0.302831,0.604502
E0155,0.349570,0.172052,0.061372
E0156,0.311019,-0.440455,-0.145458
E0157,-1.444360,-1.117507,-0.205046
E0158,-0.064364,-0.041064,-0.327320
E0159,2.297518,-0.401104,-0.029610
E0160,1.088654,0.026974,-0.224265
E0161,-2.324766,0.061472,0.323241
E0162,-1.718164,0.238339,0.164523
E0163,6.447402,1.128858,0.825525
E0164,-0.177961,-0.272190,0.428839
E0165,-1.430793,-0.681798,-0.956191
E0166,-2.014087,0.150132,-0.306841
E0167,-1.289896,-0.382126,-0.247918
E0168,0.350112,-0.057829,-0.215322
E0169,-2.416903,-0.066342,-0.519611
E0170,2.213000,0.068239,-0.627731
E0171,-2.119509,-0.717727,-0.235407
E0172,1.449245,0.058838,0.682478
E0173,0.868039,-0.373927,0.449392
E0174,-0.003109,1.131330,0.232953
E0175,-0.841376,1.318034,0.432693
E0176,3.463838,0.862502,0.110986
E0177,1.381579,-0.079459,0.208599
E0178,0.497682,0.207262,0.991626
E0179,1.354960,0.270961,0.406555
E0180,-0.182813,0.460000,0.515332
E0181,4.391331,0.128588,0.400438
E0182,1.234208,-0.004561,-0.271174
E0183,-2.316154,-0.002399,0.353298
E0184,-0.348724,0.747678,0.474691
E0185,1.508023,0.669628,0.220700
E0186,2.129115,0.427899,0.230849
E0187,-1.288170,-0.491676,-0.150658
E0188,2.751521,-0.460473,-0.306739
E0189,-1.606000,-0.214205,-0.351108
E0190,2.422622,-0.394416,-0.530694
E0191,-1.681528,-0.924859,-1.099320
E0192,-0.286839,-0.815679,-0.509154
E0193,-0.418594,-0.479397,-0.447304
E0194,2.542253,0.649243,0.969741
E0195,-2.279178,-0.360918,0.273785
E0196,0.140628,-0.365044,-0.071746
E0197,-1.063426,0.276306,0.261831
E0198,-4.191475,-1.040320,0.327209
E0199,-1.419710,-0.754315,-0.259146
E0200,-1.145794,0.154584,0.645716
M2100001,0.285107,0.451072,0.104010
M2100002,-1.190230,-0.009056,-0.491245
W2100003,0.575394,0.318506,-0.055438
W2100004,-0.156557,-0.283668,-0.352839
M2100005,1.548909,-0.477958,-0.190232
M2100006,-0.358894,-0.134886,-0.426057
M2100007,-0.212700,-0.626302,0.039837
W2100008,0.039438,-1.249677,-0.800778
M2100009,-1.840502,-0.271048,-0.554875
W2100010,-3.492071,-0.517238,-0.682123
M2100011,-0.180858,0.458768,0.541720
W2100012,0.162232,0.732025,0.669598
M2100013,1.865504,0.588144,-0.135957
W2100014,2.209893,0.007557,-0.279618
M2100015,0.239731,0.076433,-0.143893
M2100016,0.909195,-0.087065,-0.564387
M2100017,0.443112,0.855017,-0.534847
M2100018,-0.435910,-0.205449,-0.358587
M2100019,1.788884,0.573778,0.381166
W2100020,0.084407,0.488336,-0.924107
M2100021,0.874034,0.339286,-0.574574
W2100022,-0.468757,-0.610479,-0.553841
M2100023,-0.950777,-0.982585,-0.125010
W2100024,-4.806462,-0.408945,0.141880
W2100025,2.044248,0.307251,-0.175693
W2100026,3.470867,0.194666,0.112287
W2100027,1.332822,-0.342672,-0.858474
M2100028,-0.852591,-0.199153,-0.871658
M2100029,0.801524,-0.308173,-0.069560
W2100030,3.769946,0.659975,-0.090970
W2100031,0.098016,-0.356183,-0.502860
M2100032,-0.034053,-0.177873,-0.321415
M2100033,-0.758756,-0.114667,-0.053890
W2100034,2.015839,-0.023485,-0.159144
M2100035,0.974094,0.724336,0.014905
W2100036,0.644668,-0.550077,-0.330540
W2100037,-1.218511,-0.509143,-0.961044
W2100038,0.506192,-0.880480,-0.770654
M2100039,0.133038,-0.629154,-0.500358
M2100040,-2.609908,0.153424,-0.067628
M2100041,-3.011224,-0.645720,-0.459845
M2100042,-1.349094,-0.358359,-0.692755
W2100043,0.546695,0.693578,0.611858
W2100044,2.829554,0.653074,0.412290
M2100045,-2.874975,-0.512518,-0.584819
M2100046,1.780787,0.341654,0.029486
M2100047,-2.228703,-0.358633,-0.140001
M2100048,2.001925,-0.833094,-0.736585
M2100049,2.538858,-0.569829,0.146501
W2100050,-1.485280,-0.690323,-0.667152
W2100051,-2.696833,-0.693785,-0.713193
W2100052,-2.580116,-0.669684,-0.626405
W2100053,-2.647905,-0.649751,-0.151766
M2100054,-1.033147,-0.183717,-0.114034
M2100055,1.091529,-0.094462,-0.471939
M2100056,-2.467183,0.583341,0.547715
W2100057,-0.741186,0.340034,0.222430
M2100058,-1.590639,0.372517,0.842323
W2100059,1.215083,-0.162719,-1.027893
W2100060,-1.658326,0.607403,-0.420756
W2100061,-2.732395,-0.789490,-0.989409
W2100062,-1.814715,-0.654021,-0.221089
W2100063,-0.617378,-1.632430,-0.649509
W2100064,-2.299418,-0.246059,-0.641152
M2100065,0.338800,-0.661466,-0.468235
W2100066,-1.197066,-0.106880,-0.071926
M2100067,0.632053,-0.886522,0.036595
M2100068,0.798218,0.118093,-0.258733
M2100069,-2.314998,-1.210984,-1.153690
W2100070,-1.653773,-1.172330,-0.825815
W2100071,1.127021,0.672022,-0.042295
M2100072,-2.130970,-1.377620,-0.333689
W2100073,-2.476560,0.070422,-0.765788
W2100074,-3.086792,-0.942530,-0.630414
M2100075,-0.559651,-0.680031,-0.804079
M2100076,0.650278,0.023803,-0.130092
W2100077,0.556433,0.515130,-0.353803
W2100078,0.421840,0.769922,-0.813403
W2100079,-1.541013,0.510466,-0.111713
M2100080,-1.658988,-0.253805,-0.848406
M2100081,0.473331,-0.403037,-0.576175
M2100082,-2.940643,-0.045878,0.013199
M2100083,3.400442,-0.166327,-0.174890
W2100084,4.090271,-0.346417,-0.440715
W2100085,-1.298959,-0.658813,0.206839
W2100086,-0.274413,0.142991,0.389006
M2100087,3.773303,-0.481762,-0.534159
W2100088,0.288390,-0.846085,-0.533292
M2100089,-1.518837,-0.578912,-0.776014
W2100090,0.140788,0.011584,0.135133
W2100091,0.163140,-0.592604,0.457615
W2100092,-0.147357,-0.278185,0.191793
W2100093,1.070374,0.904281,-0.243568
M2100094,1.995104,-0.096010,-0.482897
W2100095,-1.067957,0.260978,-0.243632
M2100096,-0.889493,-0.284193,-0.812465
W2100097,1.071458,-0.084688,-0.418444
W2100098,-0.845563,-0.272396,-0.042345
W2100099,3.462521,0.111699,0.083927
W2100100,1.046888,0.176528,0.302478
W2100101,-0.564694,-0.316423,0.455429
M2100102,4.094592,-0.492902,-0.643685
W2100103,2.801263,0.636878,-0.537713
M2100104,1.029653,-0.288273,-0.783966
W2100105,-0.527036,-0.192597,-0.648012
W2100106,-0.602314,-0.502075,-0.080021
W2100107,-0.216990,-0.390677,0.251523
W2100108,0.737744,-0.450083,-0.096623
M2100109,-1.447759,-0.329868,-0.120472
W2100110,1.594364,-0.653649,-0.166597
M2100111,2.671405,-0.669548,0.212229
M2100112,0.355492,0.630858,-0.919628
M2100113,0.175597,0.043572,-0.478384
M2100114,-2.035332,-0.550245,-0.299868
W2100115,-0.047824,-0.027343,-0.562370
W2100116,1.480053,0.536913,-0.216271
M2100117,0.824436,0.139740,-0.051420
W2100118,-1.303795,-0.444329,-0.385515
M2100119,0.232527,0.232032,-0.826664
M2100120,-0.593243,-0.129841,-0.490996
W2100121,-3.185196,-0.409658,0.155939
W2100122,-1.273443,0.029507,-0.272360
W2100123,0.706783,0.273105,-0.208338
M2100124,0.667404,-0.380607,0.010922
M2100125,0.059248,0.290533,0.140962
W2100126,3.373772,0.156092,-0.150539
M2100127,-0.076475,0.554073,-0.122085
M2100128,-0.266040,-0.669440,-0.482588
M2100129,-0.431392,0.320648,-0.284538
M2100130,0.515164,-0.155592,-0.406512
M2100131,-1.278515,0.150492,-0.288554
W2100132,2.524049,-0.474928,-0.493749
M2100133,1.707876,-0.709155,-0.799088
M2100134,-1.965283,-0.401417,-0.009611
W2100135,-2.928543,-1.009071,-0.643231
M2100136,0.436742,0.206020,-0.308521
W2100137,-2.287314,-0.179480,-1.044372
M2100138,1.716469,-0.390698,-0.394209
M2100139,0.316588,-0.142213,-0.023429
M2100140,-0.151157,-0.424527,-0.919302
W2100141,-0.859584,-0.460099,-0.583556
W2100142,1.497868,-0.471143,-0.775554
M2100143,0.576244,-0.254304,0.065184
W2100144,-3.506135,0.044608,-0.087835
M2100145,-0.294711,-0.596386,0.380164
W2100146,2.353773,0.084174,0.018774
M2100147,-0.948189,-0.385020,0.044760
W2100148,-0.941854,-0.893458,-0.398182
M2100149,-2.618744,-0.475647,-0.876276
M2100150,-0.374216,-0.618512,-0.140218
W2100151,-3.031658,-0.252581,-0.449349
W2100152,0.621870,-0.414559,-0.241001
M2100153,-0.358758,-0.787115,-0.295038
M2100154,1.310773,0.129115,0.740576
W2100155,-0.736134,0.118955,0.200602
M2100156,-2.777700,-0.494541,-0.898763
W2100157,-1.828696,0.147842,-0.170359
W2100158,-2.402690,-0.111135,-0.671993
W2100159,1.074683,0.296411,-0.300944
W2100160,-3.159250,-0.740891,-0.242830
M2100161,-0.996862,-0.123307,-0.210946
M2100162,0.381856,-0.520487,-0.183311
M2100163,-1.664042,0.834066,-0.552149
M2100164,0.438016,-0.794588,-0.077915
W2100165,2.257764,0.464600,0.964239
M2100166,0.442670,0.300957,0.289663
M2100167,-0.877715,-0.330602,-0.587743
M2100168,0.181669,-0.044808,-0.409364
W2100169,1.955680,-0.310350,-0.760184
W2100170,-1.965398,-0.030595,-0.741146
M2100171,-2.070190,-0.912016,-0.211993
M2100172,-0.022239,0.214220,-0.737824
W2100173,4.353556,0.544551,0.161461
W2100174,0.357385,-0.315365,-0.152454
M2100175,-0.254640,-1.520576,-0.641344
W2100176,-0.456408,-1.000943,-0.341851
M2100177,-1.041623,-0.705605,-0.223013
W2100178,-3.059400,-0.497685,-0.024041
M2100179,0.437271,0.042847,0.377829
W2100180,-0.417275,-0.055850,0.426530
M2100181,-0.738673,0.112976,0.134603
W2100182,-2.464527,0.032977,-0.734031
W2100183,2.277605,-0.128300,-0.307705
M2100184,2.547738,-0.198390,0.377416
W2100185,-2.493801,0.231901,-0.013679
M2100186,-2.516338,-0.252790,-0.954268
M2100187,-0.962099,-0.035179,-1.306418
M2100188,-0.695333,0.286652,-0.077040
M2100189,1.845624,0.083347,-0.080964
W2100190,1.184651,-0.106655,-0.228668
W2100191,-3.279138,0.238584,-0.590155
W2100192,-0.671808,-0.461274,-1.003660
M2100193,4.176854,1.131233,0.794807
M2100194,-0.760218,-0.119275,-0.006340
M2100195,1.096195,-0.405434,-0.530496
M2100196,1.555734,-0.421241,-0.126545
M2100197,-1.723507,-0.285530,-0.291094
M2100198,0.673785,-0.771585,-0.458425
M2100199,-4.527023,-0.740635,0.168898
W2100200,-0.437289,-1.290821,-0.448234
W2100201,1.969128,-0.542486,-0.204395
W2100202,4.497369,-0.573196,-0.023986
M2100203,2.958189,0.742520,0.146422
M2100204,-0.540288,-0.044512,0.175204
W2100205,-1.477081,0.409705,0.301713
W2100206,-3.703746,0.150018,0.264103
W2100207,1.320571,0.378092,-0.528777
M2100208,0.065403,-0.044777,-0.247383
M2100209,-1.869150,-0.640032,-0.213945
M2100210,-0.910110,-0.313746,-0.286192
M2100211,-1.491792,-0.554213,-1.027504
M2100212,-0.788221,-0.266517,-0.692513
M2100213,-1.955308,-0.640196,-0.446858
W2100214,0.952855,-0.724984,-0.482581
M2100215,1.519251,0.119856,-0.202698
W2100216,-3.772193,-0.724147,-0.182513
M2100217,-4.301345,0.030946,-0.624650
W2100218,-4.141255,-0.854678,-0.316765
M2100219,0.268637,-0.253731,0.409613
W2100220,-1.168836,0.655142,0.667560
W2100221,-1.704886,-0.420975,-0.998466
W2100222,1.653523,-0.024283,0.168428
M2100223,0.962746,-0.574284,-0.449602
W2100224,-0.649401,-0.015100,-0.320422
W2100225,1.151390,-0.577093,-0.271498
M2100226,-0.484868,0.528601,-0.453427
W2100227,0.240575,-0.137135,-0.770173
M2100228,-0.483899,-0.152194,0.267415
W2100229,1.805959,0.374372,0.849647
W2100230,-3.086520,0.379575,-0.370496
M2100231,-2.217145,-0.126139,-0.842048
M2100232,4.378329,0.235635,0.164239
W2100233,0.185977,0.048256,-0.180867
M2100234,-3.218730,-0.433236,-0.373170
W2100235,0.387741,-0.949371,-0.481139
W2100236,0.318258,-0.408756,0.003381
W2100237,1.909321,-0.040232,-0.187007
W2100238,-2.272855,-0.171769,0.029800
W2100239,2.214504,1.370931,0.345483
M2100240,1.729425,0.413668,-0.061901
M2100241,2.306386,0.173608,-0.369083
M2100242,-0.693666,0.110823,-0.052097
W2100243,-1.526439,-0.624486,-0.384614
M2100244,0.320995,-0.653455,-0.437649
W2100245,-1.324935,-0.130233,-0.550044
M2100246,1.005040,-0.148649,-0.883382
M2100247,1.924344,0.050888,-0.284926
M2100248,1.645708,-0.115171,0.065517
W2100249,-2.663357,0.626342,0.392990
W2100250,0.230941,1.053391,0.380337
W2100251,0.507224,0.247465,0.101929
W2100252,1.134904,0.561221,-0.109672
W2100253,0.151729,0.753250,0.296807
W2100254,-0.395372,-0.390036,-0.230032
M2100255,2.093809,-0.154678,0.128788
W2100256,1.705580,-0.098430,0.638710
W2100257,-0.553097,-0.291297,-0.577065
W2100258,2.153322,0.213669,-0.084008
W2100259,4.219870,0.388064,-0.352319
M2100260,-1.668332,0.296272,0.489294
W2100261,-2.012270,-1.108918,-0.457891
W2100262,-2.258306,0.309626,-0.243483
M2100263,1.208668,1.340720,0.684835
M2100264,-0.092947,-0.032562,-0.664212
M2100265,1.408811,0.931161,0.616143
M2100266,-0.624910,-0.337484,-0.230359
M2100267,-3.549859,-1.903093,-1.156959
M2100268,-1.952490,-0.981788,-0.855697
M2100269,-0.324078,-1.382414,-2.066377
M2100270,2.924536,-0.172172,-1.101061
M2100271,-0.012778,0.011512,0.114545
M2100272,1.297720,-0.544332,-0.375963
M2100273,-2.510135,-1.273224,-1.043588
M2100274,-1.494327,-0.882252,-0.947172
W2100275,-1.832568,-1.201877,-1.089390
W2100276,1.991565,-0.495270,-0.229424
W2100277,2.011717,-0.380797,-0.702448
M2100278,3.707987,1.306519,1.203207
W2100279,1.645328,0.682907,0.732686
W2100280,1.308001,0.970321,1.139405
W2100281,-2.265172,-0.472728,-0.053628
W2100282,-2.412012,-0.317302,-0.571267
W2100283,-3.732325,0.212900,-0.488688
M2100284,-5.662171,-0.499886,-0.670275
M2100285,0.874483,-0.273803,-0.093425
M2100286,-2.818842,-1.440545,-0.526291
M2100287,-0.908043,-1.242622,-0.108542
M2100288,-3.096784,-0.762119,-0.590043
M2100289,1.587071,-0.621269,-0.632824
W2100290,-3.170711,-1.342875,-1.013755
W2100291,-0.728534,0.015523,0.374715
W2100292,0.645379,0.737175,0.824320
W2100293,-4.509671,-0.579544,-0.243102
M2200294,2.419583,0.477686,-0.088299
W2200295,-0.787007,0.602025,-0.941415
W2200296,0.530120,-0.219696,0.321317
W2200297,-1.513118,-1.807432,-0.163629
M2200298,-2.547956,-1.097277,-0.234109
W2200299,1.118556,-0.195922,0.027626
W2200300,0.134388,-0.309994,-0.356165
M2200301,0.227401,0.117548,-0.389761
W2200302,-1.954189,-0.902111,-1.056182
W2200303,0.043655,-0.373862,0.493580
M2200304,-1.517124,0.422661,-0.358204
W2200305,2.654284,0.421578,-0.276714
M2200306,-2.485681,-1.977801,-1.255927
M2200307,-1.134499,-0.824653,-0.874739
M2200308,-0.411152,0.794389,-0.112159
M2200309,0.339999,0.196146,-0.251190
W2200310,-0.246963,-0.243344,-1.045536
W2200311,-0.360286,-0.458762,-0.913065
W2200312,1.312653,-0.169373,-0.344964
W2200313,1.641927,-0.095947,-0.362419
W2200314,2.329613,-0.805259,-0.200479
M2200315,-0.421031,-1.165514,-0.758987
W2200316,0.403816,-1.176560,0.003295
M2200317,5.527642,1.073581,0.437429
W2200318,0.812742,0.264772,-0.368555
M2200319,-1.310481,-0.486457,-0.754610
M2200320,2.330760,-1.473402,-0.040550
W2200321,1.293001,-1.295354,-0.352286
M2200322,-2.148340,-0.836036,-0.453465
M2200323,-0.355791,-0.352969,0.060445
M2200324,0.108942,-0.796889,-0.334606
M2200325,-1.925246,-0.246399,0.063618
M2200326,4.459957,0.023986,0.096465
W2200327,-0.177317,-0.736264,-0.669073
W2200328,3.352767,0.030043,0.316844
W2200329,1.087359,-0.854417,0.079801
M2200330,1.279418,-0.670431,0.333746
W2200331,1.342506,0.245885,-0.209455
M2200332,3.265196,0.512671,-0.131072
W2200333,-0.255942,1.123176,0.182892
M2200334,-2.750592,-0.401348,0.507179
M2200335,-0.263801,0.635444,0.372795
M2200336,-2.972420,-0.619649,-0.061561
M2200337,-0.974700,-0.190419,0.142019
W2200338,0.450449,-0.005724,-0.249014
W2200339,-0.414458,-0.246172,0.306970
M2200340,-0.964455,-0.611837,0.047881
M2200341,4.497115,0.655580,0.416837
M2200342,-0.202380,0.241494,-0.302411
W2200343,-1.212942,0.314276,-0.573942
W2200344,-1.723893,-1.266394,-0.401724
W2200345,-1.495830,-0.021681,0.046275
W2200346,-2.458255,-0.381458,-0.307670
M2200347,0.703600,0.125454,0.467207
M2200348,0.409204,0.287544,0.074567
W2200349,-0.927276,-0.150912,0.147560
W2200350,1.143751,0.144661,-0.234061
M2200351,-3.181304,0.000372,-0.359502
M2200352,-0.672319,0.549197,-0.272587
W2200353,2.135991,-0.333061,-0.208993
M2200354,-0.715875,-1.527105,-0.426723
W2200355,0.176956,-0.559211,0.222200
M2200356,-2.082240,-1.537956,-0.786050
M2200357,-0.874590,-1.276944,-0.907656
M2200358,3.785172,1.687672,-0.059192
M2200359,1.450573,-1.315912,-0.012231
W2200360,0.620990,-0.807225,-0.502931
M2200361,-1.046912,0.627977,-0.287359
W2200362,4.567940,1.220216,-0.078686
M2200363,-1.689642,0.613888,0.371049
M2200364,0.011916,0.542559,-0.131712
M2200365,0.323365,-0.873531,-0.751311
M2200366,1.948191,0.089896,0.151782
W2200367,-0.699401,-0.002031,-0.413053
W2200368,-1.686310,0.287474,-0.198730
W2200369,0.952515,-0.084242,-0.258141
M2200370,0.597776,0.254240,0.347563
M2200371,-0.033897,-0.051400,-0.371801
M2200372,0.748294,1.004273,0.217538
W2200373,1.893508,0.578426,0.315113
M2200374,-0.947671,-0.896103,0.024207
W2200375,-2.250392,-0.800607,-0.075952
M2200376,1.704802,0.109052,0.064391
W2200377,-0.054659,0.433621,-0.071926
M2200378,-2.031351,-0.557674,0.281402
W2200379,-3.545322,0.040500,0.132449
M2200380,-2.135974,-0.479853,-0.629407
M2200381,3.272047,-0.052497,-0.016155
W2200382,0.124934,-0.443856,0.033083
W2200383,0.391846,-0.324395,0.133020
M2200384,1.343154,0.054005,-0.666235
W2200385,-2.475417,-0.291845,0.222711
M2200386,-3.034308,-1.003315,0.253560
M2200387,0.815338,-1.487294,-0.942161
W2200388,-1.773575,-1.077615,-0.438362
M2200389,3.078294,-0.389918,-0.069331
M2200390,-0.166334,-0.148285,0.348631
W2200391,-1.252252,-1.202367,-0.527306
M2200392,0.982329,0.261172,-0.414097
M2200393,0.569257,0.629246,-0.096007
M2200394,0.498238,0.203191,-0.541327
W2200395,-2.460495,0.838388,-0.623134
W2200396,-3.015187,-1.388385,0.082518
W2200397,-1.464570,-0.545391,-0.140046
M2200398,-2.865408,-0.990049,-1.132730
W2200399,-2.488168,-0.877670,-0.557229
W2200400,0.412213,0.689497,-0.273747
M2200401,-1.120241,0.817634,-0.742595
W2200402,0.154123,0.933811,-0.411655
M2200403,-1.826245,0.237674,0.194973
M2200404,-1.209739,0.225262,0.021443
M2200405,-0.529221,0.830787,0.469618
W2200406,-0.455640,-0.645283,0.163613
W2200407,-3.772056,-1.237118,-0.378513
M2200408,-2.466560,-0.674788,0.297159
W2200409,-1.658978,-0.252257,-0.086768
W2200410,-0.823267,-0.846162,-0.122478
W2200411,0.090675,-1.703884,-0.943134
M2200412,-2.056492,-0.807864,-0.513239
W2200413,-3.477813,-1.469239,-0.982631
M2200414,0.356681,0.362885,-0.526308
W2200415,-0.177889,-0.241660,-0.248161
M2200416,0.606095,-0.906455,-0.560274
M2200417,-2.314316,-0.556349,-0.100666
M2200418,-2.079644,0.716055,-0.755888
M2200419,-0.599805,0.546498,-0.405718
W2200420,-2.439579,-0.509572,-1.074137
M2200421,3.111692,0.431940,-0.111546
M2200422,-0.206448,-0.409296,-0.543734
M2200423,-2.424180,0.136129,0.315889
M2200424,-3.361303,-0.070376,-0.210942
W2200425,-1.902688,0.056666,-0.381448
M2200426,1.348088,0.163989,0.243693
W2200427,2.092203,-0.438310,0.292781
W2200428,1.978207,1.066154,0.074714
M2200429,2.642264,0.053723,0.037535
M2200430,-0.475449,0.373255,-0.105987
M2200431,1.382359,-0.028417,-0.301503
W2200432,-0.653979,0.553108,-0.511585
W2200433,1.079207,1.430629,-0.463246
M2200434,-0.063772,-0.482814,0.307996
W2200435,2.197048,-0.288113,0.240861
W2200436,1.774763,0.424237,0.062942
W2200437,2.057436,-0.379434,-0.641439
W2200438,0.957808,0.215818,0.400371
M2200439,3.852517,0.320490,-0.326363
W2200440,-0.083417,0.076673,-0.336490
M2200441,-3.830510,-0.755554,-0.117301
W2200442,1.886289,0.401218,-0.547997
M2200443,0.270541,0.450551,-0.462999
M2200444,0.050611,-0.202246,-0.340529
W2200445,1.669076,-0.540691,0.027644
W2200446,1.113745,-0.306075,0.057163
W2200447,1.255276,-0.613983,-0.330482
W2200448,1.187711,0.053131,-0.128006
W2200449,1.811768,0.475620,0.434885
W2200450,-1.047993,0.440575,0.591991
W2200451,-0.402203,0.378892,-1.139930
W2200452,1.902079,0.293977,-0.353680
W2200453,-1.489190,-0.531845,-0.416385
M2200454,-0.479075,-0.373756,-0.262338
M2200455,1.117645,-0.381539,-0.122470
M2200456,-2.668406,-0.692041,-0.475326
W2200457,-1.382027,-0.352320,-0.749721
W2200458,-0.196866,-0.788724,-1.060627
W2200459,0.430445,-0.756386,-0.417923
W2200460,-0.112671,0.852478,0.652813
W2200461,0.541504,0.252745,0.329906
W2200462,0.294902,0.496668,0.646344
M2200463,-2.958906,-0.349797,0.176315
M2200464,0.166606,0.224708,0.180501
M2200465,2.825980,-0.212910,0.193486
W2200466,-2.261447,-0.144240,-0.574318
W2200467,-1.299708,-1.617560,-0.896308
M2200468,0.979088,-0.295390,-0.410662
W2200469,-3.428103,0.997918,-0.136096
M2200470,-0.180104,-1.305157,-0.283338
M2200471,0.219979,-0.915192,-1.068930
W2200472,1.514875,0.209322,-0.846739
M2200473,1.173726,1.087041,-0.060523
M2200474,-0.013996,-0.287533,-0.489821
M2200475,-1.383953,-0.342644,-0.535499
W2200476,-0.011671,0.087261,-0.074097
W2200477,1.001999,0.523513,0.662972
W2200478,-4.877197,-1.145235,0.096656
M2200479,-1.230038,-0.618619,0.152403
M2200480,-0.155655,-1.055802,-0.065197
M2200481,-1.077168,-0.363435,0.076784
W2200482,-2.504228,0.491821,-0.324933
M2200483,-1.978408,-0.110221,-0.647651
W2200484,-0.246596,-0.367071,0.138640
W2200485,1.018100,-0.299476,0.064112
M2200486,0.417350,-0.324324,-0.915059
W2200487,3.929868,0.310988,-0.091097
W2200488,-0.169176,-0.142901,-0.423439
M2200489,-0.080628,-0.391107,0.370158
M2200490,0.961717,0.153602,-0.373443
M2200491,-1.568972,0.839018,-0.375808
M2200492,-1.603857,0.307104,-0.638776
W2200493,-0.100332,0.174440,0.007313
M2200494,-1.127415,-0.287131,-0.250605
W2200495,0.927423,-0.671309,-0.464927
W2200496,-1.037141,-0.392208,-0.195774
M2200497,-1.799266,0.557670,0.367240
W2200498,-1.010134,0.227462,0.402472
M2200499,2.335419,0.067528,-0.208235
W2200500,-0.374379,-0.762737,-0.575612
W2200501,3.826486,0.256641,0.554720
W2200502,0.326707,-0.030570,-0.197215
W2200503,0.831984,0.344566,0.634986
W2200504,2.652874,0.030906,0.529428
W2200505,2.038988,0.429855,0.342965
M2200506,0.056440,0.504526,0.555215
W2200507,-0.750773,-0.253750,-0.277551
W2200508,0.725396,0.036758,0.598910
M2200509,-3.237519,-1.279443,-0.217101
M2200510,-2.466034,-0.863181,-0.294578
W2200511,-0.415868,-0.364886,-0.455721
M2200512,3.936350,0.201853,0.163408
M2200513,-0.283264,-1.321580,-0.763304
W2200514,-1.775270,0.531291,0.017448
M2200515,-2.179530,0.170141,0.121921
M2200516,-4.411851,0.044855,0.103551
M2200517,4.769364,0.539273,0.494267
W2200518,1.986411,0.532215,0.263569
W2200519,-4.540926,-0.851221,-0.307393
W2200520,-2.746897,-1.028338,0.197582
M2200521,1.075452,-0.588551,-0.493421
W2200522,-1.131941,0.277156,-0.846360
M2200523,2.311134,0.865912,0.018341
W2200524,-0.593736,0.408072,0.375932
M2200525,1.511003,0.070763,-0.687527
W2200526,-1.019365,-0.500547,-0.148084
W2200527,-2.457114,0.332400,-0.535845
M2200528,-1.855990,0.118520,-0.112062
M2200529,1.335160,0.179870,-0.472823
M2200530,-0.207642,0.245543,0.425474
W2200531,-0.669918,0.831750,0.376355
M2200532,1.198592,0.887291,0.606813
W2200533,2.699575,-0.430790,0.460798
W2200534,-2.011542,-0.883464,-0.059986
W2200535,-1.433069,-0.170499,-0.176391
M2200536,-2.493451,-0.596475,-0.457227
M2200537,-0.360934,-0.555497,-0.015918
W2200538,-0.574710,0.181285,-0.290919
W2200539,1.755819,0.312549,0.318832
M2200540,-1.689158,0.311745,0.803130
W2200541,-0.896792,-0.001742,0.427744
W2200542,2.324224,-0.324916,-0.310534
M2200543,2.867251,0.994885,0.926204
W2200544,1.820689,0.614012,1.002103
M2200545,0.589388,-1.035184,-0.099111
W2200546,2.050798,0.599450,0.422781
W2200547,1.879182,1.139764,0.561958
W2200548,-2.453705,-0.043243,0.165072
W2200549,1.821764,0.143169,0.553051
M2200550,2.716949,-0.706061,-0.818810
W2200551,3.450938,0.293374,0.284747
W2200552,1.307440,-0.431514,-0.057007
W2200553,0.158476,-0.154902,-0.005223
M2200554,2.584420,0.452528,0.258396
W2200555,5.369736,0.871375,0.898890
M2200556,-1.282899,-0.927672,-0.569777
M2200557,1.563227,0.128261,-0.870349
W2200558,-2.875934,-0.699168,-0.612127
W2200559,-2.661571,-1.273163,-0.617617
M2200560,-1.025841,-0.655860,-0.085885
W2200561,1.507911,-0.423183,-0.372582
M2200562,1.529154,0.495503,-0.315182
W2200563,-1.662878,0.244902,0.073038
W2200564,0.903612,0.825856,-0.164956
M2200565,-2.364169,-0.871442,-0.159215
W2200566,-1.678363,0.330094,0.106723
W2200567,0.156080,0.267331,0.297355
W2200568,-4.038182,-1.351041,-0.355050
W2200569,1.624969,-0.395390,0.169419
W2200570,-0.205759,0.287875,0.309873
M2200571,-1.186444,-0.236937,0.168227
W2200572,-2.195411,-1.137676,-1.575992
M2200573,-1.892646,0.222710,-1.090050
W2200574,1.472687,0.783752,-0.556076
M2200575,-1.066290,0.037159,-0.153161
W2200576,0.110531,-0.626264,0.056834
M2200577,1.823893,-0.366633,-0.195213
M2200578,-0.344404,-0.604857,-0.483863
W2200579,-2.212381,-0.382316,-0.770368
M2200580,-1.564953,-0.245528,-0.433824
W2200581,0.293055,-0.199840,-0.430673
W2200582,0.647137,0.499224,0.458872
M2200583,1.800996,-0.682180,0.170633
M2200584,1.295311,0.059564,-0.343376
W2200585,-0.044143,-1.803635,-1.389072
W2200586,-0.531694,-0.546533,0.124787
M2200587,-0.055769,-0.820158,-0.662933
M2200588,-2.118329,-1.252736,-1.582783
W2200589,-4.075304,-0.964705,-0.398888
W2200590,-0.918583,-0.250741,-0.349048
M2200591,-1.398515,0.844799,-0.515811
M2200592,-0.188701,0.694232,-0.126752
M2200593,3.047685,0.210940,0.157677
W2200594,-2.238830,-0.647536,-1.142547
W2200595,-0.207634,0.362084,-0.456422
M2200596,2.498839,0.725527,0.612401
M2200597,0.368781,0.019804,0.131549
W2200598,-2.319882,0.049594,-0.583620
M2200599,0.506405,-0.152760,0.165239
W2200600,-0.497395,-0.112012,0.302595
W2200601,0.950416,0.090059,-0.113138
W2200602,-1.520885,-0.133999,0.411797
W2200603,-0.732257,-1.472719,-1.093558
M2200604,-0.946585,-0.839426,-0.836908
W2200605,0.117976,0.363540,0.354185
W2200606,-1.362130,0.247611,-0.419053
W2200607,-0.533554,0.422498,0.062811
M2200608,3.353263,-0.290540,0.019154
W2200609,-2.066331,-1.155721,0.026287
W2200610,-1.983102,-0.711516,-0.893917
M2200611,1.394179,0.477419,-0.088363
M2200612,1.564133,0.607463,0.484362
M2200613,1.685268,-0.571840,0.111584
W2200614,2.194309,0.260403,-0.131698
M2200615,1.235415,-0.075449,-0.523655
M2200616,1.303992,-0.100782,-0.521268
M2200617,1.631204,0.000428,-0.011883
M2200618,0.923468,-0.468819,-0.176102
M2200619,-2.813138,-1.015011,-1.086417
W2200620,0.139517,0.177724,-0.180911
W2200621,-3.095449,0.367141,-0.148764
M2200622,-0.607291,-1.799810,-0.670146
M2200623,0.608861,-0.538218,-0.067599
W2200624,-2.893418,0.701602,-0.424139
W2200625,-3.675662,0.614407,-0.400530
W2200626,0.214626,0.105972,0.577203
W2200627,1.355355,0.709542,0.964666
M2200628,0.166765,-0.711761,-1.032194
W2200629,0.164168,-0.598608,-0.618925
W2200630,-1.238205,-0.076279,-0.444923
W2200631,-1.842102,-1.144843,-0.345048
M2200632,-0.648796,-1.039917,-0.108539
W2200633,-0.988745,0.538121,-0.140512
W2200634,0.225745,0.708287,-0.360040
W2200635,2.796734,0.180697,0.435056
W2200636,1.144683,-0.164769,0.341005
W2200637,-0.731632,-0.356578,-0.688647
M2200638,-0.952334,-0.963285,-0.144090
M2200639,0.883780,0.476537,-0.160964
W2200640,2.083651,-0.136388,0.108302
M2200641,2.740937,-0.333417,-0.483922
W2200642,-0.350370,-0.227103,-0.575344
M2200643,-0.925536,-0.467584,-0.756036
M2200644,2.205296,0.705445,1.098850
W2200645,4.614689,1.327476,0.827435
M2200646,-1.324498,0.675788,-0.472944
W2300647,-1.098233,1.162271,0.514938
W2300648,-1.051528,-0.102402,-0.516178
W2300649,4.754750,0.569854,-0.243571
W2300650,-1.489491,-1.318054,-0.227678
M2300651,-0.210402,-1.529140,-0.857584
M2300652,1.613056,0.157747,-0.153570
W2300653,1.050498,0.812724,0.318956
W2300654,0.980190,0.091865,-0.358632
M2300655,0.712192,-0.525584,-0.742740
W2300656,-0.781662,-0.083169,-0.289732
M2300657,-2.023844,0.406119,-0.020542
M2300658,-1.723159,-1.441484,-0.965304
W2300659,-0.497023,-1.518143,-1.405862
M2300660,-0.402371,-0.557742,-1.520001
W2300661,-1.322624,-0.899143,-0.822376
W2300662,0.030946,-0.565319,-0.446763
M2300663,0.205025,-0.733087,-0.890470
M2300664,-1.323464,-0.799464,-1.239191
W2300665,1.944237,0.232394,0.375605
M2300666,-1.918568,-0.655825,-0.392676
W2300667,1.021924,-0.501610,-0.732500
M2300668,-2.729860,-0.579109,-0.741401
W2300669,1.405424,-0.625993,-0.089148
M2300670,2.247476,-0.626063,-0.730448
M2300671,-0.108768,-0.052789,-0.241522
W2300672,-0.420946,-0.398951,0.048194
W2300673,-0.856474,-0.565847,-0.606136
W2300674,0.649364,-0.492731,0.169553
M2300675,-0.000649,-0.237936,-0.407519
M2300676,2.250996,-0.500394,0.007193
M2300677,-0.891697,0.353512,-0.134728
W2300678,2.098199,0.174478,-0.145226
W2300679,1.242965,0.121339,0.052494
W2300680,0.324218,0.050531,-0.055806
M2300681,-0.633192,0.299967,0.268592
W2300682,2.549074,0.305739,0.126288
M2300683,-0.365191,-0.664840,-0.268504
W2300684,1.337665,0.267440,0.060873
W2300685,2.548428,1.133626,0.642536
M2300686,2.481897,1.031630,0.861136
M2300687,-1.710994,-0.921277,-0.756431
M2300688,0.385833,0.271599,-0.161579
W2300689,1.072109,-0.038961,-0.280317
M2300690,1.051993,0.299956,-0.147741
M2300691,-0.716805,-0.374692,0.055628
W2300692,-0.140965,0.652554,0.056041
W2300693,-1.848431,-0.926829,-0.600887
W2300694,-0.118212,0.214509,-0.080339
M2300695,2.154651,-0.269098,-0.754138
W2300696,-0.535762,0.368369,-0.100622
W2300697,1.333477,-0.019286,-0.383001
W2300698,0.964256,0.305133,0.235889
W2300699,0.006472,-0.451667,-0.605293
M2300700,2.067027,0.403510,0.684907
M2300701,-0.142027,0.782051,0.313167
W2300702,3.470471,-0.200778,0.178609
M2300703,-0.021522,-0.501564,-0.477615
M2300704,-2.796257,-0.113322,-0.705676
W2300705,-2.678648,0.349634,0.024045
M2300706,3.484149,0.437706,-0.454356
M2300707,4.377677,0.729281,-0.269036
W2300708,0.813027,-0.657841,-0.916309
M2300709,0.938623,0.122962,0.335462
W2300710,1.234803,-0.708231,-0.850738
M2300711,-1.390577,-1.615890,-1.640364
W2300712,-1.042715,-0.193259,-0.066508
M2300713,2.564929,0.167315,0.119559
M2300714,1.783898,0.173727,0.206695
M2300715,1.275715,0.155458,0.245500
M2300716,1.758899,-0.901040,-0.388304
M2300717,1.942950,-0.419674,-0.100429
M2300718,1.307253,0.443884,0.133463
M2300719,-0.614730,-0.226605,-0.072939
W2300720,-1.969756,-0.652276,-1.336847
M2300721,3.379136,0.106808,-0.351997
M2300722,5.247999,0.925635,0.429320
W2300723,0.088216,-0.408989,-0.564672
M2300724,-0.683086,-0.152290,-0.014482
W2300725,0.378002,-0.030243,-0.441149
M2300726,0.987569,-0.065567,0.026270
M2300727,-0.364485,-1.609376,-0.635909
M2300728,-0.518635,-0.065164,-0.853943
M2300729,-0.112223,-0.311403,-0.487164
W2300730,0.438647,-0.381319,0.835931
M2300731,3.126923,-0.233569,0.652167
M2300732,-1.819553,-0.752785,-0.749293
M2300733,-2.214433,0.006761,-0.493303
M2300734,2.172246,-0.320317,-0.858305
M2300735,1.801660,0.398153,0.087126
W2300736,-3.001110,0.100807,0.151899
M2300737,-0.616624,-0.394312,0.019238
W2300738,0.219042,-0.032741,0.023688
W2300739,-2.024938,-0.045542,-0.329150
M2300740,-0.496625,0.022331,0.108719
W2300741,-0.531839,-0.864550,0.063811
W2300742,-0.592051,-0.320183,0.043660
M2300743,-1.025399,-0.657538,-0.469276
M2300744,2.224933,-0.178852,-0.539312
M2300745,1.913965,-0.100533,-0.441270
W2300746,3.550015,-0.486356,-0.311027
M2300747,-2.550597,-0.656171,-0.271605
W2300748,-1.574626,-0.515401,-0.098958
W2300749,-0.165396,-0.218036,-0.501640
M2300750,-1.286489,0.531023,0.183218
W2300751,1.604918,1.042655,0.466659
M2300752,-1.061370,0.457310,0.527616
W2300753,2.215282,0.210219,0.175013
M2300754,-2.681379,-0.032444,-0.680414
M2300755,1.345225,-0.201879,-0.350568
M2300756,-0.529738,-0.140830,-0.767751
M2300757,-0.948353,-0.562714,-0.931246
W2300758,-2.247687,-0.663826,-0.941573
M2300759,1.234324,0.248561,0.096081
W2300760,0.244870,-0.124344,-0.044546
M2300761,1.199402,1.202303,-0.069195
W2300762,-0.062452,0.741728,0.031175
M2300763,0.751383,-0.311305,-0.442339
M2300764,0.641195,-0.174507,-0.167711
W2300765,0.394061,0.107363,-0.561167
M2300766,3.846167,0.605833,0.085187
M2300767,-0.191881,0.170491,-0.715055
W2300768,-1.182560,-0.860867,-0.791345
M2300769,2.302762,0.074116,0.097906
M2300770,1.157630,0.436385,-0.351606
M2300771,0.710367,0.296116,-0.700923
M2300772,-1.523813,0.498324,0.017574
M2300773,-1.491589,-0.268186,-0.658445
W2300774,-0.656520,0.164652,-0.457112
M2300775,1.625466,-1.101030,-0.360684
W2300776,1.258217,-1.186081,-0.220596
M2300777,1.368381,-0.564395,-0.509085
W2300778,-2.510120,-0.119231,-0.584266
W2300779,0.621156,0.508579,-0.300763
M2300780,1.908423,1.255076,0.737233
M2300781,0.225285,1.154123,0.360412
W2300782,-1.025551,0.195659,0.135563
W2300783,-4.364646,-1.145640,-1.889363
W2300784,3.175014,0.113111,-0.601351
M2300785,-2.122522,-0.903260,-0.943639
W2300786,-1.032776,-0.601072,-0.609666
M2300787,-0.866392,0.420108,0.321045
W2300788,0.917330,-0.890713,-0.405063
W2300789,0.121304,-0.771546,-0.409942
W2300790,0.128179,-0.107995,-0.314260
W2300791,-1.399958,-1.365390,-0.208928
M2300792,-2.065777,-0.307554,0.234591
W2300793,-1.667654,-0.133999,-0.667447
M2300794,-2.825869,-0.760374,-0.489837
W2300795,2.233228,-0.296330,-0.433851
M2300796,2.825766,0.194388,-0.160355
M2300797,0.892684,0.526392,0.713608
W2300798,3.229953,-0.004213,0.015348
W2300799,-0.915517,-0.028295,-0.059909
M2300800,0.660096,-0.334407,-0.273995
W2300801,0.280500,-0.220278,-0.387250
W2300802,0.122780,0.524181,-0.212762
M2300803,1.607307,-0.214381,-0.565545
W2300804,2.451342,-0.507057,0.071666
M2300805,0.640512,-0.216169,-0.951634
M2300806,1.513537,0.675654,-0.185150
W2300807,1.105479,0.746707,-0.017893
M2300808,0.408356,-0.326690,0.102721
M2300809,2.508695,-0.067487,0.684794
M2300810,-1.220970,-0.259209,-0.013950
W2300811,-3.158192,-1.294525,-0.620242
W2300812,-1.796224,-1.040309,-1.090852
W2300813,-2.562157,-0.885411,-1.410372
M2300814,3.989473,-0.643389,0.082242
M2300815,2.165694,-0.798653,-0.132919
M2300816,-1.609965,-0.064439,-0.528456
W2300817,0.184913,-0.528758,0.256567
M2300818,2.480609,0.292693,0.456224
M2300819,-0.503727,0.122338,-0.240808
M2300820,-2.356985,-0.190701,-0.078250
M2300821,1.131896,-0.458227,-0.667828
W2300822,0.551761,0.141215,-0.609401
M2300823,1.178745,-0.384110,-0.271716
M2300824,-2.088393,-0.098788,-0.118112
W2300825,0.739602,0.464241,0.430716
M2300826,1.187688,0.148441,0.367623
M2300827,1.918579,0.867480,0.076698
M2300828,-0.774909,-0.023029,-0.084359
W2300829,0.190285,0.849442,-0.084068
W2300830,-0.825738,-0.081927,-0.219607
W2300831,-0.493248,-0.029169,0.144719
W2300832,-0.855695,0.322995,0.416975
M2300833,2.317829,-0.159825,-0.231563
M2300834,1.522766,-0.396261,0.065727
M2300835,-0.089147,-0.360162,-0.921704
W2300836,-1.471321,-0.941616,-1.282338
W2300837,-0.831698,-0.664557,-0.271256
M2300838,0.243214,0.346543,-0.032535
W2300839,0.402224,0.390505,0.383522
W2300840,-0.107259,0.162324,0.506109
W2300841,0.171358,0.051348,0.188736
W2300842,1.726141,-0.108201,0.050991
W2300843,0.900219,-0.620690,-0.575007
M2300844,0.401324,0.011706,0.287855
M2300845,4.431302,0.525049,0.065864
M2300846,5.837597,0.581486,0.949390
M2300847,2.547405,0.134330,0.448888
M2300848,-0.410496,-0.147778,-0.496962
M2300849,1.312258,-0.324200,-0.879947
M2300850,-1.604680,-0.571594,-0.397591
M2300851,1.409618,0.370727,-0.625856
M2300852,1.494443,0.015055,-0.302656
M2300853,1.509263,-0.245475,-0.390647
M2300854,0.795148,0.048482,-0.576190
M2300855,0.707247,0.514247,0.106527
M2300856,0.112548,0.408386,-0.297441
M2300857,2.096582,0.533015,0.426001
W2300858,1.463887,-0.328463,-0.195944
M2300859,2.668314,0.226054,0.396021
M2300860,-2.636379,0.210787,0.270475
M2300861,-1.171121,0.015546,-0.429246
W2300862,-1.826106,0.492015,0.005381
M2300863,0.790270,-0.677083,-0.236817
M2300864,0.146366,-0.065757,0.911191
M2300865,3.376994,0.605305,0.461943
W2300866,4.114146,-0.672885,0.141809
W2300867,1.990265,-0.297632,-0.490494
W2300868,0.270931,-0.305176,-0.304815
W2300869,0.931627,-0.265141,0.235705
W2300870,-0.160038,0.158403,0.380239
M2300871,1.985173,-0.058504,0.015317
W2300872,1.113982,0.041856,0.529430
M2300873,1.856728,-0.100328,-0.145178
W2300874,-0.937333,-0.143805,0.158630
W2300875,-1.007368,-0.519658,-0.764821
W2300876,1.462335,-0.420138,-0.624917
W2300877,1.878275,0.045216,-0.045261
W2300878,-0.246456,-0.673373,-0.611438
W2300879,-0.334317,-1.096032,-1.266044
M2300880,-1.554671,-1.371166,-0.816878
M2300881,0.669168,-0.094497,-0.575676
W2300882,-0.452611,-0.358580,0.005175
M2300883,0.724683,0.159334,0.145212
W2300884,4.916292,0.835825,0.739062
M2300885,-0.717919,-0.404197,-0.011254
W2300886,-0.867451,-0.163108,0.258743
M2300887,-0.742771,-1.262963,-0.180328
M2300888,1.746381,0.147488,0.379720
M2300889,-1.114644,0.049907,0.315822
M2300890,1.251617,-0.391358,-1.202803
M2300891,-0.506267,-0.238750,-0.983074
M2300892,-0.814972,-0.455229,-0.636761
W2300893,2.064005,-0.546926,-0.925376
W2300894,0.972354,0.031288,-0.891286
W2300895,1.915261,-0.063760,-0.541244
W2300896,3.000300,-0.268700,-0.515135
M2300897,1.320978,-1.225087,-0.077247
M2300898,2.377921,0.161455,-0.592465
W2300899,1.973045,-0.108618,-0.649765
M2300900,2.107491,-0.961529,-0.618898
W2300901,2.184373,-0.231070,-0.036411
M2300902,2.150862,-0.710522,-0.413075
W2300903,0.167053,0.328645,-0.634122
W2300904,1.804153,-0.741635,-0.310075
M2300905,2.056730,-0.173737,-0.009375
W2300906,0.779141,-0.173166,-0.197909
M2300907,-1.344711,0.253366,-0.265583
M2300908,0.047930,0.110162,-0.317595
W2300909,0.308060,0.351546,-0.275609
M2300910,-1.484106,-0.518000,-0.474129
W2300911,-1.022672,0.010690,-0.205519
M2300912,0.371686,0.341504,-0.217614
W2300913,0.933605,-0.754573,0.094811
M2300914,-0.435398,-1.177274,0.029802
M2300915,-2.327524,-0.071265,0.293302
M2300916,0.039395,-0.805356,-0.491747
M2300917,0.779591,-0.112039,-0.565454
M2300918,-0.938431,-1.105796,-1.024691
W2300919,-1.198661,0.167098,-0.778931
M2300920,-0.570858,-0.144346,-0.112761
M2300921,3.268296,-0.482940,0.240663
W2300922,2.233047,-0.519249,-0.500412
W2300923,1.173299,-0.123308,-1.167261
M2300924,0.804369,-0.945403,-0.123529
W2300925,-0.733889,-1.408586,-0.814897
W2300926,1.698335,0.033241,0.203798
W2300927,0.105087,0.187149,-0.040134
W2300928,1.106060,0.043663,-0.619061
M2300929,-0.213727,0.275641,-0.209591
W2300930,-0.669172,-1.269407,-0.323544
W2300931,-0.355110,-0.659337,-0.601435
M2300932,1.010426,0.137564,0.396618
W2300933,4.077460,0.539582,-0.299861
M2300934,2.776431,0.923657,0.483986
M2300935,-2.008981,-1.053930,-0.491541
W2300936,-2.171294,-1.377291,-0.483369
W2300937,-3.018709,-1.309872,-0.912359
M2300938,-3.497735,-0.444410,-1.268335
M2300939,-3.159346,-0.628645,-1.027573
M2300940,-1.313376,-0.952856,-0.313916
W2300941,-0.693692,-0.680152,-0.414722
M2300942,-1.661604,0.074199,-0.154927
W2300943,-4.122861,0.687837,0.661353
M2300944,-1.084920,0.023219,0.377166
M2300945,-0.985649,0.155825,-0.205338
M2300946,1.208669,-0.367122,-0.184841
M2300947,-3.125034,-0.227155,-0.645533
M2300948,0.761459,0.646823,-0.423069
W2300949,1.717019,0.046383,-0.185720
W2300950,-1.420465,-0.581538,-0.507727
W2300951,-0.094826,0.230556,-0.934248
M2300952,-0.813337,0.297750,-0.123426
M2300953,1.623328,-0.082187,-0.344882
M2300954,1.530508,0.011582,0.339402
M2300955,2.969372,0.978168,-0.554285
W2300956,-1.317494,0.115065,-0.495516
W2300957,-0.973422,-0.250815,0.080857
M2300958,-2.237383,-0.117837,-0.012702
M2300959,0.116031,0.717963,-0.205367
M2300960,-0.362155,0.013798,0.091214
M2300961,-3.064620,-0.221121,-0.592599
W2300962,-2.501060,0.157980,-1.058898
M2300963,2.154674,-0.136642,0.163001
M2300964,-1.741161,-1.253372,-0.420093
W2300965,-0.045816,-0.252062,-0.260396
M2300966,3.028284,0.534136,0.034694
W2300967,0.402194,-0.103517,0.326863
M2300968,3.558336,0.247708,-0.548670
W2300969,3.178971,0.738199,-0.325419
W2300970,-0.165083,0.245474,0.015169
M2300971,-0.622724,-0.315133,-0.485136
W2300972,0.232310,-0.028999,0.158951
W2300973,-1.387085,-0.948999,-0.107136
W2300974,0.270611,-1.116614,-0.185260
M2300975,-0.248642,0.165836,-0.478090
W2300976,1.495415,-0.560159,-0.186169
M2300977,1.038972,-0.014645,-0.686359
W2300978,-0.744381,0.156985,-0.471824
M2300979,0.850672,0.075694,-0.009142
W2300980,-4.240206,-1.096048,-0.845471
M2300981,0.499807,-0.176849,-0.345321
W2300982,0.641568,-0.479028,-0.323513
M2300983,0.394505,-0.608324,-0.518789
W2300984,1.524107,0.425769,0.047509
W2300985,4.917747,0.192043,-0.188981
W2300986,-1.281321,-0.607148,-0.038846
W2300987,-0.113664,-0.916115,-0.086929
M2300988,-2.369849,-0.418688,-0.309856
M2300989,1.989890,0.298319,0.255283
M2300990,-1.965905,-0.076643,-0.433761
W2300991,-1.382359,-0.766420,-0.614894
M2300992,-3.715632,0.676712,-0.144965
W2300993,-1.556338,0.013426,-0.289419
M2300994,0.912230,0.048800,-0.182567
W2300995,-0.259767,0.237087,-0.090025
M2300996,-0.794772,-0.365377,-0.017578
W2300997,1.185301,-1.076961,-0.164098
W2300998,1.346757,0.310841,-0.270864
W2300999,3.526827,0.135557,-0.213588
W2301000,0.716253,-1.194421,-0.982551
M2301001,-3.902382,-1.522070,-1.727390
W2301002,-1.784159,-1.492610,-1.248201
M2301003,-3.317715,-0.208713,-0.442330
M2301004,0.882986,0.257163,0.059888
M2301005,-1.283229,0.814648,0.339533
W2301006,0.364397,0.547592,-0.046425
M2301007,3.250539,-1.043403,-0.806545
M2301008,1.161433,-0.439665,-1.143216
M2301009,1.451763,0.056121,-0.332535
M2301010,0.316908,0.193499,-0.045772
W2301011,1.331816,-0.232387,-0.652343
W2301012,-2.448193,-0.428917,-0.245288
M2301013,1.658766,0.032421,0.265695
M2301014,-1.909947,0.332206,0.164667
W2301015,0.468784,-0.416200,-0.508564
M2301016,0.634246,0.454662,-1.440612
M2301017,-1.529289,-0.404690,-0.828270
M2301018,0.314996,-0.275799,-0.770879
W2301019,-2.235191,0.431493,0.147253
M2301020,-2.557923,-0.602414,-0.240573
M2301021,-0.769951,-0.035977,-0.052786
W2301022,-0.736310,-0.251862,-0.097406
M2301023,-3.420174,-1.494566,-0.970910
M2301024,1.828432,0.633377,0.153620
W2301025,-2.804259,-1.332063,-0.864283
M2301026,-1.377863,-0.235129,-0.523528
W2301027,-0.112059,-0.497230,0.332602
W2301028,0.235042,0.354019,0.254411
M2301029,1.095191,0.213235,0.023508
W2301030,0.210074,0.311210,0.224224
W2301031,-2.262390,-0.157064,-0.789230
M2301032,0.003343,-0.367333,-0.402060
M2301033,-0.029683,0.504514,0.020654
M2301034,3.893896,1.483172,0.278095
M2301035,-2.349954,-0.028105,0.336498
M2301036,2.259488,0.180421,0.333954
M2301037,4.150892,0.118261,0.224080
W2301038,2.332670,-0.559019,-0.438609
M2301039,-0.528278,-0.031272,-0.153419
W2301040,-3.973007,-0.916320,-0.271348
W2301041,0.048650,0.248214,0.225267
M2301042,-1.802198,-0.353248,0.110048
W2301043,-3.197157,-0.693357,-0.003695
M2301044,0.453496,0.544164,-0.630928
M2301045,-1.799857,-0.724451,-0.517709
W2301046,-1.277015,-0.014709,-0.102833
W2301047,-2.493741,-0.430956,-0.407771
M2301048,-1.611333,-1.412072,-0.625409
M2301049,-0.821102,0.205088,0.164390
M2301050,3.498385,0.823469,0.179747
M2301051,-3.588058,-0.279855,-0.999105
W2301052,1.294461,-0.009923,0.175197
W2401053,-0.355382,0.072301,-0.324018
W2401054,0.150413,-0.125126,-0.080401
M2401055,0.301508,0.041992,-0.117301
M2401056,-1.046610,-1.097610,-0.956518
M2401057,0.268004,0.328584,0.415867
M2401058,0.469357,0.031228,-0.473452
W2401059,-0.906230,0.169418,-0.167913
M2401060,3.651804,0.619556,0.086165
M2401061,2.519783,-0.061825,-0.580911
M2401062,-2.133916,-1.051850,-0.648209
M2401063,0.632909,0.043902,0.068719
W2401064,0.172124,-0.273244,-0.175794
M2401065,-1.509731,0.161381,-0.448764
M2401066,1.336853,0.829503,1.467848
W2401067,-0.896168,-0.109505,-0.165581
W2401068,-3.360188,-0.394672,-0.459623
M2401069,3.501902,0.176843,0.021778
W2401070,-0.096015,-0.044089,-0.046110
M2401071,-4.317021,0.151816,-0.099578
W2401072,-0.245420,-0.249248,0.213867
M2401073,-1.326255,-0.749300,-0.181968
W2401074,-0.106608,-0.100993,-0.181338
W2401075,-1.953543,0.043136,-0.186619
W2401076,-1.185483,0.153938,0.017412
M2401077,-0.675697,-0.436332,-0.790024
M2401078,2.478048,0.470939,0.485779
W2401079,0.196734,0.260119,0.385297
W2401080,-0.032386,-0.131340,-0.025967
M2401081,0.555192,-0.206723,-0.186517
M2401082,-2.035866,-0.333194,-0.376899
W2401083,-1.520321,-0.517736,-0.559742
M2401084,1.340519,0.230580,0.123314
M2401085,-3.217608,-0.052934,-0.377053
W2401086,-2.098954,-0.159328,-0.437614
W2401087,-1.162475,0.758119,-0.461512
W2401088,1.417213,0.664559,-0.687460
M2401089,-4.019181,-0.586901,-1.143749
W2401090,-0.438585,-0.953152,-0.885123
M2401091,0.383336,0.461962,0.237548
W2401092,-1.214476,-0.337789,0.099641
M2401093,-1.352022,-0.583305,0.263916
M2401094,-1.745941,-0.849806,-0.224079
W2401095,-1.683729,0.236439,-0.473830
M2401096,-0.113172,-0.126821,-0.605714
W2401097,0.625864,0.193588,0.073621
M2401098,1.607346,0.496467,0.390142
M2401099,-0.284365,0.316348,-0.131367
M2401100,0.063932,-0.740488,-0.666690
W2401101,-0.511244,0.308205,-0.418919
M2401102,0.495641,0.660164,-0.196462
W2401103,-1.232603,-0.562185,-0.531966
M2401104,0.271308,0.137974,-0.435176
M2401105,1.295888,0.351499,-0.659150
W2401106,-1.325551,-0.400755,-0.560051
M2401107,-3.387327,-0.958013,-0.847506
W2401108,-0.930559,-0.160503,-0.170639
W2401109,-0.756296,-0.556416,0.118314
W2401110,-2.790714,-0.637988,-0.669963
M2401111,0.734582,-0.123751,0.016845
M2401112,0.418883,0.239948,-0.282026
M2401113,-2.571774,-0.521093,-0.909733
W2401114,-3.765423,0.387146,-0.071216
W2401115,1.962103,-0.499178,-0.162465
M2401116,2.227463,0.020237,0.234021
M2401117,1.962060,0.007924,0.131036
W2401118,2.704799,0.391597,-0.013695
M2401119,2.720701,0.043838,-0.091183
M2401120,0.693173,-0.369535,-0.480461
M2401121,-1.825635,-0.296135,-0.462997
W2401122,-3.241535,-0.137026,-0.579901
W2401123,-3.414751,-0.546963,0.077791
W2401124,-1.009175,0.404559,-0.215176
M2401125,-0.469923,-0.366013,-0.228785
M2401126,-0.548011,0.135241,-0.473130
W2401127,0.666957,0.572747,-0.202009
W2401128,-2.546328,-0.360658,-0.612737
W2401129,-0.973404,-0.735719,-0.767566
W2401130,-1.587448,-0.314127,-0.601087
W2401131,0.517442,-0.369273,-0.886010
M2401132,-0.701494,0.199779,-0.161381
W2401133,-0.693966,0.225936,-0.668340
M2401134,-0.027711,-0.009128,-0.722847
M2401135,-0.447216,-0.718807,-1.017739
M2401136,-1.253431,-0.064703,-0.323239
W2401137,1.560263,0.664893,0.472720
W2401138,-1.734003,0.290100,-0.417618
W2401139,-4.796135,-0.730233,-0.771552
W2401140,-1.730380,-0.064550,0.011883
W2401141,0.720043,0.031854,-0.402615
W2401142,1.181612,1.003268,0.357485
W2401143,0.699766,0.830860,0.058579
W2401144,-3.693211,-0.682059,-0.552530
W2401145,-1.647506,-0.262817,-0.206081
W2401146,2.263977,-0.027373,-0.256893
W2401147,-4.635830,-0.368387,-0.793998
M2401148,-1.305152,-0.577209,-1.188653
M2401149,-0.871584,0.547002,1.137437
M2401150,-2.832097,0.011683,0.353824
W2401151,0.746908,0.213014,-0.901872
M2401152,1.822378,0.052066,-0.072400
W2401153,-1.309076,-0.560521,0.037850
M2401154,1.150205,-0.172067,-0.470185
W2401155,-0.973463,0.398234,-0.193566
W2401156,-3.027879,-0.433167,-1.017376
M2401157,-5.881361,-0.243595,-0.399541
W2401158,1.507286,-0.400913,-0.268536
W2401159,0.307152,0.022385,-0.038063
W2401160,-0.173231,-0.771209,-0.760746
M2401161,0.973965,-0.177439,-0.326905
W2401162,0.975758,-0.028382,-0.057836
M2401163,-0.370645,-0.121672,0.159674
W2401164,0.039545,-0.327676,-0.011300
M2401165,-0.018938,-0.129385,-0.189837
W2401166,-2.259185,-0.724019,-0.212781
W2401167,-5.528856,-0.833916,-0.112642
M2401168,-1.099666,-0.566135,-0.621700
W2401169,2.191888,-0.528997,-0.710289
W2401170,-0.573527,-0.072430,0.005120
M2401171,2.315946,-0.488197,-0.383134
W2401172,4.246380,-0.065594,-0.149158
M2401173,-3.630414,-0.489100,-0.424071
W2401174,0.109611,0.336203,0.576202
M2401175,1.067997,-0.180836,-0.492670
W2401176,0.119593,0.008362,-0.944393
M2401177,1.204757,0.219787,0.050080
W2401178,-5.709567,-0.859076,-0.420256
W2401179,1.628879,-0.238883,-0.200344
W2401180,0.962006,-0.720898,-0.951685
M2401181,-0.986137,-0.297762,-0.373842
W2401182,-0.457945,0.884573,-0.110122
M2401183,0.230677,0.117201,-0.576959
W2401184,-0.619237,-0.522140,-0.548803
M2401185,0.161828,-0.300674,0.148068
M2401186,-0.498955,-0.474480,0.216541
M2401187,1.975770,0.850306,0.355013
W2401188,-0.120639,0.222001,-0.577157
M2401189,-0.047015,0.115747,-0.032080
M2401190,0.067845,0.449143,0.365206
W2401191,0.773451,0.709714,0.258783
M2401192,-0.122033,0.406001,0.357108
W2401193,-0.000790,-0.223117,-0.298153
M2401194,-1.703743,-0.275454,-0.490926
M2401195,1.058243,0.466835,0.467522
M2401196,-1.506743,-0.847017,-0.668445
W2401197,0.842144,0.226462,-0.164632
M2401198,-0.524713,-0.718492,-0.659474
M2401199,3.530767,0.813734,0.670100
M2401200,0.478577,0.369917,-0.580820
M2401201,0.619455,-0.003352,0.482600
M2401202,-0.480209,-0.257333,0.477438
M2401203,-0.066542,-0.213463,-0.771785
W2401204,-3.146213,-0.746317,-0.909869
M2401205,-2.324530,-0.382314,-0.746805
M2401206,-1.787215,-0.273127,-0.344710
W2401207,-0.340616,-0.636833,-0.808705
M2401208,-1.149497,-0.343435,-0.722318
M2401209,-0.619972,-0.764339,-0.627613
W2401210,-2.944673,-0.591162,-0.206398
M2401211,-3.428892,-0.176445,-0.204363
M2401212,0.929448,0.503080,0.137610
M2401213,1.004228,-0.442187,-0.331073
M2401214,0.560381,-0.240093,-0.524847
W2401215,-0.887576,0.109339,0.482048
W2401216,1.468290,0.235105,-0.237387
W2401217,-1.265960,-0.144094,-0.143943
M2401218,1.666144,-0.028560,-0.435135
W2401219,-3.576393,-0.045166,-0.175303
M2401220,-0.705905,0.352944,-0.363147
W2401221,-1.230702,0.024569,-0.725956
W2401222,1.926133,-0.004418,0.388165
M2401223,-0.121256,-0.285979,0.099225
M2401224,-0.503831,0.015033,-0.223351
M2401225,0.065870,-0.886438,-0.514054
M2401226,0.437797,-0.277788,0.196865
M2401227,-1.585340,-0.791870,-0.779877
W2401228,-0.432156,-0.427286,-0.785524
W2401229,-0.457130,-0.116489,-0.421474
M2401230,-0.984510,-0.339724,-0.712181
W2401231,0.850162,-0.400070,-0.414266
W2401232,-1.600481,0.283930,-0.009038
M2401233,1.300834,0.869191,0.092002
M2401234,-1.429911,0.313295,-0.427905
M2401235,-2.419216,0.120469,0.194932
W2401236,-0.053690,-0.655148,-0.281509
M2401237,0.565215,-0.029914,-0.833519
W2401238,-2.017575,-0.457571,-0.172136
W2401239,1.056081,0.176509,0.572888
M2401240,1.582229,-0.047637,0.169449
M2401241,-2.382295,-0.169378,-0.278827
M2401242,2.367618,0.258361,0.069018
W2401243,2.662284,0.444072,0.191410
W2401244,1.839655,0.084629,-0.136181
W2401245,1.148080,0.805311,-0.157594
W2401246,1.811157,-0.067670,-0.721452
W2401247,1.099671,-0.087338,0.100311
W2401248,0.489888,-0.799476,0.110697
W2401249,-2.032762,-0.962358,-1.378016
M2401250,-1.556489,-1.213391,-1.523252
M2401251,-1.988795,-0.816099,-0.346147
W2401252,-1.338702,0.059706,0.223373
W2401253,0.124258,0.132601,0.080788
W2401254,1.050748,0.685854,0.102269
W2401255,-2.275096,-0.189069,-0.732797
W2401256,-2.511868,0.019475,-0.136402
W2401257,-0.232379,0.392613,-0.470723
M2401258,-2.224076,-0.364808,-0.337440
W2401259,-2.638520,0.027953,-0.822155
M2401260,-4.112117,0.249334,-0.467982
W2401261,-2.061696,0.027112,-0.395841
W2401262,1.097761,0.042197,0.303377
M2401263,0.958057,-0.280858,0.526362
W2401264,-2.293876,0.338594,-0.867843
W2401265,-1.676461,-0.641945,-0.908836
W2401266,-2.211876,-0.332139,-0.194937
W2401267,-1.689948,0.140610,-0.420852
W2401268,-1.683798,-0.531760,-0.688275
W2401269,-3.361536,-0.332599,-0.441747
M2401270,-0.992700,-0.162773,-0.453693
M2401271,0.825816,-0.169140,0.286213
M2401272,-0.055634,0.131806,-0.891902
W2401273,-1.861969,-0.545983,-0.796899
M2401274,-1.822443,-0.260549,-0.768214
W2401275,-0.089305,0.329180,-0.169376
M2401276,-1.202098,-0.563733,0.715243
M2401277,2.498975,0.107511,-0.258095
W2401278,1.940572,-0.384666,-0.548781
W2401279,2.670229,1.139944,0.474694
W2401280,0.193472,-0.081398,0.628760
W2401281,-1.733346,-0.353549,-0.518815
W2401282,-0.381795,-0.766685,-0.226249
W2401283,-1.205403,0.844000,0.680348
M2401284,1.145772,-0.092733,-0.344733
W2401285,0.496809,-0.419114,-0.413182
M2401286,0.672162,-0.239528,-0.433558
M2401287,-1.146715,-0.608088,-1.033994
W2401288,0.447067,0.522337,0.296471
W2401289,-1.769958,-0.440301,-0.306457
W2401290,0.121179,-0.335771,-0.679544
W2401291,0.435188,0.287438,0.422415
M2401292,0.803160,0.048459,0.330468
M2401293,-1.830675,0.316245,-0.448253
W2401294,0.208725,0.289409,0.005783
M2401295,0.859127,-0.050554,-0.315012
W2401296,2.059908,0.520572,-1.086697
M2401297,1.938136,-0.213804,-0.071547
M2401298,1.923027,-0.186075,-0.622612
M2401299,-3.354539,-0.740337,-0.280215
W2401300,-4.608817,-1.432124,-0.642554
W2401301,0.081272,0.075745,-0.253188
W2401302,3.857225,0.135056,0.121252
W2401303,-0.483253,-0.406767,-0.302254
M2401304,-1.135052,-0.933060,-0.500839
M2401305,-0.071600,-0.266929,-0.787066
M2401306,0.760861,0.153936,-0.225216
W2401307,0.975223,0.153542,0.412955
M2401308,0.328556,0.125214,0.465747
M2401309,0.683812,-0.866566,-0.180834
W2401310,1.389673,-0.473680,-0.352583
M2401311,-2.231071,-0.125612,-0.605473
M2401312,-2.594037,-0.260852,-0.530656
W2401313,-2.886228,0.315860,-0.250145
W2401314,-4.185850,-0.345035,-0.453203
W2401315,-0.803200,-0.175656,0.456394
W2401316,1.141158,0.040983,-0.440420
W2401317,1.745453,0.650230,-0.459713
M2401318,-2.846903,-1.034085,-0.898240
W2401319,-0.960690,-0.198238,-0.390998
M2401320,-4.748683,-0.434640,-0.427757
M2401321,-3.190113,-0.937468,-0.102048
W2401322,-2.340990,-0.223641,-0.010943
M2401323,-1.376687,-0.571577,0.127659
M2401324,-4.184690,-0.231572,0.101311
M2401325,-0.968470,0.163574,0.361006
M2401326,-1.026616,-0.216534,0.333840
M2401327,-2.344489,-0.031019,0.074485
W2401328,-0.207545,-0.014005,-0.599564
M2401329,-2.415300,0.862975,-0.559002
M2401330,0.698185,-0.368334,-0.006057
M2401331,-1.841472,-0.709744,-0.557565
W2401332,-1.865506,0.054836,-0.298333
M2401333,-0.898277,-0.842928,-0.546732
W2401334,0.011662,-1.145761,-0.836609
W2401335,-2.944957,-1.243639,-1.065203
M2401336,-4.667212,-0.562430,-0.809708
W2401337,-0.229137,-0.514012,-0.759751
M2401338,-0.260492,-0.383035,-0.741349
W2401339,0.010419,-0.069804,0.088932
M2401340,-2.503942,-0.347133,0.066107
M2401341,-0.023866,0.641282,-0.681514
W2401342,-0.480365,-0.536204,-0.687429
W2401343,-0.149620,-0.544954,0.271228
W2401344,1.945548,0.531499,0.813664
W2401345,1.901967,-0.059428,-0.755974
W2401346,-2.866002,0.159945,-0.580623
M2401347,0.138576,-0.179266,-0.287456
W2401348,-1.855778,-0.507736,-0.311322
M2401349,-1.594774,-0.467728,-0.201813
M2401350,-0.557372,0.789916,-0.824917
W2401351,-1.196794,-0.785888,-1.497216
W2401352,-1.615173,0.591581,0.235992
M2401353,0.233575,0.197473,0.259157
W2401354,3.674719,0.331650,0.258769
M2401355,-2.652035,-0.943729,-0.942658
W2401356,-2.459614,0.073857,-0.239693
W2401357,-0.475232,-0.000664,-0.446670
W2401358,-2.747803,-1.014183,-0.610577
M2401359,-1.707402,0.523614,0.251704
W2401360,-2.657268,-0.587098,-0.593819
W2401361,1.740779,-0.124039,0.066853
W2401362,0.614600,0.098427,0.326642
W2401363,0.762166,-0.211133,-0.075530
W2401364,0.124814,0.228321,-0.335495
W2401365,0.696793,0.007319,0.872386
M2401366,-0.433952,-0.191014,-0.341115
M2401367,-1.680590,-0.500092,-0.621284
W2401368,0.120516,-0.348440,-0.446851
M2401369,-0.961147,-0.965696,-0.267226
W2401370,-0.735907,-0.232298,0.187305
W2401371,-0.485647,-0.798715,-0.513742
W2401372,2.125817,0.008559,-1.298809
W2401373,0.644931,0.087293,-0.978555
M2401374,1.371793,0.569079,-0.614999
W2401375,-0.093932,-0.223973,-0.645220
M2401376,-2.398817,-0.111738,-0.309054
M2401377,-1.827029,-0.261953,-0.881203
W2401378,-1.754996,-0.050270,-0.389423
W2401379,-0.191848,0.227875,0.126344
M2401380,-0.155876,0.389311,-0.054214
M2401381,1.705333,0.498865,0.376568
W2401382,1.985281,0.026470,0.391566
W2401383,-0.904990,0.268838,-0.645570
W2401384,-1.675978,-0.835112,-0.914093
W2401385,1.980546,0.329965,0.013709
W2401386,0.484928,0.109569,-0.429161
M2401387,-0.113239,-0.579044,-0.105343
M2401388,-1.042816,0.266811,-0.039171
M2401389,1.404101,-0.385567,-0.395028
M2401390,2.226559,0.180154,-0.007510
W2401391,-2.568631,-0.581522,-0.911836
W2401392,-3.243332,0.534937,0.231948
W2401393,-1.405005,0.096671,-0.074859
W2401394,-3.690643,0.256801,-0.411807
M2401395,0.035991,-0.270531,-0.648774
M2401396,-3.103406,0.432875,0.063085
W2401397,-1.548973,0.181606,-0.447921
W2401398,2.897411,-0.748039,-0.356131
M2401399,-0.727377,-0.535099,-0.514406
M2401400,-1.856502,-1.303159,-0.453564
M2401401,-0.988151,-0.243245,0.717484
W2401402,0.113377,0.036940,0.125608
W2401403,0.538468,-0.131423,-0.592402
W2401404,-1.667855,-0.246102,-1.058679
M2401405,-1.928837,-0.226754,-0.437896
M2401406,1.280810,0.276056,-0.310317
M2401407,1.312166,0.162307,-0.388691
W2401408,2.115487,0.265340,-0.230458
M2401409,0.502677,-0.546859,0.038837
W2401410,-1.339887,-1.192859,-0.915667
M2401411,-0.959488,0.015026,0.077863
M2401412,0.208119,0.325039,-0.050317
W2401413,-1.245721,-0.638485,-0.586279
W2401414,-0.584178,-0.292561,-0.015022
W2401415,0.633460,-0.649665,-0.638232
M2401416,-2.115564,0.115511,-0.735038
M2401417,1.134344,-0.731687,-0.195522
W2401418,-0.513598,-0.639844,-0.333832
W2401419,-2.122494,0.150459,-0.415570
M2401420,1.596540,0.780616,0.249263
M2401421,0.364311,0.376644,0.000653
M2401422,-0.551549,0.293906,-1.331456
W2401423,1.029961,-0.751774,-1.042621
W2401424,-1.263321,-0.176652,-0.674899
W2401425,-1.759229,-0.434384,-0.761473
M2401426,-0.654077,0.109051,-0.816189
M2401427,2.038420,0.582349,0.550176
W2401428,-1.087202,-0.694596,0.125706
W2401429,-1.734428,0.018473,-0.263746
M2401430,-1.807960,-0.085088,-0.017400
W2401431,-1.138782,-0.420383,-0.564121
W2401432,-0.359263,0.322185,-0.433894
W2401433,2.161792,-0.453284,-0.832549
M2401434,-0.460439,0.087547,-0.156608
W2401435,-1.936290,-0.696950,-0.657871
W2401436,-3.634342,-0.275043,-0.314557
W2401437,1.430541,0.195760,0.155347
W2401438,-0.212251,0.026704,-0.507407
M2401439,-1.895826,-0.245613,-0.212663
W2401440,-3.393017,-0.021521,-0.356031
M2401441,-3.344133,-0.262227,-0.217462
M2401442,0.501580,-0.432703,-0.564594
M2401443,-0.601637,-0.434752,-0.840001
W2401444,-0.513724,-0.094669,-0.525783
M2401445,-0.925073,-0.812398,-0.211539
M2401446,-2.451170,-0.146176,-1.023527
W2401447,1.261720,-0.124184,-0.348210
W2401448,1.121237,0.318075,0.632568
M2401449,-1.663566,0.512913,0.277698
W2401450,0.725644,-0.608222,-0.145307
M2401451,0.839498,-0.670591,-0.425454
M2401452,-3.449759,-0.347582,-1.085684
M2401453,1.237924,-0.039116,-0.744148
W2401454,-1.120495,0.063328,-0.583445
W2401455,0.789571,0.567455,0.407339
W2401456,3.253878,0.727648,0.123036
M2401457,-3.014745,-1.352367,-1.020382
W2401458,0.797252,-0.224137,0.054545
W2401459,-0.386649,0.238503,0.000039
W2401460,-0.696511,-0.065207,-0.612573
W2401461,-1.469104,0.123344,-0.732390
W2401462,-2.729949,-0.954922,-0.787761
W2401463,-1.497727,-0.005516,-0.920574
W2401464,-1.117120,-0.488677,-0.222493
W2401465,-0.072961,-0.717763,-0.768398
W2401466,-0.067695,-0.446403,-1.048883
W2401467,-0.863976,-0.614569,-0.115683
M2401468,-1.188843,-0.170208,-0.580643
W2401469,-0.126639,0.347966,0.033579
W2401470,2.052396,-0.450461,-0.516946
M2401471,1.318047,-0.527116,-0.231250
M2401472,-1.053872,0.226409,-0.076298
W2401473,-3.215617,0.345222,-0.258714
M2401474,-3.329858,-0.176879,-0.568031
W2401475,0.503687,-0.186147,-0.216511
W2401476,3.485742,0.259794,-0.181267
W2401477,-1.779755,-1.147018,-1.140725
W2401478,-3.597525,-0.567717,-0.834426
M2401479,-3.135729,-0.604895,-0.487726
M2401480,1.676005,-0.121870,-0.164042
M2401481,-1.732779,0.389172,-0.295657
W2401482,1.348655,-0.134556,-0.136633
W2401483,0.639489,0.429795,-0.035454
M2401484,1.353513,-0.392189,-0.439038
M2401485,-2.491863,-0.091130,-1.012145
M2401486,-3.508522,-0.750349,-0.417699
M2401487,0.354439,-0.318086,0.595360
M2401488,-0.423860,-0.038710,0.235387
W2401489,-0.487074,0.182341,-0.100610
W2401490,-1.214865,0.064615,0.405438
W2401491,0.916912,0.195125,0.442034
W2401492,-2.079686,-0.048607,-0.360526
W2401493,1.287211,-0.074788,-0.088804
W2501494,-0.891221,-0.452962,-0.317055
M2501495,2.047173,0.155418,-0.748547
W2501496,-3.299495,-0.767622,-0.656287
W2501497,3.297202,-0.115042,0.237805
M2501498,-1.452956,-0.069685,-0.087006
M2501499,-0.990448,-0.991926,-0.978631
M2501500,-0.743221,0.190277,-0.324748
W2501501,-2.861792,-0.023470,-0.025473
M2501502,-1.104170,0.111400,-0.240652
M2501503,-2.171970,-0.258907,-0.248808
W2501504,-3.647865,0.017416,-0.878704
M2501505,-4.542794,-0.457898,-0.933456
M2501506,-1.664850,-0.820988,-0.802646
W2501507,-1.014917,-0.262358,0.147123
W2501508,-0.888169,-0.305682,-0.593266
M2501509,-0.237733,0.298845,0.267662
M2501510,1.180913,0.047406,-0.026878
M2501511,-2.476735,-1.135607,-0.914221
M2501512,-0.993737,-0.278953,0.068149
W2501513,0.015879,0.746111,-0.132336
M2501514,-0.047891,0.562344,0.399898
W2501515,-0.672091,-0.930855,-0.330923
W2501516,-0.788809,-0.421913,0.005327
W2501517,1.455521,-0.298342,-0.383322
W2501518,0.214658,0.746181,-0.253760
W2501519,-0.018135,-0.590744,-0.158084
W2501520,-1.658269,0.519464,-0.232584
M2501521,-0.336317,0.335751,-0.552334
M2501522,3.694173,0.697272,-0.910176
M2501523,-0.410963,-0.455548,-0.368959
M2501524,0.353538,-0.081568,0.163356
M2501525,-3.310767,-0.599749,-0.842069
M2501526,-1.393507,-0.304894,-0.297442
M2501527,-1.975703,-0.470072,-0.330835
W2501528,-2.420100,-0.614882,-0.365098
M2501529,-0.943325,-0.032585,-0.124848
W2501530,0.888697,0.300448,-0.187240
M2501531,-1.895666,-0.115477,0.037207
M2501532,-2.335908,0.599523,0.814972
W2501533,-0.301462,-0.279804,-0.011705
M2501534,-0.379840,0.242035,-0.432947
M2501535,1.596700,-0.836762,-0.703297
M2501536,-1.779168,0.134054,-0.202105
W2501537,-0.581969,-0.704637,-0.470226
W2501538,-2.642725,-1.241161,-0.379690
M2501539,-2.190752,0.047801,-0.178258
M2501540,-2.896056,-0.303109,0.209045
W2501541,-3.106017,-0.542836,-0.294278
W2501542,-0.084711,-0.289394,-0.374086
M2501543,-2.403333,-0.939230,-0.324596
M2501544,-1.241456,0.491858,0.183012
W2501545,-1.759404,0.293287,-0.441004
W2501546,-3.122758,-0.236012,-0.212529
W2501547,0.574336,0.020212,-0.438033
M2501548,-0.290718,0.324210,0.241712
M2501549,-3.717923,-1.340012,-0.869272
M2501550,-2.839248,-0.646100,-0.754901
W2501551,-1.936416,-0.200928,-0.206801
M2501552,-1.340441,-0.793390,-0.611693
M2501553,-2.538627,0.265271,0.256177
W2501554,-2.516979,-0.400296,0.087794
M2501555,-0.192333,-0.157829,0.058763
M2501556,0.295691,-0.567005,-0.882009
M2501557,0.263068,-0.667692,-0.289715
M2501558,-0.378336,0.074528,-0.085723
W2501559,-0.391085,-0.689846,-0.476783
M2501560,-1.439819,0.438418,-0.148167
W2501561,-2.744952,-0.345716,-0.294387
W2501562,0.655784,-0.087813,0.246940
W2501563,-1.548035,-0.526856,-0.269201
M2501564,0.074810,0.183707,-0.626676
M2501565,-0.235522,-0.492959,-0.802848
W2501566,-0.272179,-0.436909,-0.368205
M2501567,0.707350,-0.547374,-0.510392
M2501568,0.990622,0.104408,-0.521422
W2501569,1.936697,-0.439548,-0.287700
W2501570,1.300489,0.159729,-0.010359
M2501571,-1.131400,0.185318,-0.032198
W2501572,-0.255055,-0.315904,0.494366
M2501573,-3.308200,-0.226155,0.057379
M2501574,-1.766740,-0.519503,-0.547532
W2501575,-1.228797,-0.563345,-0.827055
M2501576,3.068922,0.814522,-0.206090
M2501577,0.081903,0.089118,-0.238802
W2501578,-0.371152,0.517019,0.031551
M2501579,-1.933450,-1.488998,-1.102798
M2501580,-0.356009,-0.736548,-0.723688
W2501581,-1.012838,-0.221310,-0.336688
W2501582,-1.312462,-0.915939,-0.703799
W2501583,-1.602471,-0.629713,-0.837369
M2501584,3.173769,-0.158651,-0.284328
M2501585,-0.515275,-0.355002,-0.739648
W2501586,-0.195246,-0.467114,-0.645782
W2501587,-0.712687,-0.510078,-0.897632
M2501588,-2.850492,0.195476,-0.051248
W2501589,-5.110152,-1.617731,-1.424259
M2501590,1.518847,0.225319,0.043143
W2501591,0.413168,0.254363,-0.331569
W2501592,-1.756382,0.097629,-0.623603
W2501593,0.340755,0.234288,0.273627
M2501594,-1.480338,-0.858100,-0.301729
M2501595,-2.808754,0.136923,0.071625
M2501596,-0.148512,-0.141581,-0.438035
M2501597,0.774875,0.036388,0.536032
W2501598,-1.803851,0.268588,-0.417158
W2501599,-1.810231,-0.530630,-0.297896
M2501600,-1.435794,0.272264,-0.262020
M2501601,-3.286032,-0.804698,-0.674341
M2501602,0.722509,-0.035537,-0.505367
M2501603,0.777331,-0.216826,-0.386684
W2501604,0.812445,0.136124,0.173724
M2501605,-0.854997,0.018097,0.222033
M2501606,-0.020250,-0.125332,0.137677
M2501607,1.140785,0.996898,0.468829
M2501608,0.004433,-0.242853,-0.526603
M2501609,-0.661135,-0.441602,-0.345968
W2501610,-3.019897,0.255590,0.338237
W2501611,-0.581032,-0.085537,0.587856
M2501612,-0.023894,-1.045497,-0.613632
M2501613,0.847279,-0.038293,0.055245
W2501614,0.098144,0.090993,-0.267128
W2501615,-2.536836,-0.028792,-0.512538
W2501616,1.971771,0.350070,-0.347442
M2501617,-0.019871,-0.098775,-0.128362
M2501618,-3.042565,-0.057453,-0.102821
M2501619,0.520761,-0.348429,-0.427544
W2501620,-0.154783,0.137279,-0.300368
M2501621,1.731738,0.705648,-0.301251
W2501622,-3.947437,0.411161,-0.976595
M2501623,-1.160026,0.341178,-0.441907
W2501624,0.496809,-0.157096,0.372043
M2501625,-1.592178,-1.541874,-0.296079
W2501626,-0.529140,0.007093,-0.382594
W2501627,0.747220,0.346718,-0.038155
W2501628,0.301947,-0.806865,-0.097303
W2501629,-1.540558,-0.334481,-0.720347
M2501630,0.095823,-0.336684,-0.587632
W2501631,0.055304,-0.647121,0.085498
M2501632,-1.884118,-1.110643,-1.193963
M2501633,-2.658799,-0.282157,-0.477647
W2501634,-1.606496,-0.935729,-0.756542
W2501635,-1.696569,-0.255358,-0.055148
M2501636,-2.262437,-0.682402,-0.629059
W2501637,2.775730,0.124249,0.051269
W2501638,3.714759,0.309736,-0.664859
W2501639,3.395562,0.523589,-0.118933
W2501640,3.104702,0.238010,-0.257757
W2501641,-1.201978,-0.707320,-0.463441
M2501642,-5.911503,-0.874318,-0.473662
W2501643,-1.880691,-0.522360,-0.155065
W2501644,-2.467942,0.530992,-0.382047
M2501645,-1.757783,-0.090878,-0.116657
M2501646,-3.027383,0.591426,-0.143153
W2501647,0.617864,0.685853,-0.487461
M2501648,2.399835,-0.235850,0.045696
W2501649,1.226487,-0.814922,-0.110350
M2501650,1.956044,0.072389,0.412948
M2501651,0.820489,-0.381705,0.000531
M2501652,-1.617729,-0.958189,-0.713260
M2501653,-2.308261,-0.919465,-0.598847
M2501654,-3.113867,-1.489238,-0.796278
W2501655,-0.256209,-0.669429,-0.217470
M2501656,-2.234307,-0.872352,-0.488618
M2501657,-1.577443,0.382724,-0.648723
W2501658,1.478168,-0.555311,-0.858228
W2501659,-0.943048,-0.716773,-0.247002
M2501660,3.587934,-0.202240,-0.146589
W2501661,0.353489,0.327253,0.289062
M2501662,-1.154149,-0.598652,-0.888191
W2501663,-2.586264,-0.145777,-0.812361
W2501664,-0.364319,0.050187,-0.298934
W2501665,-1.748775,-0.637874,-0.762518
W2501666,-0.847171,-0.087489,-0.830750
W2501667,-1.708720,1.214652,0.195434
M2501668,-1.885460,-0.430712,-0.145952
M2501669,0.018483,0.434860,-0.040990
W2501670,-1.695422,-1.058605,-0.577310
W2501671,-1.073116,-0.374669,-0.465455
M2501672,-0.834645,0.161464,-0.302344
M2501673,-4.911158,-1.331326,-0.313254
M2501674,-1.403409,-0.019952,-0.044165
W2501675,-1.916903,0.250766,0.179088
M2501676,-1.464944,-0.385062,-0.346829
M2501677,-1.462228,-0.007673,-0.206629
M2501678,-0.129731,-0.261330,0.023058
W2501679,2.152559,0.321918,0.795683
W2501680,-0.117966,-0.016281,-0.018841
M2501681,1.027217,-0.112293,-0.235267
M2501682,0.689742,-0.368851,0.052044
W2501683,-0.296054,-0.111501,-0.544894
W2501684,-0.223226,-0.343063,-0.496345
W2501685,-3.950467,-0.656198,-0.024198
M2501686,-0.364842,-0.847368,-0.649298
M2501687,-2.701938,-0.854048,-0.516938
M2501688,1.816268,-0.976822,-0.291440
M2501689,-0.306462,0.298830,-0.773680
M2501690,-3.084950,0.081323,-0.301257
M2501691,-1.426052,-0.300228,-0.654020
W2501692,-3.621684,0.130204,-0.254688
W2501693,-0.734953,-0.479603,-0.464622
M2501694,0.426754,-0.702199,-0.845514
W2501695,-1.498770,0.195473,0.289235
M2501696,-2.234709,-0.707913,-0.723184
M2501697,-2.656557,-1.226390,-0.753262
M2501698,-0.573984,0.146887,-0.313965
M2501699,-1.447579,-0.888918,-0.766577
W2501700,-0.049519,-0.168866,-0.109708
W2501701,-3.952717,-1.111887,-0.715214
W2501702,-1.760194,-0.783534,-0.425324
W2501703,1.660431,-0.260664,-0.179129
W2501704,0.886687,-0.012142,-0.210641
M2501705,0.494038,0.652338,-0.786175
M2501706,-1.984532,0.468552,-0.153834
W2501707,-0.624644,0.197117,-0.030516
W2501708,-3.562977,-0.682959,-0.336462
M2501709,-0.007587,-0.044777,-0.016568
W2501710,-4.505862,-1.332247,-0.279675
W2501711,-0.736337,-0.578459,-0.467630
M2501712,-1.769936,-0.678733,-0.854446
M2501713,-1.868283,-0.556289,-0.440052
M2501714,1.403963,0.213101,-0.147781
W2501715,-2.741576,-0.161954,-0.388127
M2501716,-3.837244,-1.014450,-1.053149
M2501717,-0.284294,-0.215470,-0.783872
M2501718,-1.854181,0.234764,-0.330540
W2501719,-1.654250,-0.463787,-0.431176
M2501720,-2.732211,-0.576447,-0.666372
W2501721,-2.228174,-0.874853,-0.870551
W2501722,0.773713,-0.953107,-1.114173
W2501723,0.804169,-1.241993,-0.377684
W2501724,-2.130778,-0.254471,-0.678576
W2501725,1.189923,-0.592744,0.000154
W2501726,-4.670087,-0.938224,-0.478953
M2501727,1.016885,0.370056,0.047003
M2501728,-0.213619,0.067225,-0.316239
M2501729,2.194966,0.012271,-0.380825
W2501730,-1.241728,0.048490,-0.108425
W2501731,-1.351892,-0.495326,-1.127946
W2501732,0.009024,-0.745102,-1.501977
M2501733,-0.055083,0.492762,0.128677
W2501734,-3.619956,-0.620722,0.277389
W2501735,-2.784655,-0.857821,-0.326131
W2501736,-2.374124,-1.187944,-0.681858
M2501737,-2.860556,-0.383286,-0.028438
W2501738,-1.161694,-0.371998,-0.131110
M2501739,0.598572,-0.175871,-0.244691
M2501740,0.319069,-0.103090,-0.284303
M2501741,-1.974486,-0.449593,-0.475019
W2501742,-1.880570,-0.162884,-0.317461
M2501743,-1.548106,-0.234082,-0.174874
M2501744,-1.638657,-1.155034,-0.597385
W2501745,-1.913639,-1.144991,-0.063258
M2501746,-0.183957,-0.447853,-1.264388
W2501747,-0.540550,-0.835372,-0.960049
W2501748,-1.606687,-0.902952,-0.985564
W2501749,0.869539,0.104576,-0.462355
M2501750,0.400639,-0.196352,-0.049605
W2501751,2.999790,-0.366481,-0.340423
W2501752,-0.327018,0.018277,-0.487792
W2501753,-2.308110,-0.952324,-1.470717
W2501754,-0.289087,0.730284,0.034729
M2501755,-1.932540,-0.529947,-0.690194
W2501756,1.253410,0.279862,0.172806
M2501757,0.845349,0.497715,-0.164668
W2501758,-2.868697,-0.616267,-0.389729
M2501759,-4.204909,-0.656033,-0.856661
W2501760,-0.773821,-0.316219,-0.275722
M2501761,0.158614,-0.339111,-0.540609
M2501762,0.228727,0.318955,-0.236822
M2501763,-2.135241,0.125205,-0.234180
M2501764,-2.553685,0.621630,-0.485797
W2501765,0.614862,0.258209,0.064193
M2501766,1.734679,-0.674845,-0.296069
M2501767,1.236688,-0.098870,-0.037020
M2501768,0.558062,-0.174232,-0.238151
M2501769,1.204214,-1.029395,-0.990716
W2501770,0.238301,-0.192718,0.202144
M2501771,0.184976,-0.191308,0.614294
M2501772,0.162804,-0.216910,-0.614461
M2501773,-2.418720,-0.380572,0.241149
W2501774,-3.277808,-0.787446,-0.583338
W2501775,-1.018448,-1.136457,-0.817892
M2501776,-0.811960,-0.996412,-0.880113
M2501777,-1.837842,-0.106329,0.119503
M2501778,-2.230783,0.092228,0.139043
M2501779,0.115951,0.334824,0.098123
W2501780,-5.299858,-0.947280,-0.187801
W2501781,-4.618806,-0.624446,-0.939249
M2501782,-1.586501,-0.385514,-0.571163
W2501783,-3.330224,-0.437431,-0.759147
W2501784,-1.589265,0.269667,-0.603746
M2501785,-3.266346,-0.369688,-0.388237
W2501786,-0.366049,-0.269612,-0.544312
M2501787,-4.348904,-0.561464,0.057294
W2501788,-1.473155,0.033993,0.215255
M2501789,-0.924263,-0.012842,0.078522
M2501790,0.446879,-0.366672,-0.290582
W2501791,-0.816255,-0.977004,-0.956108
W2501792,-0.897061,-0.156024,-0.389823
W2501793,-2.277530,-0.555345,-1.006391
W2501794,-0.204579,-0.352522,-0.244233
M2501795,-0.188293,-0.271273,-0.239287
M2501796,-0.363990,-0.527987,-0.768718
M2501797,-0.927855,0.044732,-1.097176
W2501798,-2.352036,-0.243375,-0.741212
M2501799,1.477818,0.036531,-0.560572
W2501800,-0.299836,-0.776287,-1.099163
W2501801,-4.144296,-0.090931,-0.141105
M2501802,1.108413,0.049436,-0.896282
W2501803,-3.119946,-1.041353,-0.809876
W2501804,-0.656581,0.150158,-0.486926
W2501805,-3.542553,-0.328931,-0.733957
M2501806,-2.261065,-0.178590,-0.454057
W2501807,-1.295202,-0.625141,-0.666726
W2501808,1.527144,-0.013993,-0.259020
W2501809,0.410350,0.417221,0.044049
M2501810,-3.608071,-0.327165,0.041635
W2501811,1.563858,-0.495023,-1.010549
M2501812,1.038592,-0.274797,-0.440348
W2501813,4.184574,-0.045506,-0.157548
W2501814,-5.472009,-1.283795,-0.808879
M2501815,-4.430126,-0.095170,-0.198958
M2501816,0.746031,-0.007804,-0.723203
M2501817,4.434404,0.562937,0.365917
W2501818,-0.890970,-0.499994,0.120947
W2501819,1.326010,-0.009690,-0.333304
M2501820,0.242700,-0.250329,-0.353721
M2501821,-1.681984,-0.703704,-1.185863
M2501822,-1.397766,-0.444192,-0.420619
M2501823,-1.335585,0.091703,0.302340
M2501824,0.018795,-0.569236,-0.487821
M2501825,-3.095431,-0.354066,-0.628477
W2501826,-3.709706,-0.333454,-0.071010
W2501827,-2.498361,-0.682713,-0.848312
M2501828,0.831563,0.001198,-0.324747
W2501829,0.275154,-0.055698,-0.314730
M2501830,1.742743,-0.041702,-0.196213
W2501831,-0.341643,-0.204476,-0.522378
M2501832,-0.825167,-0.203509,-0.376690
M2501833,-1.206244,-0.065806,0.049519
M2501834,0.677196,-0.111513,-0.191463
W2501835,-2.375583,-0.704207,-0.742757
W2501836,2.432068,0.193919,-0.339580
W2501837,1.347517,-0.020415,-0.074982
W2501838,0.896185,-0.616181,-0.023814
M2501839,-2.191025,-0.676955,-0.013556
M2501840,0.102303,0.015828,0.133711
M2501841,-4.548312,0.317970,-0.071488
W2501842,-1.163441,0.646019,0.235960
W2501843,0.465399,0.298384,-0.339281
M2501844,-0.605050,0.438048,-0.402826
W2501845,-0.102666,0.328227,0.487855
W2501846,-2.304922,-0.374642,0.162440
M2501847,-4.102870,0.355674,-0.210559
M2501848,-3.397362,0.275322,-0.454349
W2501849,0.473333,-0.433678,-0.225737
W2501850,-0.244013,-0.343316,-0.220405
W2501851,-3.243715,0.542357,-0.460406
W2501852,0.010570,0.023090,-0.288663
W2501853,-4.574130,-0.662517,-0.841092
M2501854,-2.867468,-0.934185,-0.429671
M2501855,-0.909007,-0.548377,-0.638840
M2501856,0.467946,0.186708,-0.623859
W2501857,-3.273992,-0.394833,-1.125848
M2501858,-2.412271,-1.017244,-0.881314
W2501859,-3.944581,-1.173156,-1.136454
M2501860,-4.530347,-1.505701,-1.087850
W2501861,-0.854383,-0.394089,-0.872145
W2501862,-1.716782,-0.246629,-0.413518
M2501863,0.780107,-0.288969,-0.200202
M2501864,0.308208,-0.837598,-0.956231
W2501865,-0.639515,-0.392796,-0.541159
M2501866,-0.668296,-0.858110,-1.124300
W2501867,-0.140091,-0.809856,-1.125253
W2501868,-2.479484,0.040251,-0.321724
M2501869,-2.285428,-0.087575,-0.398496
W2501870,-0.379641,-0.325893,-0.987296
W2501871,-0.086011,0.071018,-0.275715
M2501872,-2.350568,-0.678695,-0.853694
W2501873,1.430224,-0.096288,-0.340875
M2501874,0.084783,-0.062657,-0.195976
M2501875,-1.813017,-0.914771,-0.852261
M2501876,0.694950,0.133765,-0.251788
W2501877,0.185999,-0.660348,-0.243881
M2501878,-1.025717,-0.868512,-0.955402
W2501879,-2.371759,-0.207039,-0.504234
M2501880,-0.382915,-0.224936,-0.601568
W2501881,-0.748431,-0.488601,-0.856234
W2501882,-1.938014,0.026248,-0.570068
W2501883,-5.731701,-1.102480,-0.222675
W2501884,-0.463726,-0.852625,-1.092022
W2501885,0.856032,0.212147,0.082589
M2501886,1.378262,0.812056,-0.576175
W2501887,-0.992307,0.205754,-0.776386
M2501888,-1.839873,0.205907,-0.361740
W2501889,-0.587773,0.238897,0.041070
W2501890,-2.012212,-0.485487,-0.178289
M2501891,-3.400376,-0.435573,-0.734487
M2501892,1.120038,-0.596215,-0.536157
W2501893,0.014384,0.070378,-0.459336
W2501894,-2.776013,-0.396688,-1.005979
W2501895,-0.661771,0.440445,0.039846
W2501896,0.443679,-0.018739,0.197151
