id,tbv_direct,tbv_maternal
R0001,-0.438229,1.338650
R0002,1.243911,-0.774231
R0003,-1.980064,1.479523
R0004,-1.641464,-0.794544
R0005,-5.386476,1.503399
R0006,-1.816761,-0.342970
R0007,0.109693,1.261849
R0008,-0.913737,1.136325
R0009,-0.506785,3.450294
R0010,-0.458736,1.405913
R0011,-2.325990,-2.036054
R0012,0.153919,0.914272
E0001,-3.365191,0.413156
E0002,3.372550,0.863984
E0003,-1.615893,2.675763
E0004,-2.203286,0.539494
E0005,2.564147,-2.695955
E0006,3.925874,-2.179002
E0007,-3.402022,2.361582
E0008,-0.434347,-1.261025
E0009,0.689928,0.357324
E0010,-1.467842,1.727422
E0011,-4.575871,0.782813
E0012,-4.568618,1.189246
E0013,3.232628,-2.152244
E0014,-1.569694,-0.003487
E0015,-0.118358,-2.331195
E0016,1.853243,0.195815
E0017,1.845020,0.126041
E0018,1.567099,0.777722
E0019,-4.008743,-0.452766
E0020,-0.883842,1.230209
E0021,-1.339840,0.940219
E0022,-2.449959,1.019736
E0023,-0.662678,1.717626
E0024,0.513104,-0.599537
E0025,3.170841,-3.276212
E0026,-0.183052,-2.231775
E0027,-3.333223,-0.460809
E0028,0.037134,0.771617
E0029,-2.034249,-1.513417
E0030,-1.844639,3.457266
E0031,1.841658,-1.004119
E0032,-3.157305,1.705377
E0033,-0.882618,-0.761446
E0034,0.201368,-0.630458
E0035,-0.206828,0.699458
E0036,2.034921,1.755265
E0037,0.268891,-2.196230
E0038,-0.631823,-0.571064
E0039,4.521096,-2.143363
E0040,1.194329,-0.175414
E0041,1.313206,-2.448732
E0042,0.893899,-0.872845
E0043,-0.004024,-0.708139
E0044,0.032175,2.179586
E0045,2.489740,1.503814
E0046,-2.849628,1.820723
E0047,1.347340,-0.901224
E0048,0.897577,-0.526075
E0049,-1.789645,0.445106
E0050,-0.597756,1.110701
E0051,0.681182,0.240967
E0052,1.086411,-0.900789
E0053,-0.560015,-1.978277
E0054,-0.252026,1.328077
E0055,-1.718421,1.056206
E0056,-2.520896,0.982600
E0057,-1.506158,-0.307468
E0058,0.410766,0.346516
E0059,3.020099,-1.885520
E0060,1.233398,-2.633973
E0061,-3.114005,1.763014
E0062,-0.698862,0.009030
E0063,0.331658,-0.007344
E0064,2.567669,0.638709
E0065,1.128097,-0.443103
E0066,1.278730,-2.103367
E0067,2.793688,-0.420384
E0068,-2.566490,3.659018
E0069,1.552677,1.709405
E0070,0.753780,-0.030909
E0071,0.398864,1.607964
E0072,-1.229296,-0.566271
E0073,0.684492,1.201883
E0074,-1.497844,0.341264
E0075,0.982856,0.862678
E0076,0.727763,0.105411
E0077,3.851502,-2.207457
E0078,-1.269091,-0.672620
E0079,-1.362303,-0.261233
E0080,0.912557,0.305464
E0081,1.489992,-1.087456
E0082,1.582428,-0.366208
E0083,-0.204970,2.056203
E0084,-0.851375,-0.419637
E0085,-2.227099,-0.130952
E0086,-2.595816,0.587290
E0087,0.159689,0.689395
E0088,-0.669090,-0.471272
E0089,1.803830,-0.294324
E0090,-0.784946,-0.848423
E0091,2.800670,-0.416613
E0092,1.890891,-2.717563
E0093,0.527896,-0.633718
E0094,-2.973114,-0.992630
E0095,0.985402,-1.835344
E0096,3.900633,1.522967
E0097,-2.129802,-0.234033
E0098,-2.047099,-0.801143
E0099,-0.127489,-1.099160
E0100,-2.785600,-0.463607
E0101,-2.488278,3.793697
E0102,2.121667,0.382723
E0103,-4.834299,0.373046
E0104,1.406982,0.826209
E0105,0.088897,0.771531
E0106,-0.980518,1.278162
E0107,-0.426301,-1.348554
E0108,2.977972,-0.492310
E0109,0.686819,-1.610486
E0110,4.660197,-1.117833
E0111,0.244558,0.249607
E0112,-1.869226,0.840491
E0113,-0.797617,-0.085321
E0114,1.770389,-0.380525
E0115,-2.267929,-1.706300
E0116,2.832722,-0.967720
E0117,1.490499,0.153522
E0118,-1.201760,0.245707
E0119,-3.904978,2.487382
E0120,-1.699941,-1.210803
E0121,0.858643,-1.594061
E0122,0.044891,1.021614
E0123,-1.817263,0.165362
E0124,4.149096,-0.277128
E0125,1.162361,-1.308706
E0126,-0.780481,-0.719440
E0127,1.252557,-0.462998
E0128,-1.563517,-2.506713
E0129,2.254297,0.391663
E0130,-0.322114,0.698446
E0131,2.021098,1.733377
E0132,-0.905877,1.968064
E0133,1.007589,-0.949254
E0134,0.958608,-0.468737
E0135,-0.449429,-0.522416
E0136,-5.050970,1.154823
E0137,1.408693,1.144382
E0138,-0.835798,0.066696
E0139,-1.077308,-0.065211
E0140,1.002087,0.060722
E0141,-1.118126,-0.930335
E0142,1.937554,0.597000
E0143,-3.903819,0.189290
E0144,2.264570,2.662748
E0145,-1.016323,1.564171
E0146,-0.643094,0.183986
E0147,0.089289,-0.659517
E0148,-1.296162,0.874101
E0149,1.306395,0.967143
E0150,2.491244,-0.524816
E0151,-1.683160,1.202052
E0152,0.649637,-0.463909
E0153,0.278758,-2.548786
E0154,0.887381,-2.427298
E0155,-0.125775,-1.975196
E0156,-2.371628,-2.032452
E0157,1.717982,-0.239712
E0158,3.137537,-1.862737
E0159,1.372489,-1.865191
E0160,-4.679896,2.804989
E0161,-0.769032,0.850151
E0162,4.501587,-1.131794
E0163,2.945591,-0.020739
E0164,-1.996369,3.063154
E0165,-0.382347,0.098062
E0166,-1.677069,1.805785
E0167,-0.536803,-3.782782
E0168,0.940512,-0.301699
E0169,-0.238825,-0.110249
E0170,-2.617894,0.422662
E0171,-2.155249,-0.039816
E0172,0.559686,0.897774
E0173,0.220539,0.965904
E0174,1.455742,-2.996451
E0175,1.649274,-0.808668
E0176,1.841536,0.882725
E0177,2.790532,0.108743
E0178,-0.328754,0.766877
E0179,0.872792,-0.169894
E0180,1.260499,0.667698
E0181,1.656431,2.287296
E0182,-0.291722,1.866235
E0183,0.833749,1.255187
E0184,3.911241,3.127100
E0185,-1.528847,-0.691677
E0186,2.993840,0.571482
E0187,0.977360,0.161306
E0188,-1.249308,-0.392215
E0189,-2.125594,1.510808
E0190,-1.205349,1.491135
E0191,1.644016,-2.121741
E0192,0.918257,0.862835
E0193,0.310574,-0.242102
E0194,-3.192297,0.905965
E0195,-3.019243,-0.224670
E0196,-1.722803,-0.280259
E0197,0.033039,-1.562419
E0198,1.252560,-0.531643
E0199,1.077115,-1.755516
E0200,-1.194282,0.056641
M2100001,-0.190434,0.716053
M2100002,-0.400295,0.380099
W2100003,3.085978,1.179675
W2100004,0.501616,1.322383
M2100005,-0.871274,1.440684
M2100006,-2.487708,2.803500
M2100007,0.282766,-1.933503
W2100008,2.073818,0.231587
M2100009,-1.178218,2.122422
W2100010,-3.814877,2.514641
M2100011,-3.806119,-1.137368
W2100012,-2.788390,-1.288020
M2100013,-0.931849,2.795521
W2100014,-0.903292,1.978752
M2100015,-4.447435,2.100357
M2100016,-3.299384,0.245325
M2100017,1.765290,0.629274
M2100018,0.531414,-2.380508
M2100019,2.090485,0.830983
W2100020,-2.358952,0.719773
M2100021,-3.002313,0.082321
W2100022,-1.297910,0.150854
M2100023,1.883502,-2.747780
W2100024,-0.095809,-0.152494
W2100025,-1.717835,0.685050
W2100026,3.605218,1.386945
W2100027,1.674953,-0.060003
M2100028,0.160240,2.595613
M2100029,-2.767127,-0.592874
W2100030,3.471923,0.109948
W2100031,-2.176952,1.524459
M2100032,1.527985,1.377499
M2100033,-0.029392,1.654682
W2100034,-1.408386,-0.742000
M2100035,-0.870652,-1.471993
W2100036,-1.096948,-1.152921
W2100037,0.103517,-0.493647
W2100038,-0.652926,-0.243008
M2100039,-3.004916,2.433127
M2100040,0.234143,-0.136173
M2100041,-1.556855,0.252226
M2100042,-0.959788,3.210884
W2100043,-0.660942,2.724359
W2100044,0.189780,-0.932291
M2100045,1.368198,0.162388
M2100046,-2.237763,-1.513614
M2100047,-0.307850,-0.674976
M2100048,-1.854850,1.248436
M2100049,-0.533717,2.943649
W2100050,1.266486,1.987185
W2100051,1.890472,-1.320472
W2100052,-0.647398,0.608004
W2100053,-1.371519,-2.252018
M2100054,4.013120,-0.474032
M2100055,0.984158,-0.504211
M2100056,0.818363,1.490301
W2100057,0.784979,-1.820783
M2100058,-0.361914,-1.460279
W2100059,-1.447654,-0.276899
W2100060,-0.343645,-0.707995
W2100061,-0.748753,1.230867
W2100062,0.183457,-1.350316
W2100063,2.260056,-0.004564
W2100064,-0.302873,0.498465
M2100065,0.632961,-1.121058
W2100066,-1.301865,-0.114695
M2100067,0.927826,-2.266436
M2100068,1.155185,0.794547
M2100069,-0.711820,0.284443
W2100070,-2.008636,1.680763
W2100071,-1.562564,3.566543
M2100072,0.405972,0.987965
W2100073,1.632300,0.058684
W2100074,1.522201,-0.660056
M2100075,-1.804105,0.069534
M2100076,0.829060,0.372120
W2100077,-2.006062,0.967542
W2100078,0.930963,0.208461
W2100079,-2.815482,1.685943
M2100080,-0.310590,2.768831
M2100081,2.537399,0.023569
M2100082,-0.985544,-0.269705
M2100083,-2.331998,1.660491
W2100084,-2.653501,-0.904130
W2100085,-0.294401,-0.897829
W2100086,0.350643,0.571382
M2100087,-4.055397,1.648208
W2100088,-3.257655,2.430414
M2100089,-1.075739,0.434411
W2100090,2.892827,0.620671
W2100091,4.716181,-1.271690
W2100092,0.784895,1.922961
W2100093,0.974436,-0.897230
M2100094,-1.843388,-1.542733
W2100095,-1.117074,1.189601
M2100096,-0.083593,1.640888
W2100097,-0.351769,2.965314
W2100098,0.040358,0.063994
W2100099,-0.104682,2.357118
W2100100,2.517414,-2.083855
W2100101,2.020960,-0.080384
M2100102,-2.138599,0.743952
W2100103,0.804813,1.064012
M2100104,-0.028377,1.071067
W2100105,-1.870602,1.788893
W2100106,0.826371,-1.640771
W2100107,-0.336397,0.546185
W2100108,0.155803,1.249145
M2100109,-0.985455,0.673207
W2100110,0.586965,-1.229972
M2100111,1.703132,-4.534439
M2100112,-2.869809,0.738018
M2100113,1.683651,-1.781352
M2100114,1.279434,0.882367
W2100115,-1.259530,-1.553394
W2100116,1.324398,-2.365109
M2100117,0.325046,-0.513258
W2100118,-3.017787,1.832096
M2100119,2.091079,0.038353
M2100120,-0.165501,0.704924
W2100121,-1.004347,1.083452
W2100122,0.309537,-0.670584
W2100123,-0.521510,0.614992
M2100124,3.035829,-0.304177
M2100125,-5.668320,2.047390
W2100126,-3.267151,0.823500
M2100127,-1.137516,-1.021847
M2100128,0.840172,-0.127675
M2100129,-3.039410,1.305601
M2100130,-1.479122,1.030722
M2100131,2.009611,-0.305297
W2100132,-0.807887,1.055567
M2100133,-2.098798,1.197748
M2100134,2.684930,-2.459708
W2100135,1.554969,2.287342
M2100136,0.085100,-1.116300
W2100137,-0.496777,-1.374166
M2100138,-0.274036,0.584774
M2100139,-1.190453,-0.958110
M2100140,-1.627075,-0.971576
W2100141,-2.105824,-0.224820
W2100142,1.259282,-1.195039
M2100143,1.310701,-0.637199
W2100144,2.477546,0.782055
M2100145,0.087294,2.109362
W2100146,-1.469023,-1.025914
M2100147,-0.663093,2.287026
W2100148,0.636581,1.723100
M2100149,-0.641889,0.879056
M2100150,-5.742286,2.212918
W2100151,-1.117862,0.857402
W2100152,-4.672416,2.831731
M2100153,-5.426869,1.109187
M2100154,-1.487649,-0.982934
W2100155,1.428719,-0.379822
M2100156,-0.623592,1.442953
W2100157,0.177658,-0.674376
W2100158,0.019405,-1.287205
W2100159,-0.637573,-0.242165
W2100160,1.422011,0.276966
M2100161,-0.600269,-0.466638
M2100162,-0.266487,-1.124479
M2100163,3.317689,-2.186117
M2100164,0.151743,0.686997
W2100165,0.694495,-0.008836
M2100166,-0.215008,0.210251
M2100167,0.134367,0.761244
M2100168,2.752506,1.876938
W2100169,-3.286160,-0.988466
W2100170,-0.997458,2.039230
M2100171,-1.639763,1.988224
M2100172,-1.386784,0.056868
W2100173,-2.748069,2.853323
W2100174,-0.886854,-0.962158
M2100175,-1.840324,2.455914
W2100176,-0.524748,-0.032288
M2100177,-1.480315,-1.005240
W2100178,4.285759,-0.555013
M2100179,1.120669,-0.901114
W2100180,-1.063493,0.125104
M2100181,-1.813226,-0.797458
W2100182,-1.955272,0.236618
W2100183,-2.673316,1.213624
M2100184,-1.634068,1.293324
W2100185,-2.943668,-1.654654
M2100186,-2.203985,0.739062
M2100187,-0.307601,0.902778
M2100188,-3.543025,2.153265
M2100189,0.469759,-0.062052
W2100190,-1.026935,0.905046
W2100191,-0.337279,2.544908
W2100192,1.325144,1.540803
M2100193,0.122166,-0.091941
M2100194,2.121069,-1.316965
M2100195,-2.310489,1.201469
M2100196,-0.036052,-3.145426
M2100197,-2.637798,0.136560
M2100198,-0.646184,0.085464
M2100199,-0.604957,0.540803
W2100200,-4.875370,1.081822
W2100201,-1.415564,-1.131111
W2100202,-3.376531,0.336886
M2100203,-1.298133,-0.712599
M2100204,-1.371424,1.911474
W2100205,2.183923,1.040602
W2100206,-1.752122,1.182029
W2100207,-2.893897,1.195480
M2100208,-1.921247,1.219460
M2100209,-1.596767,0.417469
M2100210,0.220575,1.359428
M2100211,-1.998430,0.604366
M2100212,-1.161367,0.296266
M2100213,3.076976,-0.768266
W2100214,-5.665183,3.085061
M2100215,1.079022,0.474698
W2100216,-0.762617,-0.235161
M2100217,1.693040,0.923554
W2100218,0.983579,-0.910621
M2100219,-1.486469,0.070623
W2100220,-0.042821,0.110567
W2100221,-0.635885,0.301532
W2100222,-1.401994,-2.098937
M2100223,-1.632424,-0.899865
W2100224,2.403029,-1.220820
W2100225,-3.409452,0.045296
M2100226,-4.878288,1.608662
W2100227,-1.172233,2.956950
M2100228,-2.542206,2.342720
W2100229,-1.755928,0.454212
W2100230,0.046026,-0.768359
M2100231,4.715746,-2.537684
M2100232,2.432113,-0.816953
W2100233,-1.600305,1.940090
M2100234,0.427572,1.533251
W2100235,0.564624,1.641831
W2100236,-1.135428,3.526891
W2100237,-0.984966,-3.581383
W2100238,-2.008845,0.414111
W2100239,-0.159353,0.435227
M2100240,-2.680101,2.234352
M2100241,-2.666139,0.797186
M2100242,-2.132182,0.807490
W2100243,-1.453324,-1.066925
M2100244,-2.189714,0.497973
W2100245,-0.836086,0.887888
M2100246,0.912931,2.269747
M2100247,1.155241,0.380310
M2100248,1.348912,1.703134
W2100249,-1.122087,-2.658816
W2100250,2.041726,-1.688521
W2100251,-0.516385,-0.834353
W2100252,0.319624,-0.978526
W2100253,0.389893,0.267663
W2100254,-0.555887,-1.143837
M2100255,2.335533,-0.551395
W2100256,0.285435,-0.505607
W2100257,2.353467,1.842828
W2100258,1.151266,0.583632
W2100259,-0.283943,2.279022
M2100260,-0.010640,0.282211
W2100261,-1.497998,2.953630
W2100262,0.719699,1.642932
M2100263,1.212052,0.152988
M2100264,-1.600338,2.463543
M2100265,1.821281,2.171849
M2100266,-1.111377,0.802060
M2100267,3.392675,1.909780
M2100268,-0.654056,1.899387
M2100269,1.073714,0.608289
M2100270,0.989706,-1.113812
M2100271,0.184763,-0.856536
M2100272,-1.862959,0.308084
M2100273,-1.536554,1.745822
M2100274,0.376359,-0.345047
W2100275,1.616539,0.881122
W2100276,-0.720193,-0.408611
W2100277,-1.979612,0.370451
M2100278,-3.783829,2.745282
W2100279,-0.881979,1.652053
W2100280,-3.176327,0.512279
W2100281,-0.221163,1.049139
W2100282,-0.859768,0.723727
W2100283,0.482691,-1.055118
M2100284,-2.436666,1.260029
M2100285,4.282689,-0.174883
M2100286,1.224993,-0.323140
M2100287,2.544087,-1.384238
M2100288,-1.764498,0.740897
M2100289,2.659071,-0.542325
W2100290,-0.623409,0.463893
W2100291,-2.117030,-0.071542
W2100292,-3.366150,0.879582
W2100293,-1.657387,0.372099
M2200294,-1.396043,-2.026963
W2200295,4.879569,-0.962385
W2200296,-2.758307,-0.499761
W2200297,0.287401,0.690670
M2200298,-1.090265,0.753576
W2200299,1.669674,-0.896443
W2200300,2.542594,-1.614029
M2200301,2.612433,-2.164875
W2200302,-1.687500,2.067600
W2200303,-2.347841,1.741830
M2200304,0.290665,1.617633
W2200305,2.249581,-1.686875
M2200306,1.639826,1.617022
M2200307,-0.028477,3.236956
M2200308,-3.593332,0.899808
M2200309,-3.024885,-0.360289
W2200310,-1.292912,0.191109
W2200311,-5.090163,1.707651
W2200312,1.718927,0.977679
W2200313,-1.542446,0.998562
W2200314,-0.910458,-0.540067
M2200315,0.256424,1.615388
W2200316,-2.358766,0.457313
M2200317,1.630693,-1.246754
W2200318,1.402138,0.444572
M2200319,2.450246,-0.071257
M2200320,-2.947493,0.265551
W2200321,-3.699723,2.212727
M2200322,1.866269,0.245113
M2200323,-1.618824,1.568722
M2200324,-0.810807,0.364354
M2200325,-0.381854,0.979697
M2200326,-0.861361,-0.655049
W2200327,-0.346706,-0.201299
W2200328,1.760684,-0.897638
W2200329,1.250349,0.190547
M2200330,0.951893,0.230436
W2200331,-1.632325,-1.081627
M2200332,-0.684272,-1.228342
W2200333,-1.986724,1.767757
M2200334,-2.086506,2.173854
M2200335,-1.734187,0.367871
M2200336,-1.538766,0.464320
M2200337,-1.905409,0.990607
W2200338,1.677425,1.906274
W2200339,0.748157,-0.338731
M2200340,-0.144298,-0.593041
M2200341,0.161114,-2.452720
M2200342,0.682566,-0.078394
W2200343,-1.198644,2.188033
W2200344,-1.210267,-0.211893
W2200345,0.729657,1.252610
W2200346,0.710275,0.203650
M2200347,1.295846,-1.590229
M2200348,-2.787773,1.129049
W2200349,-0.097817,1.861099
W2200350,1.929031,0.287879
M2200351,1.129231,-0.988619
M2200352,-0.787890,1.376731
W2200353,1.012416,-0.089340
M2200354,2.265672,-1.303722
W2200355,2.631004,-0.147329
M2200356,0.053148,-0.339542
M2200357,-1.218039,2.083711
M2200358,0.442671,0.314628
M2200359,-0.778563,2.222854
W2200360,-2.434738,1.537152
M2200361,1.325904,-0.888330
W2200362,2.110840,-0.831506
M2200363,-0.619287,-1.136298
M2200364,1.331636,-1.337588
M2200365,0.103315,-0.868294
M2200366,-1.906673,0.977254
W2200367,-0.274968,-0.509448
W2200368,-0.720523,0.389493
W2200369,-4.688987,1.239799
M2200370,-0.780245,-0.915315
M2200371,1.456939,-2.638443
M2200372,-2.160913,-1.621486
W2200373,-0.265902,0.219266
M2200374,1.190385,-0.778266
W2200375,-3.943655,0.187349
M2200376,-0.714266,1.124327
W2200377,1.166568,1.714376
M2200378,0.446187,0.153246
W2200379,-0.639555,1.353005
M2200380,-0.279426,2.387609
M2200381,0.328354,-2.420062
W2200382,2.365976,-3.806560
W2200383,-0.307359,-1.510642
M2200384,4.569539,-1.525517
W2200385,-1.383030,0.654212
M2200386,-0.612390,1.558346
M2200387,0.261664,3.248442
W2200388,1.091506,0.051623
M2200389,-1.634085,2.031481
M2200390,-1.166184,-0.318399
W2200391,-2.747320,2.801986
M2200392,-2.451317,-0.181121
M2200393,0.543977,-0.362263
M2200394,0.772468,0.672535
W2200395,-1.563318,0.964693
W2200396,0.222047,0.778860
W2200397,-0.894740,1.536372
M2200398,-2.722077,0.711161
W2200399,1.873012,-1.279156
W2200400,0.820812,-0.301471
M2200401,1.123377,-1.674252
W2200402,3.002043,-2.211353
M2200403,0.929442,-1.615557
M2200404,0.676273,-0.759508
M2200405,1.461160,-0.189652
W2200406,-1.569165,2.061115
W2200407,-2.608181,1.076656
M2200408,-1.842283,-1.227631
W2200409,-2.059038,0.377720
W2200410,-2.592976,2.623112
W2200411,0.218408,1.645780
M2200412,-0.444514,-0.180233
W2200413,-0.679222,-0.533365
M2200414,3.980320,-0.193107
W2200415,1.083213,-1.441784
M2200416,-1.154577,-2.626105
M2200417,3.414226,-1.351781
M2200418,1.896018,-1.785421
M2200419,-0.148779,-0.609425
W2200420,-2.348277,0.814978
M2200421,-1.236361,-0.457999
M2200422,3.339915,-2.202797
M2200423,-0.488812,-1.174769
M2200424,-0.180664,1.007431
W2200425,0.717204,0.878134
M2200426,-3.506099,-0.910012
W2200427,-1.779353,-1.099264
W2200428,-0.730082,-0.431647
M2200429,-1.208183,-3.024346
M2200430,-2.017179,0.132695
M2200431,0.509214,2.314328
W2200432,-0.099737,0.678781
W2200433,2.136587,0.211923
M2200434,0.950085,-1.045234
W2200435,-2.325316,-2.894166
W2200436,-0.574602,1.061776
W2200437,-1.448726,-2.925350
W2200438,0.159679,0.984400
M2200439,-2.830292,0.540618
W2200440,-1.701961,-1.647556
M2200441,5.341298,-1.811602
W2200442,-4.398818,1.605117
M2200443,-0.127617,-0.817948
M2200444,-0.081018,-2.120980
W2200445,0.690548,-0.529507
W2200446,-1.635904,0.561247
W2200447,1.539248,-0.011476
W2200448,-0.565016,-5.266075
W2200449,1.572550,1.443095
W2200450,1.269634,1.764393
W2200451,-1.278471,-1.083055
W2200452,-2.172871,1.480987
W2200453,-4.391009,0.679146
M2200454,-0.416311,-0.795920
M2200455,-3.565529,-0.329739
M2200456,0.545763,0.836420
W2200457,-4.437868,0.819729
W2200458,-0.296915,1.288291
W2200459,0.742162,0.056072
W2200460,-1.773452,-0.421026
W2200461,2.593982,-0.036475
W2200462,0.371354,0.373264
M2200463,-2.902019,-0.628568
M2200464,0.993472,-0.202302
M2200465,0.971990,0.260422
W2200466,-0.339969,-1.416447
W2200467,0.008674,1.386677
M2200468,2.198417,-0.076197
W2200469,-0.367802,1.352276
M2200470,-3.959533,4.073591
M2200471,-3.385607,1.449436
W2200472,4.052227,-3.886827
M2200473,4.173046,-2.631499
M2200474,-0.792058,1.243496
M2200475,-3.019362,0.547716
W2200476,0.908474,-2.115867
W2200477,0.876459,-0.907673
W2200478,-2.038798,0.769038
M2200479,-2.271546,-2.951084
M2200480,-0.608548,-2.446925
M2200481,1.229763,1.755993
W2200482,-0.891636,1.800825
M2200483,0.067613,1.372297
W2200484,-3.084345,-0.043106
W2200485,-1.307714,2.241693
M2200486,2.038429,-0.118918
W2200487,0.385743,0.411479
W2200488,0.811098,-1.853477
M2200489,-4.901500,-0.810624
M2200490,3.250361,0.462278
M2200491,2.061948,1.951478
M2200492,0.540092,-0.720542
W2200493,1.354896,0.610691
M2200494,-0.783478,-0.895021
W2200495,0.936703,1.364459
W2200496,-1.302256,2.802048
M2200497,0.548632,-0.594585
W2200498,-1.027258,1.613643
M2200499,1.878213,-0.352084
W2200500,-0.327254,-1.760414
W2200501,-3.901674,2.319870
W2200502,-1.148347,2.233805
W2200503,-0.103112,-0.334382
W2200504,0.938272,-0.070857
W2200505,0.760354,-0.200486
M2200506,-5.990205,1.478237
W2200507,-1.907427,0.581439
W2200508,-2.799328,1.084613
M2200509,-0.022683,-0.183948
M2200510,2.844155,-0.303029
W2200511,-1.650493,0.213708
M2200512,-1.391875,-0.437470
M2200513,-2.978577,0.207619
W2200514,-1.062831,1.186586
M2200515,-2.434702,0.861802
M2200516,1.808890,0.426703
M2200517,3.107075,-2.079742
W2200518,0.737009,-2.063375
W2200519,0.319235,-0.112586
W2200520,-0.526766,2.166842
M2200521,1.168512,0.964949
W2200522,1.440583,1.072460
M2200523,-1.135163,-2.450410
W2200524,-1.865186,-0.142333
M2200525,-2.130167,1.388598
W2200526,0.015484,1.384693
W2200527,-0.787567,-1.686391
M2200528,-2.351534,0.344870
M2200529,-2.694315,2.646342
M2200530,1.203476,-3.227588
W2200531,1.479826,-1.227370
M2200532,4.624275,-2.495869
W2200533,1.288724,0.184556
W2200534,-0.059630,1.424375
W2200535,-0.320477,0.072881
M2200536,2.790942,-2.856244
M2200537,1.553862,0.910429
W2200538,3.816412,0.614571
W2200539,-0.057898,-0.166951
M2200540,0.580057,0.676105
W2200541,-2.041872,1.019453
W2200542,-4.212433,1.165136
M2200543,-0.284598,0.570250
W2200544,0.172554,-0.617803
M2200545,-1.099062,3.410045
W2200546,-2.395507,2.522761
W2200547,-0.493891,0.720708
W2200548,-1.152954,0.198059
W2200549,-0.011206,-1.727676
M2200550,-0.567253,-2.378981
W2200551,-0.952441,0.507596
W2200552,-0.273264,-0.152685
W2200553,-1.003285,0.981557
M2200554,-3.224641,0.265034
W2200555,0.031325,2.133742
M2200556,-0.487585,1.579764
M2200557,2.291783,-0.560075
W2200558,2.405898,-2.765010
W2200559,1.200670,-0.964787
M2200560,0.754124,-2.655474
W2200561,2.128290,-2.642880
M2200562,1.504520,-1.816549
W2200563,-0.814316,-0.258107
W2200564,-0.015991,0.690442
M2200565,-1.946095,-1.667688
W2200566,0.274858,-1.788792
W2200567,1.040141,-1.215289
W2200568,0.476615,-0.268731
W2200569,1.429188,-3.064408
W2200570,-0.082097,-1.283471
M2200571,1.960358,-0.681415
W2200572,1.249961,0.480846
M2200573,3.157883,-1.043816
W2200574,0.212170,-0.258662
M2200575,-2.555226,-0.331287
W2200576,0.338351,-1.079934
M2200577,2.344022,-1.808078
M2200578,3.311337,-0.539943
W2200579,2.631611,-0.637232
M2200580,-3.689994,0.886104
W2200581,-1.394887,0.259586
W2200582,-3.612236,0.173829
M2200583,-1.504114,-3.739030
M2200584,0.018975,-0.629434
W2200585,0.008190,0.982811
W2200586,-1.788335,1.474926
M2200587,-0.605351,1.346796
M2200588,-1.666347,2.044167
W2200589,-1.278392,-1.210393
W2200590,2.541261,-1.043300
M2200591,-0.076784,0.750262
M2200592,2.190251,-0.643562
M2200593,-4.351778,0.995266
W2200594,0.645292,0.360400
W2200595,-2.667761,1.620607
M2200596,0.114763,-0.313249
M2200597,1.834305,0.279942
W2200598,2.464572,-1.838111
M2200599,-0.091513,1.480692
W2200600,0.972444,-0.333253
W2200601,-0.998893,0.117372
W2200602,-0.411754,0.724951
W2200603,-0.880734,1.759178
M2200604,-2.738649,0.210944
W2200605,-0.867939,-1.479229
W2200606,1.368531,0.033577
W2200607,-0.496555,-0.558629
M2200608,0.987628,-1.690002
W2200609,-0.649800,-0.406353
W2200610,0.517327,-1.810017
M2200611,-0.090107,-0.304111
M2200612,0.031041,0.525799
M2200613,-2.033914,2.488769
W2200614,-7.318021,2.390472
M2200615,1.079912,0.351569
M2200616,-1.442380,-0.344359
M2200617,1.522521,-1.113539
M2200618,0.366759,0.624124
M2200619,1.238848,0.386549
W2200620,3.562411,0.163271
W2200621,-1.288821,1.410531
M2200622,-1.285432,-1.175867
M2200623,-1.174526,1.513568
W2200624,2.893490,-1.763843
W2200625,2.278045,-0.670329
W2200626,-1.815640,-0.737215
W2200627,-2.243109,2.609089
M2200628,-3.665717,0.326779
W2200629,-2.449153,-0.310115
W2200630,1.039118,1.423700
W2200631,-1.181817,1.128501
M2200632,-0.188380,0.048923
W2200633,0.648027,0.346284
W2200634,-1.399475,1.529285
W2200635,-0.730755,-1.710835
W2200636,-0.132663,-0.626036
W2200637,0.970320,-1.972354
M2200638,0.346424,-1.198306
M2200639,1.241063,-1.207295
W2200640,3.340810,-0.113200
M2200641,-0.206746,0.367843
W2200642,-2.607831,1.778137
M2200643,-2.551088,2.602051
M2200644,-1.325491,1.443862
W2200645,-2.619112,3.275148
M2200646,-1.806929,1.595968
W2300647,-0.735082,0.466760
W2300648,1.181154,0.661390
W2300649,-1.159709,1.214415
W2300650,-3.563060,2.314363
M2300651,-0.276511,5.183060
M2300652,-1.599682,1.798391
W2300653,-4.541974,3.478392
W2300654,-2.406232,0.311771
M2300655,2.128446,-2.751388
W2300656,-5.899072,1.872821
M2300657,0.851291,-2.504481
M2300658,-1.932792,0.178674
W2300659,-0.785966,3.111197
M2300660,-1.604304,1.746691
W2300661,-0.683189,1.170475
W2300662,-3.582457,1.318651
M2300663,-1.805388,0.469116
M2300664,-3.091239,2.406825
W2300665,0.600536,-0.442464
M2300666,-0.911612,-0.638569
W2300667,-0.332840,-0.616838
M2300668,3.920264,-1.275257
W2300669,-2.389829,-1.315402
M2300670,-3.224884,-1.301093
M2300671,0.723377,0.309586
W2300672,-0.855736,0.811184
W2300673,-0.272159,0.400508
W2300674,1.258264,-1.135145
M2300675,3.471386,-1.579452
M2300676,-0.489887,1.392090
M2300677,-1.279813,-0.081175
W2300678,-0.167127,0.569599
W2300679,-0.711068,2.084504
W2300680,0.480604,2.135739
M2300681,0.206355,-2.402406
W2300682,-1.212758,-0.069309
M2300683,3.344723,1.014991
W2300684,-0.376798,0.962939
W2300685,4.688346,-2.822466
M2300686,0.909293,-1.850978
M2300687,-0.408585,-1.590928
M2300688,-0.950919,-1.557613
W2300689,0.767574,-2.806980
M2300690,2.586378,-2.844080
M2300691,-0.263847,-2.042858
W2300692,0.708888,1.415834
W2300693,-0.098044,-1.109132
W2300694,0.585988,2.041755
M2300695,-3.130308,1.281092
W2300696,-0.700999,-0.069986
W2300697,0.485038,0.031075
W2300698,-1.550228,-0.175335
W2300699,0.506727,-1.212568
M2300700,-1.391531,2.686521
M2300701,-1.106142,-0.721342
W2300702,-1.949353,2.703534
M2300703,-0.961714,0.472368
M2300704,-1.905503,-2.507437
W2300705,0.658491,-1.353043
M2300706,-2.569112,-0.871123
M2300707,-1.121939,-0.253365
W2300708,-1.653965,-0.315225
M2300709,1.209760,0.485529
W2300710,0.429901,-0.523438
M2300711,1.121414,-1.651172
W2300712,-2.606079,2.580059
M2300713,-2.274984,3.068654
M2300714,-1.116858,1.542887
M2300715,-0.791148,-0.978129
M2300716,-0.460910,0.956551
M2300717,-0.667094,1.676815
M2300718,-1.428077,2.071014
M2300719,-0.833472,4.164362
W2300720,-0.484335,-0.170047
M2300721,-0.381046,0.283726
M2300722,0.816696,-1.504624
W2300723,1.278218,-0.474877
M2300724,2.169341,-1.048904
W2300725,1.408445,1.303975
M2300726,-2.515253,3.718724
M2300727,0.824501,0.749893
M2300728,-0.396520,2.664931
M2300729,-3.247465,1.124289
W2300730,0.697404,0.347937
M2300731,-2.293614,2.389001
M2300732,0.813267,-2.225804
M2300733,-0.022392,-2.049998
M2300734,-0.086882,-2.957028
M2300735,-1.886119,0.040349
W2300736,-0.973198,-0.727684
M2300737,-0.591589,2.692004
W2300738,1.806308,-1.759630
W2300739,-1.037945,0.106355
M2300740,-0.654070,-0.074692
W2300741,-0.306830,2.735262
W2300742,0.329728,0.442576
M2300743,1.347449,0.973152
M2300744,-1.677435,-0.547126
M2300745,-1.934944,1.400923
W2300746,1.901941,-0.737711
M2300747,0.050392,-0.962446
W2300748,0.994188,-1.258188
W2300749,1.177755,-1.264572
M2300750,0.260226,0.527262
W2300751,-0.043400,-1.010406
M2300752,1.173442,-2.336229
W2300753,6.781049,-2.830485
M2300754,4.589577,-0.248763
M2300755,-1.523533,0.485826
M2300756,-3.183273,-0.864414
M2300757,-2.551680,-0.081891
W2300758,-1.788888,0.783454
M2300759,-1.455890,0.976844
W2300760,-2.197992,2.738842
M2300761,1.182463,-0.062667
W2300762,1.698977,-1.002551
M2300763,-3.482085,3.070899
M2300764,-4.683861,1.680370
W2300765,1.433418,0.027539
M2300766,3.120920,-0.816117
M2300767,-1.793236,-0.548644
W2300768,0.637809,2.021276
M2300769,-0.565427,2.955358
M2300770,-1.933491,0.312528
M2300771,-3.469852,-2.004224
M2300772,3.806926,-2.351556
M2300773,-1.227787,1.431834
W2300774,0.665785,-1.139100
M2300775,2.465816,-1.500801
W2300776,1.221631,-0.426577
M2300777,0.309557,-1.630390
W2300778,-2.277381,-1.055558
W2300779,-3.834513,-1.426836
M2300780,0.664558,0.311439
M2300781,2.876649,-1.537968
W2300782,1.597757,0.897339
W2300783,-1.799729,1.736590
W2300784,-6.200641,-0.160523
M2300785,-3.775084,2.591931
W2300786,-2.465557,1.593421
M2300787,-2.697763,1.705901
W2300788,0.809482,-2.978186
W2300789,1.246537,-2.053450
W2300790,1.627829,-2.698836
W2300791,1.557917,-0.541958
M2300792,3.317614,-0.010938
W2300793,-1.117360,0.989799
M2300794,1.907357,-1.160872
W2300795,-6.458681,3.373378
M2300796,0.856909,-0.641212
M2300797,-4.000779,-0.223219
W2300798,0.253464,-1.184671
W2300799,0.992908,-0.201678
M2300800,0.077827,-1.193846
W2300801,-3.622762,2.838834
W2300802,-0.834739,2.235533
M2300803,-0.631593,2.594534
W2300804,0.771004,2.608435
M2300805,-0.092360,0.615968
M2300806,-0.423334,1.086486
W2300807,-2.193570,-0.552623
M2300808,1.088862,2.479005
M2300809,0.734860,1.491002
M2300810,1.806767,-1.729772
W2300811,0.177308,0.594749
W2300812,-1.198962,1.573424
W2300813,1.562057,-0.165102
M2300814,-0.910375,-0.899634
M2300815,-0.695061,-2.539267
M2300816,2.201534,-1.229769
W2300817,-3.118172,2.973319
M2300818,-4.048351,3.600131
M2300819,3.111383,0.909915
M2300820,1.349877,0.975176
M2300821,-0.686345,2.064841
W2300822,-2.418423,0.903507
M2300823,-3.150047,2.290641
M2300824,-2.255592,0.012875
W2300825,0.009247,-0.153974
M2300826,0.861883,-0.430190
M2300827,0.111812,0.086342
M2300828,-1.359176,0.393221
W2300829,-2.316996,-0.204159
W2300830,3.325391,-0.586091
W2300831,1.798969,-0.152919
W2300832,-1.506940,0.699335
M2300833,-0.983469,-3.226410
M2300834,-0.127380,-1.538303
M2300835,-1.655272,-0.875761
W2300836,-5.230641,0.058500
W2300837,3.086286,-2.481532
M2300838,3.767809,-2.495484
W2300839,5.197735,-2.228395
W2300840,1.152703,0.249076
W2300841,-1.145939,0.231727
W2300842,0.435466,-0.521199
W2300843,-2.607249,1.092882
M2300844,-0.327652,-1.574862
M2300845,0.593580,2.878844
M2300846,0.483298,1.389039
M2300847,-0.681569,2.089133
M2300848,-1.057243,-0.221716
M2300849,-0.354334,0.075068
M2300850,0.136360,-2.491921
M2300851,-1.088420,-1.387445
M2300852,-0.298752,0.095438
M2300853,-1.653914,-1.050779
M2300854,-5.079832,0.574725
M2300855,-1.014018,-0.139938
M2300856,-0.276550,1.602506
M2300857,-0.493751,-0.230495
W2300858,-0.049714,0.209970
M2300859,-0.040417,-2.133941
M2300860,2.799405,-2.130130
M2300861,3.070917,-2.913895
W2300862,0.672775,-2.143302
M2300863,0.418396,-0.906987
M2300864,0.242562,0.201589
M2300865,-0.359699,-0.899445
W2300866,0.861915,2.496974
W2300867,-1.435689,0.293460
W2300868,2.984773,-1.478125
W2300869,1.703175,-1.431005
W2300870,1.357637,-0.557729
M2300871,-2.965845,2.552066
W2300872,-1.320193,0.973427
M2300873,0.316628,0.848072
W2300874,-1.892214,-0.708664
W2300875,1.509318,0.148555
W2300876,3.129892,-0.459914
W2300877,-0.700551,-0.352958
W2300878,-0.339053,1.914853
W2300879,-1.693324,3.104970
M2300880,-0.762625,-0.295726
M2300881,1.361198,2.785486
W2300882,-1.627274,-0.227783
M2300883,-3.879045,1.438823
W2300884,-2.830750,-0.098159
M2300885,1.207052,0.924300
W2300886,-1.430978,3.016339
M2300887,0.944172,1.792876
M2300888,-2.318664,1.528047
M2300889,3.005237,-0.835408
M2300890,0.743328,1.226873
M2300891,0.695929,0.783161
M2300892,-2.988391,0.368621
W2300893,-2.152591,0.073110
W2300894,-2.463885,-0.485519
W2300895,-0.767980,0.893144
W2300896,-0.529203,1.636938
M2300897,-4.042461,4.418289
M2300898,-1.494538,0.419536
W2300899,-3.744846,-0.771805
M2300900,1.990054,-1.287538
W2300901,0.009682,-2.087746
M2300902,-1.972933,-1.270835
W2300903,-0.556859,-1.592543
W2300904,0.363482,-0.806320
M2300905,-0.271824,0.048903
W2300906,0.928015,-0.679270
M2300907,0.500138,-2.766985
M2300908,-1.730013,-1.112407
W2300909,0.116539,0.562792
M2300910,1.359558,-1.685577
W2300911,-1.223481,0.205236
M2300912,-0.631502,0.185873
W2300913,0.392910,1.636745
M2300914,1.164673,0.461610
M2300915,0.221919,-0.597310
M2300916,2.051721,-0.159607
M2300917,0.085509,0.549997
M2300918,-0.729653,-0.701685
W2300919,-2.897617,0.291287
M2300920,-0.766900,-0.574654
M2300921,0.256511,-1.310414
W2300922,0.090843,-0.021193
W2300923,-1.943900,-1.673574
M2300924,-0.480446,0.846562
W2300925,-0.123823,1.056677
W2300926,0.472339,0.081880
W2300927,0.911613,-0.854880
W2300928,0.754067,-0.623019
M2300929,-1.119414,-1.060721
W2300930,0.182818,4.431270
W2300931,3.475302,0.037885
M2300932,0.525911,-1.555978
W2300933,-0.955592,1.050321
M2300934,-1.098971,-0.703443
M2300935,3.989648,-1.558758
W2300936,1.032966,-0.411282
W2300937,4.297013,-0.416042
M2300938,-0.348342,1.652595
M2300939,-0.702480,2.431376
M2300940,-0.778825,-1.994547
W2300941,-1.333098,0.979358
M2300942,1.692551,3.026164
W2300943,0.374545,-1.755433
M2300944,-3.412171,2.421594
M2300945,-4.022753,2.097332
M2300946,-4.169744,0.396800
M2300947,-1.415978,0.669398
M2300948,-2.975212,0.345404
W2300949,0.272739,-2.250712
W2300950,-1.423991,-2.735110
W2300951,-3.189150,-0.250288
M2300952,1.176732,-0.541649
M2300953,1.170124,-3.260730
M2300954,-0.862489,0.021835
M2300955,-1.667545,2.025272
W2300956,0.465490,0.823413
W2300957,-2.352445,2.863147
M2300958,1.704004,1.844382
M2300959,-0.821905,-0.826302
M2300960,1.009859,-1.575181
M2300961,0.882169,-1.425809
W2300962,4.184240,-2.682258
M2300963,-0.554944,-0.311092
M2300964,2.880921,0.590246
W2300965,0.844374,-1.491096
M2300966,-0.944093,2.082537
W2300967,0.803717,-1.252751
M2300968,-2.363704,0.954566
W2300969,-2.533209,2.211806
W2300970,3.466944,-0.133502
M2300971,-0.324428,0.551011
W2300972,1.727489,-1.082174
W2300973,0.543506,-2.112133
W2300974,-0.198297,0.204704
M2300975,0.003223,-0.633146
W2300976,2.460650,0.527105
M2300977,1.057565,-0.065990
W2300978,0.946338,0.930738
M2300979,1.823772,-0.864915
W2300980,3.122172,2.168058
M2300981,2.648286,1.606083
W2300982,-2.774476,0.315706
M2300983,-0.523882,0.206259
W2300984,1.063375,1.374506
W2300985,-3.189594,-0.615832
W2300986,-1.252679,1.963391
W2300987,0.324300,0.736097
M2300988,0.056044,0.549820
M2300989,-1.002394,0.150152
M2300990,0.582411,-1.685349
W2300991,3.948839,-2.293082
M2300992,1.565216,0.030348
W2300993,2.130842,1.692520
M2300994,1.225980,-1.303217
W2300995,2.676107,-1.641733
M2300996,0.415892,1.298541
W2300997,-3.846758,2.203496
W2300998,-1.832368,1.105252
W2300999,-5.358402,2.655377
W2301000,-1.436225,1.073278
M2301001,-1.935075,-0.986934
W2301002,-0.126749,2.204388
M2301003,1.538342,0.026776
M2301004,0.315833,-1.044970
M2301005,-0.049280,1.694573
W2301006,2.870635,-0.536828
M2301007,-1.392216,-1.763667
M2301008,-3.824435,-0.163311
M2301009,-1.972441,1.349649
M2301010,-2.761735,-0.357140
W2301011,-3.800766,0.402625
W2301012,-1.530748,-0.865671
M2301013,0.441075,-5.443518
M2301014,-1.660670,2.073689
W2301015,-1.226251,1.713630
M2301016,1.770722,-1.602403
M2301017,0.901697,-0.083900
M2301018,1.002362,-1.256275
W2301019,-1.577576,0.328342
M2301020,1.329392,-0.275386
M2301021,0.319786,0.501993
W2301022,-0.983525,1.044073
M2301023,0.320944,-0.499980
M2301024,-2.820071,0.627222
W2301025,-0.213511,-2.809120
M2301026,-0.166787,-0.838524
W2301027,-2.284993,2.191815
W2301028,-0.322008,0.107937
M2301029,1.926085,0.386403
W2301030,-0.937539,-0.994399
W2301031,3.567241,-0.327926
M2301032,5.484995,-0.898740
M2301033,0.657931,0.022654
M2301034,3.358762,-0.654715
M2301035,1.800544,-0.872017
M2301036,-1.152255,-1.047829
M2301037,-0.126045,-2.417511
W2301038,0.461826,-2.074602
M2301039,-0.430867,-0.084560
W2301040,0.224334,-0.399007
W2301041,1.939029,-1.348108
M2301042,0.455979,-0.538978
W2301043,0.467539,-0.445769
M2301044,1.358073,-1.567072
M2301045,1.964097,0.016613
W2301046,-2.701477,0.188092
W2301047,0.925039,1.577112
M2301048,1.901711,2.156157
M2301049,-1.138693,-0.342347
M2301050,-3.059025,-1.797414
M2301051,-1.715201,0.563692
W2301052,0.707246,2.203293
W2401053,-3.855089,1.259769
W2401054,2.192681,0.442218
M2401055,-1.764031,2.745280
M2401056,-3.190842,-3.633969
M2401057,-1.957583,-1.298227
M2401058,2.641649,-0.293408
W2401059,3.700106,-1.469437
M2401060,-0.154514,-1.143995
M2401061,-0.624459,2.400437
M2401062,0.206447,1.326884
M2401063,-1.983437,1.694015
W2401064,2.430573,0.183114
M2401065,-1.698921,2.624511
M2401066,-3.119085,1.286705
W2401067,-0.208930,-0.088619
W2401068,-1.571591,0.635302
M2401069,3.863337,-2.211946
W2401070,-1.012989,-0.898716
M2401071,-0.845976,-1.596250
W2401072,-0.215997,1.600042
M2401073,-2.972237,2.969650
W2401074,0.094996,0.815364
W2401075,3.698011,-1.193474
W2401076,-0.287434,-0.665809
M2401077,-1.550640,1.393881
M2401078,0.620358,-1.193574
W2401079,-1.716434,0.086878
W2401080,-1.072188,1.631490
M2401081,1.833808,-0.064073
M2401082,-0.061175,0.365518
W2401083,-1.326316,1.696403
M2401084,1.825657,-3.346269
M2401085,0.749369,0.014061
W2401086,0.150854,0.700656
W2401087,-1.107584,-0.451873
W2401088,-1.671115,1.191641
M2401089,0.057350,-0.869707
W2401090,-2.020457,1.661413
M2401091,-0.519475,0.818429
W2401092,3.177943,-2.506235
M2401093,5.155496,-2.988946
M2401094,1.659529,-2.658429
W2401095,-2.207166,1.805899
M2401096,-1.450893,1.390117
W2401097,-0.611001,-0.162507
M2401098,-0.562079,-2.678700
M2401099,0.457130,0.632610
M2401100,-0.186063,1.208895
W2401101,1.018663,-0.332978
M2401102,0.633735,0.714949
W2401103,2.438366,-2.024809
M2401104,2.389182,-2.386818
M2401105,1.443051,0.240650
W2401106,-0.859405,0.744412
M2401107,0.168345,-0.680996
W2401108,1.747858,1.313505
W2401109,0.331427,-0.485521
W2401110,0.820306,1.401989
M2401111,0.149407,2.473392
M2401112,1.045153,2.571872
M2401113,-0.136283,-0.235041
W2401114,1.316664,-2.094879
W2401115,0.061203,2.521553
M2401116,0.069040,1.777953
M2401117,3.461158,-0.083589
W2401118,1.260028,0.913614
M2401119,-1.038593,-2.143133
M2401120,-1.911586,-0.518894
M2401121,-1.020680,-0.169730
W2401122,-2.039183,0.907206
W2401123,0.392051,-0.446616
W2401124,-0.271642,1.288988
M2401125,1.340988,-0.472914
M2401126,-2.544899,0.031960
W2401127,0.403699,0.635242
W2401128,-0.319294,1.587203
W2401129,-2.864327,-0.485836
W2401130,0.067259,-1.574615
W2401131,-0.252599,1.441839
M2401132,0.928379,0.250030
W2401133,2.802822,-1.692452
M2401134,-0.329219,-0.507092
M2401135,-1.519214,-0.170186
M2401136,-0.219128,-0.247193
W2401137,0.118472,0.354274
W2401138,-3.482214,3.019902
W2401139,-2.445390,1.705158
W2401140,-0.060526,0.859188
W2401141,0.026709,2.438271
W2401142,2.211119,0.509462
W2401143,2.357026,1.145021
W2401144,0.549321,0.435404
W2401145,1.137056,-0.234534
W2401146,0.974104,1.364490
W2401147,0.870822,1.158491
M2401148,-2.870516,0.197569
M2401149,3.053665,-0.181035
M2401150,4.496410,-2.983932
W2401151,-3.371150,1.907573
M2401152,4.180367,-0.909231
W2401153,4.585904,-2.674043
M2401154,1.070443,0.987650
W2401155,0.849591,-1.293908
W2401156,1.814966,-1.074267
M2401157,-1.531610,0.623983
W2401158,-2.137907,1.381678
W2401159,-0.494954,-0.253618
W2401160,-0.387857,0.375019
M2401161,-0.331928,0.097120
W2401162,0.720992,1.066780
M2401163,0.565942,-1.301233
W2401164,0.747570,1.040706
M2401165,-2.218342,0.848953
W2401166,-1.947006,-0.271720
W2401167,2.071282,-1.597807
M2401168,0.049673,-0.967591
W2401169,-0.837820,1.589316
W2401170,0.853989,0.647559
M2401171,-1.290021,0.578588
W2401172,-0.728088,-0.311579
M2401173,1.880057,0.431368
W2401174,1.102704,0.421695
M2401175,-1.066661,-0.464497
W2401176,-0.194340,-0.595028
M2401177,1.882028,2.947158
W2401178,0.162255,1.126587
W2401179,-1.380055,1.735311
W2401180,-0.774959,-0.323491
M2401181,2.532108,1.016444
W2401182,-0.399694,1.036538
M2401183,-2.259965,1.465986
W2401184,0.282382,-2.598326
M2401185,1.334667,-0.184646
M2401186,-0.537276,0.387134
M2401187,-4.027759,2.697214
W2401188,1.451201,0.379650
M2401189,-3.176363,2.569317
M2401190,-0.174062,-0.839267
W2401191,-2.298604,2.192590
M2401192,-0.869529,1.957977
W2401193,-1.925502,1.064299
M2401194,0.758333,-1.590187
M2401195,-1.021414,-1.537617
M2401196,1.882733,-2.639287
W2401197,1.880387,-2.992931
M2401198,1.023422,-1.672995
M2401199,-0.955946,1.792504
M2401200,0.197771,1.649000
M2401201,-1.747214,-0.119686
M2401202,-5.394238,2.591516
M2401203,-0.259630,1.917076
W2401204,-0.951626,-0.372080
M2401205,0.998112,-2.325101
M2401206,-0.476521,-1.486527
W2401207,-1.423614,-1.109623
M2401208,-3.148917,-2.249505
M2401209,-4.218644,0.489785
W2401210,1.344205,0.091035
M2401211,0.968904,1.348902
M2401212,1.830055,-1.093357
M2401213,-2.136050,0.734313
M2401214,-0.703359,2.292774
W2401215,-0.739491,1.195866
W2401216,1.584278,-0.364682
W2401217,0.315756,2.167594
M2401218,-0.643584,0.602720
W2401219,0.713021,0.585611
M2401220,-1.663967,0.084489
W2401221,-1.970843,0.537955
W2401222,-1.020858,2.234545
M2401223,2.957967,-0.595414
M2401224,0.134821,0.283620
M2401225,1.206199,-1.612268
M2401226,0.227782,-1.804865
M2401227,-5.022789,1.462718
W2401228,-1.948030,3.736942
W2401229,-1.493711,-1.329148
M2401230,1.001280,-1.285511
W2401231,-1.716335,0.810589
W2401232,-4.614039,0.485592
M2401233,-3.213503,1.306862
M2401234,-0.503470,-0.062486
M2401235,-0.295474,-0.689146
W2401236,0.411275,0.021831
M2401237,-2.024516,-0.186263
W2401238,2.074180,-0.870227
W2401239,-0.318128,-0.157241
M2401240,3.691267,0.070330
M2401241,-0.377297,1.059152
M2401242,4.167190,2.658576
W2401243,2.369133,0.490060
W2401244,-2.546999,0.641755
W2401245,-2.210969,1.175783
W2401246,-3.305423,1.603639
W2401247,-1.161419,-0.198251
W2401248,-1.894978,-0.840487
W2401249,-2.050603,2.473738
M2401250,-1.928014,0.826759
M2401251,-1.134441,-0.255215
W2401252,1.935422,-0.701468
W2401253,0.889320,-1.457201
W2401254,-0.337589,0.180861
W2401255,2.570528,0.496850
W2401256,1.424998,2.628545
W2401257,-0.950998,3.606079
M2401258,0.208922,-0.405476
W2401259,-2.212564,1.574933
M2401260,-0.838981,1.911624
W2401261,0.123447,2.192797
W2401262,0.184435,-1.974635
M2401263,1.626946,-3.257848
W2401264,1.039454,0.716639
W2401265,2.390109,0.757582
W2401266,-0.142646,-0.047055
W2401267,-0.992474,-1.536977
W2401268,-0.309888,-2.250723
W2401269,0.120909,0.570940
M2401270,-2.997603,0.320417
M2401271,-0.606386,-1.718989
M2401272,-2.614611,1.307528
W2401273,-2.224891,1.467156
M2401274,1.724640,2.048402
W2401275,-0.922060,0.619260
M2401276,0.172159,0.647646
M2401277,-1.771167,3.546551
W2401278,-2.350929,1.350813
W2401279,-2.691118,2.116233
W2401280,3.378464,-1.560861
W2401281,-3.115543,1.993342
W2401282,0.770274,-1.235745
W2401283,-0.301219,2.046611
M2401284,-5.523219,2.514134
W2401285,-5.048151,2.865939
M2401286,0.366676,1.082174
M2401287,-0.367871,0.334615
W2401288,-2.051382,-0.405482
W2401289,-2.999985,0.897307
W2401290,0.181261,0.613660
W2401291,2.458180,0.017048
M2401292,-0.668872,-0.019105
M2401293,-0.659871,2.660199
W2401294,-0.263162,3.478339
M2401295,-0.364627,1.320864
W2401296,-0.445565,0.353484
M2401297,-1.739294,-0.298547
M2401298,-0.465086,1.653258
M2401299,-0.613532,-2.158638
W2401300,0.833629,-1.915156
W2401301,0.794577,-0.986728
W2401302,-0.347505,-0.780528
W2401303,-2.259625,1.777181
M2401304,-1.503235,0.344601
M2401305,-1.758919,1.491947
M2401306,0.654867,0.315206
W2401307,-1.088493,0.284705
M2401308,-1.078339,2.494787
M2401309,0.854042,-1.194373
W2401310,-1.503011,1.773710
M2401311,0.525883,0.749654
M2401312,3.000725,1.078919
W2401313,-0.402569,-0.512078
W2401314,1.153212,1.817533
W2401315,-0.037851,0.157191
W2401316,-1.427705,1.630167
W2401317,-1.738047,-0.232017
M2401318,-2.426661,1.302019
W2401319,-4.424452,1.810106
M2401320,-1.570678,-1.152500
M2401321,0.193888,-1.496756
W2401322,1.513748,-3.392701
M2401323,0.312615,-2.720739
M2401324,0.609183,0.228416
M2401325,-0.382440,0.486526
M2401326,2.155451,0.096254
M2401327,1.473598,0.967316
W2401328,1.516960,-0.196239
M2401329,0.709109,-2.807472
M2401330,-1.472348,1.399761
M2401331,-0.961305,1.432117
W2401332,-1.702935,3.094794
M2401333,-1.757207,1.349041
W2401334,-1.175949,0.440476
W2401335,0.236519,2.333045
M2401336,-4.060642,1.766014
W2401337,0.126701,-0.222833
M2401338,-0.792204,-0.871727
W2401339,-0.378167,1.929646
M2401340,2.399032,-1.600922
M2401341,-0.360134,2.458990
W2401342,-2.228259,-1.113704
W2401343,2.692487,1.198158
W2401344,1.740142,-0.480183
W2401345,-0.087013,0.662421
W2401346,-3.498075,0.940165
M2401347,-2.283200,0.163963
W2401348,-0.714228,-1.828842
M2401349,-0.574313,1.893094
M2401350,-0.908952,-1.731623
W2401351,0.846752,-0.510731
W2401352,2.214674,-1.067346
M2401353,-1.505635,2.981908
W2401354,1.454940,0.628734
M2401355,-2.355872,2.124060
W2401356,-2.153911,1.303687
W2401357,-2.557821,3.126402
W2401358,0.646893,3.146063
M2401359,-0.326540,0.142689
W2401360,2.631867,0.397942
W2401361,3.054625,0.014453
W2401362,2.699821,-1.319405
W2401363,-1.777503,-0.722720
W2401364,0.435117,0.451524
W2401365,-0.087938,-0.358528
M2401366,0.480846,-1.400965
M2401367,0.563655,-1.226043
W2401368,-1.914816,-0.290360
M2401369,0.089929,0.899437
W2401370,-2.596677,0.156534
W2401371,-0.071745,-0.843720
W2401372,-0.685810,0.717048
W2401373,1.423594,-1.279656
M2401374,2.000096,-0.765421
W2401375,0.395770,-0.782456
M2401376,0.521767,0.962371
M2401377,-0.792606,1.389129
W2401378,-1.286464,1.369646
W2401379,-0.591322,-0.495468
M2401380,-1.751025,0.559417
M2401381,4.155558,-2.447251
W2401382,2.597460,1.067291
W2401383,1.158527,-0.574734
W2401384,-1.139429,1.112138
W2401385,-0.015597,2.570731
W2401386,-0.805782,2.531513
M2401387,-0.038707,-0.108976
M2401388,1.186656,-1.341259
M2401389,-0.284153,2.318238
M2401390,-2.401008,0.541291
W2401391,0.460155,1.803244
W2401392,5.526639,-1.704666
W2401393,2.474315,-0.245719
W2401394,0.730627,0.231929
M2401395,0.236612,0.645721
M2401396,1.101607,-1.605414
W2401397,-2.942273,2.008556
W2401398,2.192410,2.426626
M2401399,-0.623896,2.503308
M2401400,1.108852,-0.161104
M2401401,0.490894,-1.315063
W2401402,1.350004,-0.850801
W2401403,0.289389,-0.856872
W2401404,1.304861,-0.370577
M2401405,0.541850,-1.862192
M2401406,-1.217169,-1.255956
M2401407,3.372621,-2.045174
W2401408,-1.849558,1.091933
M2401409,0.356713,1.804924
W2401410,1.469605,0.079943
M2401411,-3.404162,0.297594
M2401412,0.054112,0.286785
W2401413,0.540530,0.320391
W2401414,1.720446,-1.157085
W2401415,-0.647953,0.229218
M2401416,-1.605477,0.407979
M2401417,3.690892,0.172877
W2401418,-0.174758,1.559947
W2401419,1.200471,0.330852
M2401420,-0.320060,-0.321236
M2401421,-1.617731,1.196019
M2401422,-1.450494,0.764565
W2401423,-0.822897,0.512945
W2401424,1.474691,-1.643773
W2401425,0.595342,-0.078820
M2401426,2.392709,-0.565365
M2401427,3.133274,-0.166929
W2401428,2.194154,-1.626147
W2401429,-0.385845,-0.659173
M2401430,-0.464136,1.588728
W2401431,1.052571,-0.083355
W2401432,-1.903464,2.847892
W2401433,-2.103887,0.780181
M2401434,-2.113516,2.214229
W2401435,-0.605539,0.313237
W2401436,-2.450751,2.516052
W2401437,-0.251324,0.771449
W2401438,-0.137886,2.475190
M2401439,-2.416511,2.250934
W2401440,-0.180856,0.554880
M2401441,-0.023880,1.478386
M2401442,-1.516285,0.616797
M2401443,-0.751906,0.123382
W2401444,-1.706765,2.547396
M2401445,-1.925584,2.759053
M2401446,-0.670794,1.780823
W2401447,-0.347176,0.014447
W2401448,-0.787078,0.868691
M2401449,1.632491,-0.230532
W2401450,-3.146728,3.277456
M2401451,-1.218957,1.742354
M2401452,-0.901801,0.580405
M2401453,-2.094880,-2.524850
W2401454,-1.059985,-0.699546
W2401455,-0.933534,0.008619
W2401456,-0.833088,2.601326
M2401457,-2.938922,4.164315
W2401458,3.541124,-2.942256
W2401459,-2.688036,0.479656
W2401460,-0.056061,1.731583
W2401461,0.733179,-0.131115
W2401462,-0.450177,0.531865
W2401463,0.609882,-0.476521
W2401464,0.568161,2.051056
W2401465,0.782484,0.596399
W2401466,2.362998,1.897859
W2401467,-0.451550,1.373766
M2401468,-1.388874,-0.829507
W2401469,-2.684480,0.145647
W2401470,-1.111831,0.890720
M2401471,2.381909,0.930265
M2401472,-2.264340,2.271451
W2401473,-0.823318,1.062272
M2401474,-3.827435,3.173871
W2401475,-0.899533,0.107996
W2401476,-2.818848,3.493228
W2401477,0.542114,0.314839
W2401478,-1.684765,1.601956
M2401479,-1.202086,-0.368243
M2401480,-3.607471,3.605351
M2401481,-1.816455,1.623324
W2401482,-0.711301,1.506676
W2401483,-2.624476,2.229489
M2401484,-3.449144,1.373320
M2401485,1.436983,0.199256
M2401486,1.807277,2.475898
M2401487,-1.393529,-0.300053
M2401488,1.091837,-1.522726
W2401489,0.568972,-1.351636
W2401490,1.687319,-0.598327
W2401491,-2.224814,-0.851851
W2401492,-3.068222,0.227142
W2401493,1.260139,1.615890
W2501494,3.781549,-0.389180
M2501495,1.687319,2.026146
W2501496,0.973868,0.936940
W2501497,2.941830,-0.576109
M2501498,0.829364,-0.059888
M2501499,-1.786472,2.068360
M2501500,-0.347005,0.359670
W2501501,1.953321,1.448180
M2501502,0.917256,-0.259491
M2501503,1.511114,0.300357
W2501504,-0.306966,0.420533
M2501505,1.093923,1.592319
M2501506,1.831637,-0.053864
W2501507,4.158082,1.695351
W2501508,1.053357,0.474601
M2501509,0.935127,-0.443784
M2501510,3.201879,-1.268337
M2501511,2.313933,0.146168
M2501512,3.693202,-1.056478
W2501513,1.400801,1.228500
M2501514,0.147885,0.778753
W2501515,0.352743,0.686862
W2501516,2.127738,0.806653
W2501517,0.702381,-0.761634
W2501518,1.859375,0.602874
W2501519,0.520462,2.637832
W2501520,0.191798,2.444852
M2501521,0.991074,-0.447166
M2501522,0.365081,-0.439087
M2501523,0.407866,0.071358
M2501524,2.333235,-0.671429
M2501525,2.040011,-0.066361
M2501526,0.653450,-0.787409
M2501527,4.751642,-0.526574
W2501528,2.753508,0.041914
M2501529,0.718335,2.953685
W2501530,0.124437,-1.151316
M2501531,1.171495,-0.741676
M2501532,5.900602,-0.310327
W2501533,2.526321,0.405422
M2501534,4.087572,0.957763
M2501535,0.124195,1.235025
M2501536,1.230526,0.027450
W2501537,0.859770,-0.015468
W2501538,2.874247,0.882975
M2501539,-0.634465,0.947751
M2501540,1.276088,-1.211768
W2501541,-0.049760,-0.465704
W2501542,1.960194,0.681494
M2501543,2.396304,0.884318
M2501544,0.986354,0.875834
W2501545,2.927483,-0.546483
W2501546,3.526811,0.224269
W2501547,0.340003,0.548825
M2501548,4.972472,-1.534542
M2501549,3.135859,-1.076857
M2501550,-0.290473,0.538644
W2501551,0.524578,0.071970
M2501552,2.177981,-0.118615
M2501553,5.677470,-0.490548
W2501554,-1.797829,2.774458
M2501555,-1.671632,2.497949
M2501556,1.328569,1.626431
M2501557,-0.558835,0.320411
M2501558,1.398655,0.224229
W2501559,2.391527,1.411142
M2501560,4.679064,-2.471496
W2501561,2.892776,-1.409896
W2501562,0.567336,2.010294
W2501563,-1.264130,2.138082
M2501564,2.330285,-0.356705
M2501565,3.559661,1.232538
W2501566,0.512672,0.734387
M2501567,-0.524050,2.056294
M2501568,-0.378237,2.553652
W2501569,-0.767552,0.379069
W2501570,1.198510,0.307863
M2501571,2.181833,0.799436
W2501572,-1.441674,0.652515
M2501573,0.078299,2.165652
M2501574,2.646091,0.634871
W2501575,-1.177855,0.912933
M2501576,4.123087,-0.625534
M2501577,3.538202,0.493235
W2501578,3.032212,1.162169
M2501579,0.256572,1.310686
M2501580,0.978401,1.926224
W2501581,-1.187677,2.242569
W2501582,-3.633585,1.524748
W2501583,-0.696720,-1.139964
M2501584,-0.940190,-0.044557
M2501585,-0.089174,-0.946454
W2501586,0.776347,-0.632152
W2501587,0.042632,-0.614511
M2501588,-0.946946,3.246731
W2501589,-0.348110,2.319057
M2501590,-0.341790,2.004087
W2501591,1.997802,2.132710
W2501592,0.384940,0.997804
W2501593,-3.273895,2.783907
M2501594,2.857218,-1.154093
M2501595,1.379401,-0.720944
M2501596,-2.360262,1.110146
M2501597,-1.025232,-0.391475
W2501598,1.920297,0.471222
W2501599,0.900454,-0.863335
M2501600,1.399292,-0.694784
M2501601,-0.934891,1.148985
M2501602,-0.911079,1.907502
M2501603,-2.866451,1.457225
W2501604,4.333499,-0.769700
M2501605,3.232788,-1.071301
M2501606,-1.222198,1.465600
M2501607,3.423472,-0.927723
M2501608,-0.804093,-1.358044
M2501609,0.323408,-1.860186
W2501610,2.188697,0.879122
W2501611,2.297729,-0.436204
M2501612,-4.378482,1.886817
M2501613,-0.842190,0.949381
W2501614,-4.133369,1.810488
W2501615,1.268051,-0.418940
W2501616,-1.229615,0.865103
M2501617,-1.141877,-3.065582
M2501618,3.763117,1.002951
M2501619,1.204855,0.692644
W2501620,0.316660,-0.894408
M2501621,4.700182,0.791052
W2501622,3.800148,0.604909
M2501623,7.622473,0.337299
W2501624,-3.743318,0.663082
M2501625,2.759937,-0.131020
W2501626,0.687833,1.041762
W2501627,3.713227,1.014213
W2501628,0.745702,-1.212648
W2501629,2.865580,-0.690946
M2501630,1.223152,0.664070
W2501631,-0.359060,1.923837
M2501632,-0.957118,1.537600
M2501633,0.465464,-0.141593
W2501634,-1.642672,1.899847
W2501635,1.421511,0.800609
M2501636,0.413889,1.954670
W2501637,0.593831,-0.034436
W2501638,2.912504,1.139251
W2501639,3.420861,0.093957
W2501640,0.848518,-1.636760
W2501641,-3.562009,-0.330783
M2501642,-0.715216,0.382784
W2501643,5.520946,0.578487
W2501644,0.507967,1.442581
M2501645,-1.370127,3.008226
M2501646,3.818717,-1.734265
W2501647,5.437043,-0.898826
M2501648,0.269201,1.704985
W2501649,-0.377332,1.303606
M2501650,1.007052,3.022749
M2501651,1.637302,0.714651
M2501652,-2.053799,0.257532
M2501653,1.528892,0.579527
M2501654,3.065661,0.097245
W2501655,-2.000467,0.997818
M2501656,-0.248083,0.456968
M2501657,0.696224,1.026035
W2501658,-3.125877,-1.288257
W2501659,2.294685,1.893967
M2501660,-2.469453,0.014256
W2501661,-0.489653,-0.831764
M2501662,0.695016,-2.786139
W2501663,3.802506,0.084047
W2501664,0.136402,-0.046513
W2501665,2.290743,-0.149331
W2501666,2.074674,2.131473
W2501667,1.478947,0.421288
M2501668,-0.707703,3.189593
M2501669,0.668232,-0.472058
W2501670,-0.044738,-0.107654
W2501671,-3.062016,0.176443
M2501672,-1.044205,-1.276318
M2501673,0.979425,2.526937
M2501674,1.760530,0.977901
W2501675,1.053315,2.858941
M2501676,-0.286765,0.459654
M2501677,3.634338,1.817165
M2501678,3.386457,0.436714
W2501679,2.532619,-2.069717
W2501680,-0.528052,1.498122
M2501681,-1.544639,-0.212415
M2501682,-0.315958,-2.136949
W2501683,1.365192,-1.482146
W2501684,0.138784,-0.610053
W2501685,0.362558,0.685943
M2501686,0.253129,-2.497608
M2501687,0.722664,-2.576613
M2501688,2.079131,-2.222567
M2501689,0.556898,-0.039645
M2501690,1.244821,1.547729
M2501691,1.590618,0.666804
W2501692,-3.065864,0.107447
W2501693,-2.470798,1.439296
M2501694,-0.705209,1.503282
W2501695,3.272792,0.273871
M2501696,3.635475,1.326591
M2501697,0.823851,0.964937
M2501698,-1.418301,1.478370
M2501699,-2.917422,0.185967
W2501700,0.902384,-0.446212
W2501701,0.402372,2.895134
W2501702,2.499591,2.085077
W2501703,-1.645683,0.136054
W2501704,2.772541,1.200771
M2501705,-0.692282,-1.648889
M2501706,3.067061,0.554963
W2501707,-2.733803,2.374322
W2501708,-2.504597,-0.518184
M2501709,-1.367684,-0.779985
W2501710,-0.234559,3.093909
W2501711,-2.257287,2.592817
M2501712,-0.149348,1.112491
M2501713,5.423535,1.034798
M2501714,1.095246,-1.617397
W2501715,1.953117,-0.237557
M2501716,2.874845,-0.266448
M2501717,1.915200,-0.038035
M2501718,-2.978648,-0.582778
W2501719,-0.793577,-2.376326
M2501720,2.164546,3.166443
W2501721,-0.491973,-2.250728
W2501722,-5.041184,0.076107
W2501723,0.602000,-1.475586
W2501724,-0.584832,-0.278836
W2501725,1.470447,-0.238733
W2501726,2.155298,1.122501
M2501727,-0.988640,0.929760
M2501728,-0.846379,0.487222
M2501729,2.842366,-0.449759
W2501730,1.609676,0.500764
W2501731,1.235910,-0.290900
W2501732,0.307579,0.303817
M2501733,1.257992,0.392219
W2501734,3.250251,1.436028
W2501735,3.370045,0.063760
W2501736,2.163775,0.414486
M2501737,0.020557,0.530357
W2501738,-1.623222,2.208656
M2501739,4.564502,0.147896
M2501740,-1.669578,0.838664
M2501741,-0.827857,1.084460
W2501742,0.069151,-0.176252
M2501743,-3.631072,1.841948
M2501744,-1.938906,0.809732
W2501745,-3.200076,0.350723
M2501746,-0.458594,1.601666
W2501747,-2.002726,0.427979
W2501748,0.422565,0.881689
W2501749,-0.138622,0.847255
M2501750,1.156284,0.061747
W2501751,-0.646311,-0.768879
W2501752,-2.999988,-1.883324
W2501753,-1.886200,0.930558
W2501754,3.456010,0.158408
M2501755,2.827290,0.393470
W2501756,-0.471776,0.397113
M2501757,-3.494053,-1.270770
W2501758,3.023544,-1.121864
M2501759,2.384150,0.906199
W2501760,3.158160,-0.339429
M2501761,-0.136423,-0.397877
M2501762,0.670357,1.148373
M2501763,1.065314,0.931104
M2501764,4.209270,1.286570
W2501765,-1.441461,0.781109
M2501766,-3.358700,0.256152
M2501767,-2.295893,1.546514
M2501768,-3.365189,0.137801
M2501769,-3.650094,-2.043742
W2501770,-1.242202,0.528855
M2501771,-3.124682,-1.392822
M2501772,-0.204868,-0.421109
M2501773,-2.027168,-0.028596
W2501774,-0.300761,2.185710
W2501775,-1.322166,3.184020
M2501776,0.054074,1.113051
M2501777,4.681963,-1.817462
M2501778,0.082977,-0.205635
M2501779,-0.043841,2.537282
W2501780,3.147157,-0.170802
W2501781,-3.159936,1.348552
M2501782,2.195268,2.025512
W2501783,-0.009314,-1.505581
W2501784,0.494100,0.660255
M2501785,2.332408,0.742871
W2501786,-1.163719,1.660329
M2501787,0.933344,1.687174
W2501788,2.753258,1.206210
M2501789,3.028938,0.080229
M2501790,-1.789514,-0.494061
W2501791,-3.058488,2.231089
W2501792,-1.050269,1.526519
W2501793,-0.608995,2.154431
W2501794,0.737587,1.080825
M2501795,0.824822,1.046254
M2501796,0.369727,-2.191502
M2501797,0.482459,0.817277
W2501798,1.508268,0.730064
M2501799,0.825984,1.491138
W2501800,-0.791867,0.808193
W2501801,4.071424,0.715192
M2501802,0.100784,0.334104
W2501803,0.358480,0.523266
W2501804,4.006190,1.122302
W2501805,5.023710,0.556074
M2501806,-0.859844,-0.793116
W2501807,0.864849,0.117667
W2501808,0.475165,1.401678
W2501809,-0.265865,-0.216335
M2501810,-0.396770,-0.918526
W2501811,2.556311,-0.102654
M2501812,-2.332839,1.065703
W2501813,1.137213,0.432971
W2501814,2.510730,1.283668
M2501815,4.294078,1.096310
M2501816,0.386236,0.647047
M2501817,-0.245769,1.415247
W2501818,-1.553326,1.188339
W2501819,2.103491,-0.469400
M2501820,1.241917,-0.364638
M2501821,-1.716196,1.572726
M2501822,2.998802,-2.504874
M2501823,1.571023,3.145122
M2501824,-3.847208,-0.631268
M2501825,-2.094414,0.239809
W2501826,-0.632317,-0.154647
W2501827,-2.604105,0.288725
M2501828,-2.444261,-0.466585
W2501829,-3.157339,0.788947
M2501830,-0.596571,-1.398617
W2501831,2.489619,-1.403804
M2501832,-0.340471,-0.420406
M2501833,1.722358,0.784435
M2501834,1.608291,-1.063953
W2501835,-1.209024,-0.412616
W2501836,0.991278,-1.561545
W2501837,0.868707,2.301909
W2501838,-3.327263,-0.130037
M2501839,4.158199,-2.188562
M2501840,3.603280,0.203685
M2501841,2.259214,3.246274
W2501842,0.992404,2.337247
W2501843,-2.034190,0.482194
M2501844,1.072848,-2.369439
W2501845,1.043665,-2.471808
W2501846,1.824266,2.136733
M2501847,-0.350783,2.443166
M2501848,1.847928,-0.865168
W2501849,-0.069037,1.436907
W2501850,1.468642,1.468887
W2501851,1.664448,0.602050
W2501852,0.776178,-0.877394
W2501853,1.684590,-1.116974
M2501854,1.073742,0.735343
M2501855,-2.926059,3.381318
M2501856,-2.655067,2.897562
W2501857,2.040013,0.796429
M2501858,-1.818157,3.370219
W2501859,-0.692751,4.154871
M2501860,-0.005708,2.861214
W2501861,1.845356,0.118553
W2501862,2.300551,1.604615
M2501863,1.371933,0.317228
M2501864,0.893678,-0.376269
W2501865,-0.336835,-0.212677
M2501866,-1.782962,-0.220554
W2501867,0.184478,-0.608832
W2501868,0.811799,0.600935
M2501869,3.000663,-0.496546
W2501870,-1.259099,-0.112663
W2501871,-0.277963,-0.204709
M2501872,3.190094,-0.355917
W2501873,2.977951,0.359655
M2501874,1.090092,-0.672949
M2501875,0.199061,0.300882
M2501876,-1.172243,0.581314
W2501877,1.560387,-0.344090
M2501878,-1.333152,2.231461
W2501879,-0.346263,1.387279
M2501880,0.463829,1.784242
W2501881,0.825792,1.189785
W2501882,2.441453,0.024550
W2501883,5.489888,-0.396532
W2501884,0.503019,-0.475789
W2501885,-0.121255,1.645521
M2501886,0.983289,0.518848
W2501887,-0.541882,2.209848
M2501888,3.824313,-1.294321
W2501889,1.522211,0.408005
W2501890,3.596084,-3.445438
M2501891,3.075476,0.574182
M2501892,-0.198159,-1.443957
W2501893,-0.111525,1.311844
W2501894,0.311732,-0.984831
W2501895,-2.455207,-0.058749
W2501896,1.209063,-1.056463
