id,sire,dam,sex,birth_year
R13001,0,0,M,2013
R13002,0,0,M,2013
R13003,0,0,M,2013
R13004,0,0,M,2013
R13005,0,0,M,2013
R13006,0,0,M,2013
E11001,0,0,F,2011
E12002,0,0,F,2012
E13003,0,0,F,2013
E14004,0,0,F,2014
E15005,0,0,F,2015
E11006,0,0,F,2011
E12007,0,0,F,2012
E13008,0,0,F,2013
E14009,0,0,F,2014
E15010,0,0,F,2015
E11011,0,0,F,2011
E12012,0,0,F,2012
E13013,0,0,F,2013
E14014,0,0,F,2014
E15015,0,0,F,2015
E11016,0,0,F,2011
E12017,0,0,F,2012
E13018,0,0,F,2013
E14019,0,0,F,2014
E15020,0,0,F,2015
E11021,0,0,F,2011
E12022,0,0,F,2012
E13023,0,0,F,2013
E14024,0,0,F,2014
E15025,0,0,F,2015
E11026,0,0,F,2011
E12027,0,0,F,2012
E13028,0,0,F,2013
E14029,0,0,F,2014
E15030,0,0,F,2015
E11031,0,0,F,2011
E12032,0,0,F,2012
E13033,0,0,F,2013
E14034,0,0,F,2014
E15035,0,0,F,2015
E11036,0,0,F,2011
E12037,0,0,F,2012
E13038,0,0,F,2013
E14039,0,0,F,2014
E15040,0,0,F,2015
E11041,0,0,F,2011
E12042,0,0,F,2012
E13043,0,0,F,2013
E14044,0,0,F,2014
E15045,0,0,F,2015
E11046,0,0,F,2011
E12047,0,0,F,2012
E13048,0,0,F,2013
E14049,0,0,F,2014
E15050,0,0,F,2015
E11051,0,0,F,2011
E12052,0,0,F,2012
E13053,0,0,F,2013
E14054,0,0,F,2014
E15055,0,0,F,2015
E11056,0,0,F,2011
E12057,0,0,F,2012
E13058,0,0,F,2013
E14059,0,0,F,2014
E15060,0,0,F,2015
E11061,0,0,F,2011
E12062,0,0,F,2012
E13063,0,0,F,2013
E14064,0,0,F,2014
E15065,0,0,F,2015
E11066,0,0,F,2011
E12067,0,0,F,2012
E13068,0,0,F,2013
E14069,0,0,F,2014
E15070,0,0,F,2015
E11071,0,0,F,2011
E12072,0,0,F,2012
E13073,0,0,F,2013
E14074,0,0,F,2014
E15075,0,0,F,2015
E11076,0,0,F,2011
E12077,0,0,F,2012
E13078,0,0,F,2013
E14079,0,0,F,2014
E15080,0,0,F,2015
E11081,0,0,F,2011
E12082,0,0,F,2012
E13083,0,0,F,2013
E14084,0,0,F,2014
E15085,0,0,F,2015
E11086,0,0,F,2011
E12087,0,0,F,2012
E13088,0,0,F,2013
E14089,0,0,F,2014
E15090,0,0,F,2015
E11091,0,0,F,2011
E12092,0,0,F,2012
E13093,0,0,F,2013
E14094,0,0,F,2014
E15095,0,0,F,2015
E11096,0,0,F,2011
E12097,0,0,F,2012
E13098,0,0,F,2013
E14099,0,0,F,2014
E15100,0,0,F,2015
E11101,0,0,F,2011
E12102,0,0,F,2012
E13103,0,0,F,2013
E14104,0,0,F,2014
E15105,0,0,F,2015
E11106,0,0,F,2011
E12107,0,0,F,2012
E13108,0,0,F,2013
E14109,0,0,F,2014
E15110,0,0,F,2015
E11111,0,0,F,2011
E12112,0,0,F,2012
E13113,0,0,F,2013
E14114,0,0,F,2014
E15115,0,0,F,2015
E11116,0,0,F,2011
E12117,0,0,F,2012
E13118,0,0,F,2013
E14119,0,0,F,2014
E15120,0,0,F,2015
E11121,0,0,F,2011
E12122,0,0,F,2012
E13123,0,0,F,2013
E14124,0,0,F,2014
E15125,0,0,F,2015
E11126,0,0,F,2011
E12127,0,0,F,2012
E13128,0,0,F,2013
E14129,0,0,F,2014
E15130,0,0,F,2015
E11131,0,0,F,2011
E12132,0,0,F,2012
E13133,0,0,F,2013
E14134,0,0,F,2014
E15135,0,0,F,2015
E11136,0,0,F,2011
E12137,0,0,F,2012
E13138,0,0,F,2013
E14139,0,0,F,2014
E15140,0,0,F,2015
E11141,0,0,F,2011
E12142,0,0,F,2012
E13143,0,0,F,2013
E14144,0,0,F,2014
E15145,0,0,F,2015
E11146,0,0,F,2011
E12147,0,0,F,2012
E13148,0,0,F,2013
E14149,0,0,F,2014
E15150,0,0,F,2015
P16A1,UPG:A_16_19,UPG:A_16_19,M,2014
P16A2,UPG:A_16_19,UPG:A_16_19,M,2014
P16B3,UPG:B,UPG:B,M,2014
L160001,R13006,E11001,M,2016
L160002,P16A1,E11006,M,2016
L160003,R13004,E11011,M,2016
L160004,P16B3,E11016,M,2016
L160005,R13006,E11021,F,2016
L160006,P16A1,E11026,F,2016
L160007,R13006,E11031,F,2016
L160008,P16A1,E11036,F,2016
L160009,R13004,E11041,F,2016
L160010,R13006,E11046,F,2016
L160011,R13003,E11051,M,2016
L160012,R13001,E11056,F,2016
L160013,P16A2,E11061,F,2016
L160014,P16A1,E11066,F,2016
L160015,R13001,E11071,M,2016
L160016,R13002,E11076,F,2016
L160017,P16A1,E11081,F,2016
L160018,R13004,E11086,M,2016
L160019,R13006,E11091,M,2016
L160020,R13005,E11096,F,2016
L160021,R13003,E11101,M,2016
L160022,P16A1,E11106,M,2016
L160023,R13002,E11111,F,2016
L160024,P16B3,E11116,F,2016
L160025,R13006,E11121,M,2016
L160026,P16A1,E11126,M,2016
L160027,R13003,E11131,M,2016
L160028,R13005,E11136,M,2016
L160029,R13006,E11141,F,2016
L160030,R13001,E11146,M,2016
L160031,R13001,E12002,M,2016
L160032,R13001,E12007,F,2016
L160033,R13004,E12012,F,2016
L160034,R13005,E12017,F,2016
L160035,R13001,E12022,M,2016
L160036,P16B3,E12027,F,2016
L160037,R13001,E12032,F,2016
L160038,P16A2,E12037,M,2016
L160039,R13004,E12042,M,2016
L160040,P16B3,E12047,F,2016
L160041,P16A1,E12052,M,2016
L160042,P16A1,E12057,M,2016
L160043,P16A2,E12062,M,2016
L160044,R13001,E12067,M,2016
L160045,P16A2,E12072,M,2016
L160046,R13003,E12077,M,2016
L160047,R13006,E12082,F,2016
L160048,P16A2,E12087,M,2016
L160049,P16A1,E12092,M,2016
L160050,R13005,E12097,F,2016
L160051,P16A1,E12102,F,2016
L160052,R13005,E12107,M,2016
L160053,R13003,E12112,M,2016
L160054,R13001,E12117,F,2016
L160055,P16B3,E12122,F,2016
L160056,R13005,E12127,M,2016
L160057,P16A1,E12132,F,2016
L160058,R13006,E12137,F,2016
L160059,P16A2,E12142,M,2016
L160060,P16A2,E12147,F,2016
L160061,R13004,E13003,M,2016
L160062,P16A1,E13008,F,2016
L160063,R13004,E13013,F,2016
L160064,P16A2,E13018,F,2016
L160065,P16B3,E13023,F,2016
L160066,R13005,E13028,M,2016
L160067,R13006,E13033,F,2016
L160068,P16A2,E13038,M,2016
L160069,R13001,E13043,M,2016
L160070,R13006,E13048,M,2016
L160071,P16B3,E13053,M,2016
L160072,R13005,E13058,M,2016
L160073,R13005,E13063,M,2016
L160074,P16A2,E13068,F,2016
L160075,R13006,E13073,F,2016
L160076,P16A1,E13078,F,2016
L160077,R13006,E13083,F,2016
L160078,P16A2,E13088,F,2016
L160079,R13001,E13093,M,2016
L160080,P16A1,E13098,F,2016
L160081,P16A2,E13103,F,2016
L160082,R13004,E13108,M,2016
L160083,R13004,E13113,F,2016
L160084,R13006,E13118,F,2016
L160085,R13004,E13123,F,2016
L160086,R13001,E13128,F,2016
L160087,P16A1,E13133,M,2016
L160088,P16B3,E13138,F,2016
L160089,R13004,E13143,F,2016
L160090,R13004,E13148,M,2016
L160091,R13006,E14004,M,2016
L160092,P16A2,E14009,F,2016
L160093,R13004,E14014,F,2016
L160094,R13001,E14019,F,2016
L160095,R13005,E14024,F,2016
L160096,R13005,E14029,M,2016
L160097,R13004,E14034,M,2016
L160098,P16A2,E14039,M,2016
L160099,P16A1,E14044,F,2016
L160100,R13001,E14049,F,2016
L160101,R13006,E14054,F,2016
L160102,R13001,E14059,M,2016
L160103,P16A1,E14064,M,2016
L160104,R13006,E14069,F,2016
L160105,R13002,E14074,F,2016
L160106,P16A2,E14079,M,2016
L160107,P16A1,E14084,M,2016
L160108,R13003,E14089,F,2016
L160109,R13004,E14094,M,2016
L160110,R13001,E14099,M,2016
L160111,P16A2,E14104,F,2016
L160112,R13005,E14109,M,2016
L160113,P16A2,E14114,M,2016
L160114,R13006,E14119,F,2016
L160115,R13006,E14124,M,2016
L160116,P16A2,E14129,F,2016
L160117,P16A1,E14134,M,2016
L160118,R13003,E14139,F,2016
L160119,R13002,E14144,M,2016
L160120,R13002,E14149,F,2016
L160121,P16A1,E15005,M,2016
L160122,R13004,E15010,F,2016
L160123,R13002,E15015,F,2016
L160124,R13003,E15020,F,2016
L160125,R13002,E15025,M,2016
L160126,R13005,E15030,M,2016
L160127,R13003,E15035,F,2016
L160128,R13001,E15040,M,2016
L160129,R13005,E15045,F,2016
L160130,R13005,E15050,M,2016
L160131,R13005,E15055,F,2016
L160132,R13005,E15060,F,2016
L160133,R13001,E15065,M,2016
L160134,P16A1,E15070,F,2016
L160135,P16A1,E15075,M,2016
L160136,R13003,E15080,F,2016
L160137,R13005,E15085,M,2016
L160138,R13001,E15090,M,2016
L160139,R13006,E15095,F,2016
L160140,R13002,E15100,M,2016
L160141,P16A1,E15105,M,2016
L160142,R13006,E15110,M,2016
L160143,R13002,E15115,F,2016
L160144,R13004,E15120,F,2016
L160145,R13003,E15125,M,2016
L160146,P16A1,E15130,F,2016
L160147,R13003,E15135,M,2016
L160148,R13001,E15140,M,2016
L160149,R13003,E15145,F,2016
L160150,R13004,E15150,F,2016
P17A1,UPG:A_16_19,UPG:A_16_19,M,2015
P17A2,UPG:A_16_19,UPG:A_16_19,M,2015
P17B3,UPG:B,UPG:B,M,2015
L170001,P16A2,E11001,M,2017
L170002,P17A2,E11011,M,2017
L170003,P16A1,E11016,M,2017
L170004,P17B3,E11021,M,2017
L170005,P17A1,E11026,M,2017
L170006,P16A1,E11031,M,2017
L170007,P17B3,E11036,M,2017
L170008,P17A1,E11041,M,2017
L170009,P16A1,E11046,F,2017
L170010,P17A2,E11051,F,2017
L170011,P17B3,E11056,F,2017
L170012,P16B3,E11061,F,2017
L170013,P16A2,E11066,F,2017
L170014,P16A2,E11076,F,2017
L170015,P16B3,E11081,M,2017
L170016,P17B3,E11086,M,2017
L170017,P16A2,E11091,F,2017
L170018,P16B3,E11096,F,2017
L170019,P16A1,E11101,F,2017
L170020,P17A1,E11106,M,2017
L170021,P16A1,E11111,M,2017
L170022,P17A2,E11116,F,2017
L170023,P17A2,E11121,M,2017
L170024,P17B3,E11126,F,2017
L170025,P17A2,E11131,F,2017
L170026,P17A1,E11136,F,2017
L170027,P16B3,E11141,M,2017
L170028,P17B3,E11146,F,2017
L170029,P16A2,E12002,M,2017
L170030,P16A2,E12007,F,2017
L170031,P16B3,E12012,F,2017
L170032,P16B3,E12017,M,2017
L170033,P17B3,E12022,F,2017
L170034,P17A2,E12027,M,2017
L170035,P16A1,E12032,M,2017
L170036,P17B3,E12037,M,2017
L170037,P17A1,E12042,F,2017
L170038,P17A2,E12047,M,2017
L170039,P16B3,E12057,F,2017
L170040,P16B3,E12062,M,2017
L170041,P17A1,E12067,M,2017
L170042,P17A1,E12072,M,2017
L170043,P16B3,E12077,F,2017
L170044,P17B3,E12082,F,2017
L170045,P17A2,E12087,F,2017
L170046,P16A1,E12097,F,2017
L170047,P17B3,E12102,M,2017
L170048,P16A2,E12112,F,2017
L170049,P16A2,E12127,M,2017
L170050,P16B3,E12132,F,2017
L170051,P17A2,E12137,M,2017
L170052,P17B3,E12142,F,2017
L170053,P17A1,E12147,F,2017
L170054,P16B3,E13003,M,2017
L170055,P17A2,E13008,F,2017
L170056,P17A1,E13013,F,2017
L170057,P17A2,E13018,F,2017
L170058,P16A1,E13023,M,2017
L170059,P17B3,E13028,M,2017
L170060,P17A1,E13033,F,2017
L170061,P17A1,E13038,F,2017
L170062,P17B3,E13043,F,2017
L170063,P16A2,E13048,M,2017
L170064,P17A1,E13053,M,2017
L170065,P16B3,E13063,M,2017
L170066,P16A2,E13068,F,2017
L170067,P16A2,E13073,F,2017
L170068,P16A1,E13078,F,2017
L170069,P16B3,E13083,F,2017
L170070,P17A1,E13088,M,2017
L170071,P17B3,E13093,M,2017
L170072,P16A1,E13103,F,2017
L170073,P17A1,E13113,M,2017
L170074,P17B3,E13118,M,2017
L170075,P17A1,E13128,M,2017
L170076,P17A1,E13133,F,2017
L170077,P16B3,E13143,F,2017
L170078,P16A2,E13148,F,2017
L170079,P16A2,E14004,M,2017
L170080,P16A2,E14009,F,2017
L170081,P16A2,E14014,F,2017
L170082,P17A1,E14019,M,2017
L170083,P17A1,E14024,F,2017
L170084,P16A1,E14029,F,2017
L170085,P17A1,E14039,F,2017
L170086,P16A1,E14044,F,2017
L170087,P16A1,E14049,F,2017
L170088,P17A2,E14054,M,2017
L170089,P17A1,E14059,M,2017
L170090,P16A1,E14069,F,2017
L170091,P16A2,E14074,F,2017
L170092,P17B3,E14079,F,2017
L170093,P17B3,E14084,F,2017
L170094,P17A2,E14089,F,2017
L170095,P16A2,E14094,F,2017
L170096,P16B3,E14104,F,2017
L170097,P17B3,E14109,F,2017
L170098,P16A2,E14114,M,2017
L170099,P16B3,E14119,M,2017
L170100,P16A2,E14124,M,2017
L170101,P16B3,E14129,F,2017
L170102,P17B3,E14139,M,2017
L170103,P16B3,E14144,F,2017
L170104,P17A2,E14149,F,2017
L170105,P17B3,E15010,M,2017
L170106,P16A2,E15015,F,2017
L170107,P17B3,E15025,F,2017
L170108,P17A2,E15030,F,2017
L170109,P16B3,E15035,F,2017
L170110,P17B3,E15040,F,2017
L170111,P17A1,E15045,M,2017
L170112,P17A1,E15050,M,2017
L170113,P16A1,E15055,F,2017
L170114,P17B3,E15060,M,2017
L170115,P17B3,E15065,M,2017
L170116,P16B3,E15070,F,2017
L170117,P17B3,E15075,F,2017
L170118,P17A1,E15080,M,2017
L170119,P17B3,E15085,F,2017
L170120,P16B3,E15090,F,2017
L170121,P16B3,E15095,F,2017
L170122,P17A1,E15100,M,2017
L170123,P17B3,E15115,F,2017
L170124,P16B3,E15120,F,2017
L170125,P17A1,E15125,M,2017
L170126,P16A1,E15130,F,2017
L170127,P17A2,E15135,F,2017
L170128,P17A2,E15140,M,2017
L170129,P16B3,E15145,F,2017
L170130,P16A2,E15150,M,2017
L170131,P16A1,L160005,F,2017
L170132,P16A2,L160006,F,2017
L170133,P16B3,L160009,F,2017
L170134,P16A1,L160010,F,2017
L170135,P16A2,L160017,M,2017
L170136,P17A2,L160023,F,2017
L170137,P16A1,L160034,F,2017
L170138,P16A1,L160050,M,2017
L170139,P17A1,L160064,F,2017
L170140,P17A2,L160077,M,2017
L170141,P17B3,L160084,F,2017
L170142,P16B3,L160086,M,2017
L170143,P16A2,L160088,F,2017
L170144,P16A1,L160095,F,2017
L170145,P16A2,L160108,F,2017
L170146,P16B3,L160114,F,2017
L170147,P17A2,L160118,F,2017
L170148,P17B3,L160129,F,2017
L170149,P17A2,L160131,M,2017
L170150,P17A2,L160139,F,2017
P18A1,UPG:A_16_19,UPG:A_16_19,M,2016
P18A2,UPG:A_16_19,UPG:A_16_19,M,2016
P18B3,UPG:B,UPG:B,M,2016
L180001,P17A1,E12002,M,2018
L180002,P17B3,E12007,F,2018
L180003,P17A2,E12012,M,2018
L180004,P18A2,E12017,M,2018
L180005,P18A2,E12022,F,2018
L180006,P17A1,E12027,M,2018
L180007,P17B3,E12032,F,2018
L180008,P17A1,E12037,M,2018
L180009,P18B3,E12042,F,2018
L180010,P17A1,E12047,M,2018
L180011,P18A1,E12057,F,2018
L180012,P17A2,E12062,M,2018
L180013,P17A1,E12067,M,2018
L180014,P18B3,E12072,F,2018
L180015,P18A2,E12077,M,2018
L180016,P18A1,E12082,M,2018
L180017,P18A1,E12087,F,2018
L180018,P18A2,E12097,M,2018
L180019,P17A1,E12102,F,2018
L180020,P18A1,E12112,F,2018
L180021,P18A2,E12127,M,2018
L180022,P17B3,E12132,F,2018
L180023,P17A2,E12137,F,2018
L180024,P17A1,E12142,F,2018
L180025,P18A2,E12147,M,2018
L180026,P17A2,E13003,F,2018
L180027,P17A2,E13008,M,2018
L180028,P17B3,E13013,M,2018
L180029,P18B3,E13023,M,2018
L180030,P18A2,E13028,F,2018
L180031,P17B3,E13033,M,2018
L180032,P17A2,E13038,M,2018
L180033,P17A2,E13043,F,2018
L180034,P18A2,E13048,F,2018
L180035,P18B3,E13053,F,2018
L180036,P18B3,E13063,M,2018
L180037,P17B3,E13068,F,2018
L180038,P18A2,E13073,M,2018
L180039,P17B3,E13078,F,2018
L180040,P18B3,E13083,M,2018
L180041,P17B3,E13088,M,2018
L180042,P18A2,E13103,F,2018
L180043,P18A2,E13113,F,2018
L180044,P18A1,E13118,F,2018
L180045,P18A1,E13128,F,2018
L180046,P17A2,E13133,F,2018
L180047,P18B3,E13143,F,2018
L180048,P18A1,E14004,F,2018
L180049,P18B3,E14014,M,2018
L180050,P18A2,E14019,M,2018
L180051,P17B3,E14024,M,2018
L180052,P18A1,E14029,F,2018
L180053,P18A1,E14039,F,2018
L180054,P17A1,E14044,M,2018
L180055,P18B3,E14049,F,2018
L180056,P17A2,E14054,M,2018
L180057,P18A2,E14069,M,2018
L180058,P17A1,E14074,F,2018
L180059,P17A1,E14084,F,2018
L180060,P18A1,E14089,M,2018
L180061,P18A1,E14094,M,2018
L180062,P17A2,E14104,M,2018
L180063,P17A2,E14109,F,2018
L180064,P18A1,E14114,F,2018
L180065,P17A1,E14119,M,2018
L180066,P17A2,E14139,F,2018
L180067,P17B3,E14144,M,2018
L180068,P18B3,E14149,M,2018
L180069,P18B3,E15025,M,2018
L180070,P18B3,E15030,M,2018
L180071,P18B3,E15035,M,2018
L180072,P18A1,E15040,F,2018
L180073,P18A2,E15045,F,2018
L180074,P17B3,E15050,M,2018
L180075,P18B3,E15055,F,2018
L180076,P18A2,E15060,M,2018
L180077,P17A1,E15065,M,2018
L180078,P17A1,E15080,F,2018
L180079,P18A2,E15085,F,2018
L180080,P17A2,E15090,F,2018
L180081,P18A1,E15100,F,2018
L180082,P18A2,E15115,F,2018
L180083,P17A2,E15125,M,2018
L180084,P17A2,E15130,M,2018
L180085,P18A2,E15135,M,2018
L180086,P18A1,E15140,F,2018
L180087,P18B3,E15145,M,2018
L180088,P17A2,L160005,F,2018
L180089,P18B3,L160006,F,2018
L180090,P17A2,L160009,F,2018
L180091,P17A1,L160010,F,2018
L180092,P17A2,L160023,M,2018
L180093,P18B3,L160034,M,2018
L180094,P17A1,L160050,F,2018
L180095,P17A1,L160064,F,2018
L180096,P17B3,L160077,M,2018
L180097,P18A2,L160084,M,2018
L180098,P17A2,L160086,F,2018
L180099,P17A1,L160088,F,2018
L180100,P18A1,L160095,M,2018
L180101,P18B3,L160108,M,2018
L180102,P18A1,L160114,M,2018
L180103,P17A1,L160118,F,2018
L180104,P17B3,L160129,F,2018
L180105,P18B3,L160131,M,2018
L180106,P17A2,L170010,F,2018
L180107,P17B3,L170011,F,2018
L180108,P17B3,L170013,M,2018
L180109,P17A2,L170014,F,2018
L180110,P17B3,L170017,M,2018
L180111,P17B3,L170018,M,2018
L180112,P18B3,L170019,M,2018
L180113,P17A2,L170022,F,2018
L180114,P18B3,L170028,M,2018
L180115,P18A2,L170043,M,2018
L180116,P18A2,L170045,M,2018
L180117,P18A1,L170046,M,2018
L180118,P18A1,L170050,F,2018
L180119,P17B3,L170055,F,2018
L180120,P17A1,L170056,F,2018
L180121,P17A1,L170061,M,2018
L180122,P17A2,L170062,F,2018
L180123,P17B3,L170080,M,2018
L180124,P17A1,L170081,M,2018
L180125,P17A2,L170083,F,2018
L180126,P17A2,L170084,M,2018
L180127,P17B3,L170086,M,2018
L180128,P18A2,L170087,M,2018
L180129,P18A1,L170090,M,2018
L180130,P18A1,L170091,M,2018
L180131,P17A1,L170094,M,2018
L180132,P18A1,L170095,F,2018
L180133,P18A1,L170096,F,2018
L180134,P17A1,L170097,M,2018
L180135,P17A1,L170101,M,2018
L180136,P17A2,L170104,F,2018
L180137,P18B3,L170106,F,2018
L180138,P17A1,L170108,M,2018
L180139,P18B3,L170110,F,2018
L180140,P18A1,L170119,F,2018
L180141,P18A1,L170120,M,2018
L180142,P18A1,L170121,M,2018
L180143,P18B3,L170123,M,2018
L180144,P18B3,L170124,M,2018
L180145,P18A1,L170127,M,2018
L180146,P17B3,L170139,M,2018
L180147,P18B3,L170143,F,2018
L180148,P18B3,L170144,F,2018
L180149,P17A2,L170145,M,2018
L180150,P17B3,L170146,M,2018
P19A1,UPG:A_16_19,UPG:A_16_19,M,2017
P19A2,UPG:A_16_19,UPG:A_16_19,M,2017
P19B3,UPG:B,UPG:B,M,2017
L190001,P19A1,E13003,F,2019
L190002,P18B3,E13023,M,2019
L190003,P19A2,E13028,M,2019
L190004,P19B3,E13033,M,2019
L190005,P18B3,E13038,F,2019
L190006,P19A1,E13043,M,2019
L190007,P18A1,E13048,M,2019
L190008,P19A1,E13053,M,2019
L190009,P19A1,E13063,M,2019
L190010,P19A1,E13078,M,2019
L190011,P18A2,E13083,F,2019
L190012,P18A2,E13088,F,2019
L190013,P19A1,E13113,M,2019
L190014,P19A1,E13118,F,2019
L190015,P18A2,E13128,F,2019
L190016,P18B3,E13143,F,2019
L190017,P19A2,E14019,M,2019
L190018,P19A2,E14024,M,2019
L190019,P18A2,E14029,F,2019
L190020,P19B3,E14039,M,2019
L190021,P19A1,E14044,F,2019
L190022,P18A2,E14069,M,2019
L190023,P19B3,E14074,M,2019
L190024,P19A1,E14084,F,2019
L190025,P19A1,E14089,M,2019
L190026,P18A2,E14094,F,2019
L190027,P19A2,E14104,M,2019
L190028,P19A2,E14109,F,2019
L190029,P19A1,E14114,M,2019
L190030,P19B3,E14119,F,2019
L190031,P19A2,E14139,F,2019
L190032,P18A1,E14144,F,2019
L190033,P19A1,E14149,M,2019
L190034,P19B3,E15025,F,2019
L190035,P19A1,E15030,F,2019
L190036,P18B3,E15035,F,2019
L190037,P18B3,E15040,M,2019
L190038,P19A2,E15045,F,2019
L190039,P19A2,E15050,F,2019
L190040,P18A2,E15055,M,2019
L190041,P18A1,E15060,M,2019
L190042,P19B3,E15065,M,2019
L190043,P18A2,E15080,F,2019
L190044,P18A1,E15085,F,2019
L190045,P19A1,E15090,F,2019
L190046,P18B3,E15100,F,2019
L190047,P19A1,E15115,M,2019
L190048,P19A1,E15125,F,2019
L190049,P19B3,E15130,F,2019
L190050,P18B3,E15140,F,2019
L190051,P18A2,E15145,M,2019
L190052,P19B3,L160006,M,2019
L190053,P18A1,L160009,F,2019
L190054,P18A2,L160010,F,2019
L190055,P19A1,L160023,F,2019
L190056,P18B3,L160050,F,2019
L190057,P18A2,L160064,F,2019
L190058,P18A2,L160077,F,2019
L190059,P19A2,L160084,F,2019
L190060,P19B3,L160086,M,2019
L190061,P19A2,L160088,F,2019
L190062,P18A1,L160095,M,2019
L190063,P18B3,L160114,M,2019
L190064,P18B3,L160118,M,2019
L190065,P19A2,L160131,F,2019
L190066,P18B3,L170010,F,2019
L190067,P19A1,L170013,M,2019
L190068,P19A2,L170014,F,2019
L190069,P18A2,L170017,M,2019
L190070,P19B3,L170018,F,2019
L190071,P19A1,L170019,M,2019
L190072,P19B3,L170022,M,2019
L190073,P19B3,L170028,F,2019
L190074,P18A2,L170043,M,2019
L190075,P19B3,L170045,F,2019
L190076,P19A1,L170046,F,2019
L190077,P19A2,L170056,F,2019
L190078,P18A2,L170061,M,2019
L190079,P18B3,L170062,F,2019
L190080,P18A1,L170080,F,2019
L190081,P18A1,L170081,F,2019
L190082,P18A2,L170083,F,2019
L190083,P19A2,L170084,F,2019
L190084,P19B3,L170087,M,2019
L190085,P18B3,L170090,M,2019
L190086,P19B3,L170091,M,2019
L190087,P19A1,L170094,F,2019
L190088,P19A1,L170095,F,2019
L190089,P18B3,L170096,F,2019
L190090,P19A1,L170097,F,2019
L190091,P19A2,L170101,M,2019
L190092,P18B3,L170104,F,2019
L190093,P19B3,L170106,F,2019
L190094,P19B3,L170108,M,2019
L190095,P18A2,L170119,F,2019
L190096,P18A2,L170120,M,2019
L190097,P19A2,L170121,M,2019
L190098,P19A1,L170123,F,2019
L190099,P19A1,L170124,F,2019
L190100,P19B3,L170127,M,2019
L190101,P19B3,L170139,M,2019
L190102,P19A1,L170144,M,2019
L190103,P18A1,L170145,M,2019
L190104,P18A2,L170146,F,2019
L190105,P19B3,L180002,M,2019
L190106,P18A1,L180005,F,2019
L190107,P19B3,L180007,M,2019
L190108,P18B3,L180014,F,2019
L190109,P19A2,L180019,M,2019
L190110,P19B3,L180022,F,2019
L190111,P18A1,L180024,F,2019
L190112,P19B3,L180030,M,2019
L190113,P18A1,L180034,M,2019
L190114,P18A2,L180035,F,2019
L190115,P18A2,L180039,F,2019
L190116,P19B3,L180042,F,2019
L190117,P18A2,L180043,F,2019
L190118,P18B3,L180045,M,2019
L190119,P18A2,L180046,M,2019
L190120,P18A2,L180048,F,2019
L190121,P18A2,L180058,F,2019
L190122,P18A1,L180063,F,2019
L190123,P18B3,L180064,M,2019
L190124,P18A1,L180066,F,2019
L190125,P18A1,L180072,M,2019
L190126,P18A2,L180073,F,2019
L190127,P18A1,L180079,M,2019
L190128,P18B3,L180080,F,2019
L190129,P19A1,L180082,F,2019
L190130,P19A2,L180088,M,2019
L190131,P19A2,L180089,F,2019
L190132,P19B3,L180090,M,2019
L190133,P19A1,L180091,M,2019
L190134,P19B3,L180094,F,2019
L190135,P18A1,L180095,M,2019
L190136,P19A1,L180098,M,2019
L190137,P18A2,L180104,F,2019
L190138,P19B3,L180107,F,2019
L190139,P19A1,L180109,M,2019
L190140,P18B3,L180113,F,2019
L190141,P18A2,L180118,M,2019
L190142,P18B3,L180119,F,2019
L190143,P18A2,L180122,F,2019
L190144,P19A2,L180125,M,2019
L190145,P19B3,L180132,F,2019
L190146,P18A1,L180133,F,2019
L190147,P19B3,L180136,M,2019
L190148,P19B3,L180137,M,2019
L190149,P19B3,L180140,F,2019
L190150,P19A1,L180147,F,2019
P20A1,UPG:A_20_24,UPG:A_20_24,M,2018
P20A2,UPG:A_20_24,UPG:A_20_24,M,2018
P20B3,UPG:B,UPG:B,M,2018
L200001,P20A2,E14019,F,2020
L200002,P19B3,E14024,F,2020
L200003,P20A1,E14029,F,2020
L200004,P19A2,E14044,M,2020
L200005,P19B3,E14069,F,2020
L200006,P20A2,E14074,F,2020
L200007,P20A2,E14084,M,2020
L200008,P20B3,E14094,M,2020
L200009,P20A2,E14104,F,2020
L200010,P20B3,E14109,F,2020
L200011,P19A2,E14114,M,2020
L200012,P19B3,E14119,F,2020
L200013,P20A2,E14139,M,2020
L200014,P19A2,E14144,M,2020
L200015,P19A2,E14149,M,2020
L200016,P19B3,E15025,M,2020
L200017,P19A2,E15030,F,2020
L200018,P20A1,E15035,F,2020
L200019,P19A2,E15040,M,2020
L200020,P19A2,E15045,F,2020
L200021,P19A2,E15050,M,2020
L200022,P19B3,E15055,M,2020
L200023,P20A2,E15060,M,2020
L200024,P20A2,E15065,M,2020
L200025,P20A1,E15080,M,2020
L200026,P19A2,E15085,M,2020
L200027,P20B3,E15090,M,2020
L200028,P20A1,E15100,M,2020
L200029,P20B3,E15115,F,2020
L200030,P20A2,E15130,F,2020
L200031,P19A1,E15140,F,2020
L200032,P20A1,E15145,F,2020
L200033,P20A1,L160006,M,2020
L200034,P19A2,L160010,M,2020
L200035,P19A1,L160023,F,2020
L200036,P20A1,L160050,F,2020
L200037,P20A2,L160064,M,2020
L200038,P19B3,L160077,M,2020
L200039,P20B3,L160084,M,2020
L200040,P20A2,L160095,F,2020
L200041,P20B3,L160114,F,2020
L200042,P20A1,L160118,M,2020
L200043,P20B3,L170013,M,2020
L200044,P20A1,L170017,M,2020
L200045,P20B3,L170018,F,2020
L200046,P19A1,L170019,F,2020
L200047,P19A1,L170022,M,2020
L200048,P20A1,L170028,F,2020
L200049,P20B3,L170045,F,2020
L200050,P20A1,L170056,M,2020
L200051,P20A1,L170061,M,2020
L200052,P19A1,L170062,F,2020
L200053,P19A2,L170080,F,2020
L200054,P20A2,L170083,F,2020
L200055,P19B3,L170084,M,2020
L200056,P20A1,L170090,M,2020
L200057,P19A1,L170091,F,2020
L200058,P20B3,L170094,F,2020
L200059,P19A1,L170095,F,2020
L200060,P19B3,L170096,M,2020
L200061,P19A2,L170097,F,2020
L200062,P19A2,L170104,F,2020
L200063,P19B3,L170106,F,2020
L200064,P20A2,L170108,F,2020
L200065,P20B3,L170119,M,2020
L200066,P19A1,L170121,M,2020
L200067,P19A2,L170123,M,2020
L200068,P19A2,L170124,M,2020
L200069,P19A1,L170127,M,2020
L200070,P20A2,L170139,M,2020
L200071,P20A1,L170144,M,2020
L200072,P20B3,L170145,F,2020
L200073,P20A1,L170146,M,2020
L200074,P20A1,L180002,F,2020
L200075,P20A2,L180014,F,2020
L200076,P19A2,L180019,F,2020
L200077,P19A2,L180024,M,2020
L200078,P19A2,L180030,F,2020
L200079,P19A1,L180035,F,2020
L200080,P19A1,L180039,M,2020
L200081,P20A2,L180042,M,2020
L200082,P19B3,L180043,M,2020
L200083,P20B3,L180045,F,2020
L200084,P19A1,L180046,F,2020
L200085,P19B3,L180048,F,2020
L200086,P19B3,L180058,M,2020
L200087,P20A1,L180064,F,2020
L200088,P20B3,L180066,M,2020
L200089,P20B3,L180072,F,2020
L200090,P20A2,L180073,M,2020
L200091,P19B3,L180079,F,2020
L200092,P20A2,L180082,F,2020
L200093,P19A2,L180088,M,2020
L200094,P19A2,L180089,F,2020
L200095,P20A2,L180090,F,2020
L200096,P20A2,L180094,F,2020
L200097,P19A1,L180095,M,2020
L200098,P20A1,L180098,M,2020
L200099,P19A1,L180104,M,2020
L200100,P19A1,L180107,F,2020
L200101,P20A1,L180113,F,2020
L200102,P20A1,L180118,M,2020
L200103,P19A1,L180119,F,2020
L200104,P20A2,L180122,M,2020
L200105,P19A2,L180125,F,2020
L200106,P20B3,L180132,M,2020
L200107,P20A1,L180133,F,2020
L200108,P20A1,L180136,F,2020
L200109,P19A2,L180137,M,2020
L200110,P19A2,L180140,M,2020
L200111,P20B3,L180147,M,2020
L200112,P19A2,L190012,F,2020
L200113,P19A1,L190014,F,2020
L200114,P19A1,L190016,F,2020
L200115,P19A1,L190021,M,2020
L200116,P19B3,L190024,M,2020
L200117,P19A2,L190028,M,2020
L200118,P19A2,L190030,F,2020
L200119,P20A2,L190032,F,2020
L200120,P19B3,L190034,F,2020
L200121,P19B3,L190038,M,2020
L200122,P19A2,L190043,F,2020
L200123,P20B3,L190044,M,2020
L200124,P20A2,L190045,F,2020
L200125,P19B3,L190053,F,2020
L200126,P19A1,L190056,F,2020
L200127,P20A2,L190057,F,2020
L200128,P20A2,L190058,F,2020
L200129,P19B3,L190059,M,2020
L200130,P19A2,L190065,M,2020
L200131,P19B3,L190070,F,2020
L200132,P20A1,L190077,F,2020
L200133,P20B3,L190079,F,2020
L200134,P20A2,L190081,F,2020
L200135,P19A1,L190083,M,2020
L200136,P19A2,L190087,F,2020
L200137,P19B3,L190088,F,2020
L200138,P20A2,L190092,M,2020
L200139,P20B3,L190093,F,2020
L200140,P19A1,L190098,M,2020
L200141,P20B3,L190111,F,2020
L200142,P19B3,L190116,M,2020
L200143,P19A1,L190124,F,2020
L200144,P19A1,L190126,F,2020
L200145,P19A2,L190131,M,2020
L200146,P19A1,L190134,M,2020
L200147,P20B3,L190140,M,2020
L200148,P19A2,L190142,F,2020
L200149,P20A1,L190143,F,2020
L200150,P19A2,L190149,M,2020
P21A1,UPG:A_20_24,UPG:A_20_24,M,2019
P21A2,UPG:A_20_24,UPG:A_20_24,M,2019
P21B3,UPG:B,UPG:B,M,2019
L210001,P21B3,E15025,F,2021
L210002,P20A1,E15035,F,2021
L210003,P20A1,E15045,M,2021
L210004,P21A2,E15050,F,2021
L210005,P20B3,E15055,F,2021
L210006,P21A1,E15060,M,2021
L210007,P20B3,E15065,F,2021
L210008,P20A1,E15080,M,2021
L210009,P21A2,E15085,F,2021
L210010,P20A1,E15090,M,2021
L210011,P21A1,E15100,M,2021
L210012,P20A2,E15115,F,2021
L210013,P21B3,E15130,F,2021
L210014,P20A1,E15140,M,2021
L210015,P21A2,L160010,M,2021
L210016,P21B3,L160023,M,2021
L210017,P20A2,L160050,F,2021
L210018,P20A1,L160064,M,2021
L210019,P20A2,L160077,F,2021
L210020,P20A1,L160084,M,2021
L210021,P21A1,L160095,M,2021
L210022,P20A2,L160118,M,2021
L210023,P20A1,L170013,F,2021
L210024,P20B3,L170017,M,2021
L210025,P20A1,L170018,M,2021
L210026,P21B3,L170019,M,2021
L210027,P20A1,L170022,M,2021
L210028,P21A1,L170056,F,2021
L210029,P21A2,L170061,M,2021
L210030,P21B3,L170062,M,2021
L210031,P20A1,L170080,F,2021
L210032,P20A2,L170083,M,2021
L210033,P20A2,L170084,M,2021
L210034,P21B3,L170090,F,2021
L210035,P21A2,L170091,F,2021
L210036,P20B3,L170094,F,2021
L210037,P21B3,L170095,M,2021
L210038,P20A1,L170096,M,2021
L210039,P21A2,L170097,M,2021
L210040,P21B3,L170106,M,2021
L210041,P21A2,L170119,M,2021
L210042,P20A1,L170121,F,2021
L210043,P20B3,L170123,M,2021
L210044,P20A2,L170124,M,2021
L210045,P21A1,L170127,M,2021
L210046,P21A1,L170144,F,2021
L210047,P21A2,L170145,F,2021
L210048,P20A2,L170146,F,2021
L210049,P21A1,L180002,F,2021
L210050,P20B3,L180014,M,2021
L210051,P20B3,L180019,F,2021
L210052,P20A1,L180024,F,2021
L210053,P20B3,L180030,M,2021
L210054,P21B3,L180035,M,2021
L210055,P21B3,L180039,M,2021
L210056,P21A1,L180042,M,2021
L210057,P21A2,L180043,M,2021
L210058,P20B3,L180045,F,2021
L210059,P20B3,L180046,M,2021
L210060,P20B3,L180048,M,2021
L210061,P20A1,L180058,F,2021
L210062,P20A1,L180064,M,2021
L210063,P21B3,L180066,F,2021
L210064,P20A2,L180072,F,2021
L210065,P21A1,L180073,M,2021
L210066,P20A1,L180079,F,2021
L210067,P20A1,L180082,M,2021
L210068,P20B3,L180088,F,2021
L210069,P21A1,L180089,M,2021
L210070,P21B3,L180090,M,2021
L210071,P21B3,L180095,M,2021
L210072,P20B3,L180098,M,2021
L210073,P20A2,L180104,M,2021
L210074,P21B3,L180107,F,2021
L210075,P20A2,L180113,F,2021
L210076,P21A2,L180118,M,2021
L210077,P20A1,L180119,F,2021
L210078,P20B3,L180122,M,2021
L210079,P20B3,L180125,F,2021
L210080,P21A2,L180133,F,2021
L210081,P20B3,L180136,M,2021
L210082,P20A2,L180137,F,2021
L210083,P21B3,L180140,M,2021
L210084,P21A2,L180147,F,2021
L210085,P21A1,L190012,M,2021
L210086,P20B3,L190014,M,2021
L210087,P21A2,L190016,M,2021
L210088,P21B3,L190021,M,2021
L210089,P20A1,L190024,F,2021
L210090,P21B3,L190028,M,2021
L210091,P20A2,L190030,F,2021
L210092,P20A2,L190032,M,2021
L210093,P20B3,L190034,F,2021
L210094,P20A2,L190038,M,2021
L210095,P21B3,L190043,F,2021
L210096,P20A2,L190044,F,2021
L210097,P20A2,L190045,F,2021
L210098,P21A2,L190053,F,2021
L210099,P20B3,L190057,F,2021
L210100,P20B3,L190058,M,2021
L210101,P20B3,L190059,M,2021
L210102,P20A2,L190065,F,2021
L210103,P21A1,L190070,M,2021
L210104,P21A2,L190077,M,2021
L210105,P20A2,L190079,M,2021
L210106,P20B3,L190081,M,2021
L210107,P20A1,L190083,F,2021
L210108,P21A1,L190087,M,2021
L210109,P20A1,L190088,M,2021
L210110,P20A2,L190093,F,2021
L210111,P21B3,L190124,M,2021
L210112,P20A2,L190131,F,2021
L210113,P21A1,L190134,M,2021
L210114,P20B3,L190140,F,2021
L210115,P21B3,L190142,F,2021
L210116,P21B3,L190143,M,2021
L210117,P20A1,L190149,M,2021
L210118,P21A1,L200001,F,2021
L210119,P21A1,L200005,M,2021
L210120,P21A1,L200009,M,2021
L210121,P20A1,L200010,M,2021
L210122,P20A1,L200017,M,2021
L210123,P21A1,L200029,M,2021
L210124,P20B3,L200030,F,2021
L210125,P21A1,L200032,F,2021
L210126,P20A1,L200046,M,2021
L210127,P20B3,L200048,F,2021
L210128,P21A1,L200054,M,2021
L210129,P20B3,L200057,F,2021
L210130,P21A2,L200064,M,2021
L210131,P21A2,L200075,M,2021
L210132,P20A2,L200078,F,2021
L210133,P21A1,L200083,F,2021
L210134,P21A2,L200084,F,2021
L210135,P20A2,L200085,F,2021
L210136,P21A1,L200087,F,2021
L210137,P20B3,L200089,F,2021
L210138,P21A2,L200100,F,2021
L210139,P21A2,L200107,M,2021
L210140,P20A1,L200112,F,2021
L210141,P21A1,L200120,M,2021
L210142,P21B3,L200124,F,2021
L210143,P20A1,L200128,F,2021
L210144,P21A2,L200131,F,2021
L210145,P20B3,L200134,F,2021
L210146,P20B3,L200136,F,2021
L210147,P20B3,L200137,M,2021
L210148,P21A1,L200141,M,2021
L210149,P20A2,L200148,M,2021
L210150,P20B3,L200149,M,2021
P22A1,UPG:A_20_24,UPG:A_20_24,M,2020
P22A2,UPG:A_20_24,UPG:A_20_24,M,2020
P22B3,UPG:B,UPG:B,M,2020
L220001,P21A1,L160010,M,2022
L220002,P21B3,L160023,F,2022
L220003,P21A1,L160050,M,2022
L220004,P22B3,L160064,F,2022
L220005,P21A1,L160077,M,2022
L220006,P22B3,L160084,M,2022
L220007,P22A2,L160118,M,2022
L220008,P21A1,L170013,F,2022
L220009,P22B3,L170017,F,2022
L220010,P22A2,L170018,F,2022
L220011,P22B3,L170019,F,2022
L220012,P22B3,L170022,M,2022
L220013,P21A2,L170056,M,2022
L220014,P22A1,L170061,M,2022
L220015,P21B3,L170080,M,2022
L220016,P21A1,L170083,F,2022
L220017,P21A2,L170084,M,2022
L220018,P21A1,L170090,F,2022
L220019,P22A2,L170091,M,2022
L220020,P22A2,L170094,M,2022
L220021,P21A2,L170096,M,2022
L220022,P21B3,L170097,M,2022
L220023,P22B3,L170106,M,2022
L220024,P22B3,L170121,F,2022
L220025,P21B3,L170123,F,2022
L220026,P22B3,L170124,M,2022
L220027,P21A2,L170127,F,2022
L220028,P22A2,L170144,F,2022
L220029,P22B3,L170146,M,2022
L220030,P21A1,L180002,M,2022
L220031,P22A1,L180014,F,2022
L220032,P21A1,L180019,M,2022
L220033,P22A1,L180024,F,2022
L220034,P22A1,L180030,M,2022
L220035,P22A2,L180035,F,2022
L220036,P22B3,L180039,M,2022
L220037,P21B3,L180043,M,2022
L220038,P21B3,L180048,F,2022
L220039,P21A2,L180058,F,2022
L220040,P22A1,L180064,F,2022
L220041,P22A2,L180066,F,2022
L220042,P22A1,L180072,M,2022
L220043,P22A2,L180073,M,2022
L220044,P21B3,L180079,M,2022
L220045,P22B3,L180082,F,2022
L220046,P22B3,L180089,F,2022
L220047,P22A2,L180090,F,2022
L220048,P21A2,L180098,F,2022
L220049,P21A2,L180104,F,2022
L220050,P22A1,L180107,M,2022
L220051,P22A2,L180113,M,2022
L220052,P22A2,L180119,F,2022
L220053,P21B3,L180125,F,2022
L220054,P22A2,L180136,M,2022
L220055,P21A1,L180137,M,2022
L220056,P22A2,L180140,M,2022
L220057,P22A2,L180147,F,2022
L220058,P22A1,L190012,F,2022
L220059,P21B3,L190014,F,2022
L220060,P22B3,L190016,F,2022
L220061,P21A1,L190021,F,2022
L220062,P22A2,L190024,F,2022
L220063,P21A1,L190028,M,2022
L220064,P21B3,L190030,M,2022
L220065,P21B3,L190032,M,2022
L220066,P21A1,L190034,M,2022
L220067,P22A2,L190043,M,2022
L220068,P21A2,L190044,M,2022
L220069,P21A2,L190057,F,2022
L220070,P21A1,L190058,F,2022
L220071,P21B3,L190059,F,2022
L220072,P21B3,L190065,M,2022
L220073,P22A1,L190077,M,2022
L220074,P22A2,L190079,F,2022
L220075,P21A2,L190081,M,2022
L220076,P22A2,L190083,F,2022
L220077,P21B3,L190087,F,2022
L220078,P21A1,L190088,M,2022
L220079,P21A1,L190093,M,2022
L220080,P21A1,L190124,F,2022
L220081,P22A1,L190131,M,2022
L220082,P21A2,L190140,M,2022
L220083,P22B3,L190143,F,2022
L220084,P22B3,L190149,M,2022
L220085,P21B3,L200001,M,2022
L220086,P22B3,L200005,M,2022
L220087,P22A1,L200009,F,2022
L220088,P22B3,L200010,M,2022
L220089,P22B3,L200029,F,2022
L220090,P21A2,L200030,F,2022
L220091,P21A2,L200032,F,2022
L220092,P21A2,L200046,F,2022
L220093,P21A1,L200048,F,2022
L220094,P22A2,L200057,M,2022
L220095,P22B3,L200075,M,2022
L220096,P21A2,L200078,F,2022
L220097,P22A2,L200083,M,2022
L220098,P22A1,L200084,F,2022
L220099,P21A1,L200085,F,2022
L220100,P21A1,L200087,F,2022
L220101,P21A2,L200100,F,2022
L220102,P22B3,L200107,M,2022
L220103,P21A2,L200124,M,2022
L220104,P21A1,L200128,M,2022
L220105,P21B3,L200131,F,2022
L220106,P21B3,L200134,F,2022
L220107,P21B3,L200136,F,2022
L220108,P22A2,L200137,F,2022
L220109,P22A2,L200141,M,2022
L220110,P22B3,L200148,F,2022
L220111,P21B3,L200149,F,2022
L220112,P22A2,L210001,M,2022
L220113,P22A2,L210002,F,2022
L220114,P22A2,L210004,F,2022
L220115,P22B3,L210012,M,2022
L220116,P22A2,L210013,F,2022
L220117,P22A2,L210023,F,2022
L220118,P21A2,L210028,M,2022
L220119,P22B3,L210031,F,2022
L220120,P22B3,L210036,F,2022
L220121,P22A1,L210047,F,2022
L220122,P22A1,L210049,M,2022
L220123,P21B3,L210051,F,2022
L220124,P22A2,L210052,M,2022
L220125,P22A1,L210058,F,2022
L220126,P22B3,L210061,F,2022
L220127,P22A1,L210063,M,2022
L220128,P22A1,L210066,M,2022
L220129,P21A2,L210068,M,2022
L220130,P22A1,L210079,F,2022
L220131,P22A1,L210082,F,2022
L220132,P21B3,L210089,M,2022
L220133,P21B3,L210091,M,2022
L220134,P21A1,L210093,F,2022
L220135,P21A1,L210096,F,2022
L220136,P21A2,L210097,M,2022
L220137,P21A2,L210099,M,2022
L220138,P22A2,L210102,M,2022
L220139,P22B3,L210107,F,2022
L220140,P22A2,L210112,F,2022
L220141,P21B3,L210115,M,2022
L220142,P22A2,L210118,M,2022
L220143,P21A1,L210125,F,2022
L220144,P22A1,L210127,F,2022
L220145,P21B3,L210129,M,2022
L220146,P22A1,L210132,F,2022
L220147,P21A1,L210133,M,2022
L220148,P21A1,L210134,F,2022
L220149,P21A2,L210135,M,2022
L220150,P22A2,L210137,M,2022
P23A1,UPG:A_20_24,UPG:A_20_24,M,2021
P23A2,UPG:A_20_24,UPG:A_20_24,M,2021
P23B3,UPG:B,UPG:B,M,2021
L230001,P22A2,L170013,M,2023
L230002,P23A1,L170017,F,2023
L230003,P23A1,L170018,M,2023
L230004,P23B3,L170019,F,2023
L230005,P23A2,L170022,M,2023
L230006,P23B3,L170056,F,2023
L230007,P22A2,L170061,M,2023
L230008,P22A2,L170080,M,2023
L230009,P23A1,L170084,F,2023
L230010,P22A1,L170090,M,2023
L230011,P22B3,L170091,F,2023
L230012,P23A2,L170094,M,2023
L230013,P23A2,L170096,F,2023
L230014,P22A2,L170106,M,2023
L230015,P22A1,L170121,F,2023
L230016,P23B3,L170123,F,2023
L230017,P23B3,L170127,F,2023
L230018,P23B3,L170144,F,2023
L230019,P22B3,L170146,F,2023
L230020,P23B3,L180002,F,2023
L230021,P23A1,L180014,M,2023
L230022,P22A1,L180019,F,2023
L230023,P23A1,L180024,M,2023
L230024,P22A1,L180030,F,2023
L230025,P22B3,L180035,F,2023
L230026,P23A2,L180039,M,2023
L230027,P23A1,L180048,M,2023
L230028,P23A2,L180058,F,2023
L230029,P22A2,L180064,F,2023
L230030,P23A2,L180066,F,2023
L230031,P22B3,L180072,M,2023
L230032,P22B3,L180073,M,2023
L230033,P22A2,L180079,M,2023
L230034,P22A2,L180082,F,2023
L230035,P22A2,L180089,M,2023
L230036,P23A1,L180098,F,2023
L230037,P22A1,L180104,F,2023
L230038,P22A1,L180107,F,2023
L230039,P22A1,L180113,M,2023
L230040,P22A2,L180119,M,2023
L230041,P23A1,L180125,M,2023
L230042,P23A1,L180136,M,2023
L230043,P23A2,L180140,F,2023
L230044,P23B3,L180147,F,2023
L230045,P22A2,L190012,M,2023
L230046,P22A1,L190014,F,2023
L230047,P23B3,L190016,F,2023
L230048,P23B3,L190028,F,2023
L230049,P22A2,L190030,M,2023
L230050,P23A1,L190034,M,2023
L230051,P23B3,L190043,F,2023
L230052,P22A1,L190044,M,2023
L230053,P23A1,L190057,F,2023
L230054,P23B3,L190058,M,2023
L230055,P23A2,L190059,M,2023
L230056,P22A2,L190065,M,2023
L230057,P23A1,L190077,F,2023
L230058,P23A2,L190079,F,2023
L230059,P23B3,L190081,M,2023
L230060,P23A1,L190083,M,2023
L230061,P22A1,L190087,M,2023
L230062,P23A1,L190088,M,2023
L230063,P23A2,L190093,F,2023
L230064,P23A1,L190124,F,2023
L230065,P22A2,L190131,M,2023
L230066,P22A2,L190140,M,2023
L230067,P22A2,L190143,F,2023
L230068,P23A1,L190149,M,2023
L230069,P22B3,L200001,F,2023
L230070,P23A1,L200005,M,2023
L230071,P23A2,L200010,F,2023
L230072,P22B3,L200029,M,2023
L230073,P23A1,L200032,F,2023
L230074,P23B3,L200046,M,2023
L230075,P23B3,L200048,M,2023
L230076,P22B3,L200057,M,2023
L230077,P22A2,L200075,F,2023
L230078,P22B3,L200078,F,2023
L230079,P22A2,L200083,F,2023
L230080,P23A1,L200084,F,2023
L230081,P23A2,L200085,M,2023
L230082,P22A1,L200107,M,2023
L230083,P23B3,L200124,M,2023
L230084,P23B3,L200128,F,2023
L230085,P22A1,L200131,M,2023
L230086,P23A2,L200134,F,2023
L230087,P22A1,L200136,M,2023
L230088,P22A1,L200137,M,2023
L230089,P23A1,L200148,F,2023
L230090,P23A1,L200149,F,2023
L230091,P23A1,L210001,F,2023
L230092,P22A1,L210002,M,2023
L230093,P22A1,L210004,F,2023
L230094,P23A2,L210012,F,2023
L230095,P22A2,L210013,M,2023
L230096,P23A1,L210023,M,2023
L230097,P23A1,L210028,M,2023
L230098,P22A2,L210031,F,2023
L230099,P22A2,L210036,M,2023
L230100,P23A1,L210047,F,2023
L230101,P23A1,L210049,M,2023
L230102,P23A1,L210051,M,2023
L230103,P22A2,L210052,F,2023
L230104,P23A1,L210061,F,2023
L230105,P23A2,L210063,F,2023
L230106,P22A1,L210068,M,2023
L230107,P23A1,L210079,F,2023
L230108,P23A2,L210089,F,2023
L230109,P22B3,L210091,F,2023
L230110,P22B3,L210093,M,2023
L230111,P23B3,L210096,F,2023
L230112,P22A2,L210097,M,2023
L230113,P23A2,L210102,M,2023
L230114,P22B3,L210107,M,2023
L230115,P23A2,L210112,M,2023
L230116,P22A2,L210115,M,2023
L230117,P23B3,L210118,M,2023
L230118,P23A2,L210125,M,2023
L230119,P22B3,L210127,M,2023
L230120,P22B3,L210129,F,2023
L230121,P22A2,L210132,M,2023
L230122,P22A1,L210134,M,2023
L230123,P22A2,L210135,F,2023
L230124,P22A2,L210137,F,2023
L230125,P23B3,L220008,M,2023
L230126,P22B3,L220009,M,2023
L230127,P22A2,L220025,F,2023
L230128,P22A2,L220033,F,2023
L230129,P23B3,L220038,F,2023
L230130,P22A2,L220039,F,2023
L230131,P23A2,L220041,F,2023
L230132,P22B3,L220045,F,2023
L230133,P22A1,L220046,M,2023
L230134,P22A1,L220047,M,2023
L230135,P23B3,L220048,M,2023
L230136,P22B3,L220057,F,2023
L230137,P23A2,L220058,F,2023
L230138,P22B3,L220069,M,2023
L230139,P22B3,L220074,M,2023
L230140,P22A1,L220089,M,2023
L230141,P23B3,L220092,M,2023
L230142,P22A1,L220093,M,2023
L230143,P23A2,L220098,M,2023
L230144,P23A1,L220105,F,2023
L230145,P22B3,L220110,M,2023
L230146,P23A2,L220114,F,2023
L230147,P23A1,L220119,M,2023
L230148,P23A1,L220120,F,2023
L230149,P23A1,L220125,F,2023
L230150,P23A1,L220126,M,2023
P24A1,UPG:A_20_24,UPG:A_20_24,M,2022
P24A2,UPG:A_20_24,UPG:A_20_24,M,2022
P24B3,UPG:B,UPG:B,M,2022
L240001,P23A2,L180002,F,2024
L240002,P24A2,L180014,M,2024
L240003,P23B3,L180019,F,2024
L240004,P24A1,L180024,M,2024
L240005,P24A2,L180030,F,2024
L240006,P23A1,L180035,F,2024
L240007,P23A1,L180039,F,2024
L240008,P23A1,L180048,M,2024
L240009,P24B3,L180058,F,2024
L240010,P23A2,L180064,F,2024
L240011,P23A2,L180066,M,2024
L240012,P23B3,L180072,M,2024
L240013,P23B3,L180079,F,2024
L240014,P23A1,L180082,M,2024
L240015,P24B3,L180089,F,2024
L240016,P24A1,L180104,M,2024
L240017,P23A1,L180107,M,2024
L240018,P24A2,L180113,M,2024
L240019,P24A2,L180119,F,2024
L240020,P23B3,L180125,F,2024
L240021,P24A2,L180136,F,2024
L240022,P23B3,L180140,M,2024
L240023,P23A1,L180147,M,2024
L240024,P23A1,L190012,M,2024
L240025,P23B3,L190014,F,2024
L240026,P24A2,L190016,F,2024
L240027,P23A2,L190028,M,2024
L240028,P23A2,L190030,F,2024
L240029,P23B3,L190034,M,2024
L240030,P23B3,L190043,F,2024
L240031,P23B3,L190044,M,2024
L240032,P23A2,L190058,F,2024
L240033,P23B3,L190059,M,2024
L240034,P23A2,L190065,F,2024
L240035,P23B3,L190077,M,2024
L240036,P24A2,L190079,M,2024
L240037,P23B3,L190081,F,2024
L240038,P23A1,L190087,M,2024
L240039,P24A2,L190088,M,2024
L240040,P23A1,L190093,M,2024
L240041,P24A2,L190140,M,2024
L240042,P24A2,L190149,F,2024
L240043,P24B3,L200001,F,2024
L240044,P23A2,L200010,F,2024
L240045,P24B3,L200029,F,2024
L240046,P24A1,L200032,F,2024
L240047,P24A1,L200075,M,2024
L240048,P23A2,L200078,F,2024
L240049,P24A2,L200084,F,2024
L240050,P24A1,L200085,F,2024
L240051,P24A1,L200107,F,2024
L240052,P23A2,L200124,M,2024
L240053,P23B3,L200128,F,2024
L240054,P23A1,L200131,M,2024
L240055,P23A1,L200136,F,2024
L240056,P23A1,L200137,F,2024
L240057,P24A1,L200148,M,2024
L240058,P23A2,L200149,F,2024
L240059,P24B3,L210001,F,2024
L240060,P23B3,L210002,M,2024
L240061,P23A2,L210004,M,2024
L240062,P24A2,L210012,F,2024
L240063,P23A1,L210013,F,2024
L240064,P24B3,L210023,M,2024
L240065,P23A1,L210028,F,2024
L240066,P23A2,L210036,M,2024
L240067,P23A2,L210047,M,2024
L240068,P24B3,L210051,M,2024
L240069,P24A2,L210052,M,2024
L240070,P23A2,L210061,M,2024
L240071,P24A2,L210063,F,2024
L240072,P24B3,L210068,F,2024
L240073,P24A1,L210089,M,2024
L240074,P24A1,L210091,F,2024
L240075,P23A2,L210096,M,2024
L240076,P24B3,L210097,F,2024
L240077,P23A2,L210102,M,2024
L240078,P23A1,L210107,M,2024
L240079,P24A2,L210112,M,2024
L240080,P24A1,L210115,M,2024
L240081,P23A1,L210118,M,2024
L240082,P24B3,L210127,F,2024
L240083,P23A2,L210129,M,2024
L240084,P24A2,L210132,F,2024
L240085,P23B3,L210134,M,2024
L240086,P23B3,L210135,F,2024
L240087,P24A2,L210137,F,2024
L240088,P23A2,L220008,F,2024
L240089,P23A2,L220009,M,2024
L240090,P24A2,L220025,F,2024
L240091,P24A2,L220033,F,2024
L240092,P23B3,L220039,M,2024
L240093,P24A1,L220041,F,2024
L240094,P24A1,L220046,M,2024
L240095,P23B3,L220047,M,2024
L240096,P23B3,L220048,F,2024
L240097,P24A2,L220057,F,2024
L240098,P23A2,L220058,M,2024
L240099,P24A1,L220069,M,2024
L240100,P23B3,L220074,F,2024
L240101,P24A1,L220092,M,2024
L240102,P24A1,L220098,M,2024
L240103,P24A1,L220110,M,2024
L240104,P24A1,L220114,M,2024
L240105,P23A2,L220119,F,2024
L240106,P23B3,L220120,F,2024
L240107,P24A1,L220125,M,2024
L240108,P23A1,L220126,F,2024
L240109,P24A1,L230006,F,2024
L240110,P24B3,L230009,F,2024
L240111,P24B3,L230011,M,2024
L240112,P24B3,L230015,M,2024
L240113,P24A2,L230019,M,2024
L240114,P24A1,L230024,F,2024
L240115,P23A1,L230029,M,2024
L240116,P24A2,L230030,F,2024
L240117,P24B3,L230037,F,2024
L240118,P23B3,L230046,F,2024
L240119,P23B3,L230047,M,2024
L240120,P24A2,L230048,F,2024
L240121,P24A2,L230051,M,2024
L240122,P23A2,L230057,F,2024
L240123,P24A2,L230058,M,2024
L240124,P24A1,L230063,M,2024
L240125,P24B3,L230064,M,2024
L240126,P24B3,L230069,M,2024
L240127,P24B3,L230071,M,2024
L240128,P23B3,L230079,F,2024
L240129,P24B3,L230086,M,2024
L240130,P23A1,L230089,F,2024
L240131,P23A1,L230090,M,2024
L240132,P24A2,L230091,F,2024
L240133,P23A2,L230093,M,2024
L240134,P23A2,L230094,M,2024
L240135,P23B3,L230098,M,2024
L240136,P23B3,L230103,M,2024
L240137,P23A2,L230104,M,2024
L240138,P23B3,L230108,F,2024
L240139,P23A2,L230109,M,2024
L240140,P24B3,L230111,M,2024
L240141,P23A2,L230120,F,2024
L240142,P23B3,L230123,F,2024
L240143,P24A1,L230127,M,2024
L240144,P23A1,L230128,F,2024
L240145,P23A2,L230129,F,2024
L240146,P23A2,L230130,M,2024
L240147,P24A1,L230132,F,2024
L240148,P24A2,L230137,F,2024
L240149,P23B3,L230148,F,2024
L240150,P23A2,L230149,F,2024
