id,origin,birth_year,tbv,inbreeding
R13001,base,2013,0.396623,0.000000
R13002,base,2013,-2.825519,0.000000
R13003,base,2013,-4.050557,0.000000
R13004,base,2013,-2.617655,0.000000
R13005,base,2013,1.210094,0.000000
R13006,base,2013,-3.057783,0.000000
E11001,base,2011,0.427495,0.000000
E12002,base,2012,1.016066,0.000000
E13003,base,2013,-1.093713,0.000000
E14004,base,2014,-0.359449,0.000000
E15005,base,2015,1.549559,0.000000
E11006,base,2011,0.397927,0.000000
E12007,base,2012,-2.032844,0.000000
E13008,base,2013,-2.388527,0.000000
E14009,base,2014,-1.713568,0.000000
E15010,base,2015,-1.259029,0.000000
E11011,base,2011,0.336058,0.000000
E12012,base,2012,2.722837,0.000000
E13013,base,2013,-0.896667,0.000000
E14014,base,2014,0.031505,0.000000
E15015,base,2015,-0.985948,0.000000
E11016,base,2011,-3.264580,0.000000
E12017,base,2012,1.927803,0.000000
E13018,base,2013,0.879239,0.000000
E14019,base,2014,1.315092,0.000000
E15020,base,2015,2.059251,0.000000
E11021,base,2011,0.164259,0.000000
E12022,base,2012,0.183644,0.000000
E13023,base,2013,1.111982,0.000000
E14024,base,2014,2.635483,0.000000
E15025,base,2015,5.887958,0.000000
E11026,base,2011,5.526192,0.000000
E12027,base,2012,-0.555186,0.000000
E13028,base,2013,-0.563599,0.000000
E14029,base,2014,-2.526000,0.000000
E15030,base,2015,-1.003292,0.000000
E11031,base,2011,-3.260025,0.000000
E12032,base,2012,2.334725,0.000000
E13033,base,2013,-1.520224,0.000000
E14034,base,2014,-2.659920,0.000000
E15035,base,2015,0.322859,0.000000
E11036,base,2011,-1.892434,0.000000
E12037,base,2012,2.481495,0.000000
E13038,base,2013,-1.996677,0.000000
E14039,base,2014,-0.814937,0.000000
E15040,base,2015,1.855317,0.000000
E11041,base,2011,0.147856,0.000000
E12042,base,2012,3.035568,0.000000
E13043,base,2013,-3.451272,0.000000
E14044,base,2014,0.040638,0.000000
E15045,base,2015,-0.027772,0.000000
E11046,base,2011,-3.273254,0.000000
E12047,base,2012,-0.415917,0.000000
E13048,base,2013,2.164293,0.000000
E14049,base,2014,-0.736800,0.000000
E15050,base,2015,1.081528,0.000000
E11051,base,2011,1.021474,0.000000
E12052,base,2012,-3.059965,0.000000
E13053,base,2013,-1.297155,0.000000
E14054,base,2014,2.708632,0.000000
E15055,base,2015,-0.221991,0.000000
E11056,base,2011,-3.459233,0.000000
E12057,base,2012,-1.255339,0.000000
E13058,base,2013,-2.704636,0.000000
E14059,base,2014,-0.269234,0.000000
E15060,base,2015,-1.389495,0.000000
E11061,base,2011,0.269471,0.000000
E12062,base,2012,-1.285357,0.000000
E13063,base,2013,-0.432608,0.000000
E14064,base,2014,-1.337869,0.000000
E15065,base,2015,2.517153,0.000000
E11066,base,2011,0.674927,0.000000
E12067,base,2012,1.115491,0.000000
E13068,base,2013,0.154379,0.000000
E14069,base,2014,-0.015285,0.000000
E15070,base,2015,-1.366836,0.000000
E11071,base,2011,1.134555,0.000000
E12072,base,2012,3.270932,0.000000
E13073,base,2013,2.805433,0.000000
E14074,base,2014,-2.104484,0.000000
E15075,base,2015,-4.604505,0.000000
E11076,base,2011,1.509451,0.000000
E12077,base,2012,-2.179533,0.000000
E13078,base,2013,-0.202800,0.000000
E14079,base,2014,-0.863691,0.000000
E15080,base,2015,6.129427,0.000000
E11081,base,2011,-2.503397,0.000000
E12082,base,2012,-0.330752,0.000000
E13083,base,2013,0.000863,0.000000
E14084,base,2014,-0.763136,0.000000
E15085,base,2015,-1.909073,0.000000
E11086,base,2011,-2.263509,0.000000
E12087,base,2012,-0.362270,0.000000
E13088,base,2013,3.015451,0.000000
E14089,base,2014,-1.985259,0.000000
E15090,base,2015,-1.739130,0.000000
E11091,base,2011,-0.644725,0.000000
E12092,base,2012,-3.219980,0.000000
E13093,base,2013,-4.220369,0.000000
E14094,base,2014,0.454150,0.000000
E15095,base,2015,-1.452589,0.000000
E11096,base,2011,2.357501,0.000000
E12097,base,2012,-2.478329,0.000000
E13098,base,2013,0.586016,0.000000
E14099,base,2014,-0.108266,0.000000
E15100,base,2015,0.018231,0.000000
E11101,base,2011,1.356071,0.000000
E12102,base,2012,-0.260445,0.000000
E13103,base,2013,-2.464218,0.000000
E14104,base,2014,0.082713,0.000000
E15105,base,2015,0.606368,0.000000
E11106,base,2011,0.344838,0.000000
E12107,base,2012,-0.606086,0.000000
E13108,base,2013,-3.032541,0.000000
E14109,base,2014,2.509329,0.000000
E15110,base,2015,0.586797,0.000000
E11111,base,2011,-0.881560,0.000000
E12112,base,2012,1.226034,0.000000
E13113,base,2013,1.507739,0.000000
E14114,base,2014,-1.223655,0.000000
E15115,base,2015,1.833954,0.000000
E11116,base,2011,1.085232,0.000000
E12117,base,2012,-1.039936,0.000000
E13118,base,2013,-0.165976,0.000000
E14119,base,2014,0.335687,0.000000
E15120,base,2015,-2.494686,0.000000
E11121,base,2011,-0.157609,0.000000
E12122,base,2012,-1.026680,0.000000
E13123,base,2013,-1.529672,0.000000
E14124,base,2014,1.278631,0.000000
E15125,base,2015,-2.240419,0.000000
E11126,base,2011,-1.177707,0.000000
E12127,base,2012,0.866072,0.000000
E13128,base,2013,4.032835,0.000000
E14129,base,2014,-1.069707,0.000000
E15130,base,2015,0.373938,0.000000
E11131,base,2011,-1.620536,0.000000
E12132,base,2012,-1.555892,0.000000
E13133,base,2013,0.262393,0.000000
E14134,base,2014,0.219412,0.000000
E15135,base,2015,1.985226,0.000000
E11136,base,2011,-1.616810,0.000000
E12137,base,2012,-2.134102,0.000000
E13138,base,2013,2.052513,0.000000
E14139,base,2014,-0.576744,0.000000
E15140,base,2015,-0.076166,0.000000
E11141,base,2011,-0.801286,0.000000
E12142,base,2012,-1.680006,0.000000
E13143,base,2013,-1.899351,0.000000
E14144,base,2014,1.474995,0.000000
E15145,base,2015,-3.049549,0.000000
E11146,base,2011,-0.986495,0.000000
E12147,base,2012,2.194077,0.000000
E13148,base,2013,-2.240729,0.000000
E14149,base,2014,1.046122,0.000000
E15150,base,2015,1.975967,0.000000
P16A1,A,2014,1.602512,0.000000
P16A2,A,2014,4.125016,0.000000
P16B3,B,2014,-0.545861,0.000000
L160001,flock,2016,-1.673653,0.000000
L160002,flock,2016,0.019397,0.000000
L160003,flock,2016,-0.610799,0.000000
L160004,flock,2016,-1.993795,0.000000
L160005,flock,2016,-1.566927,0.000000
L160006,flock,2016,1.577431,0.000000
L160007,flock,2016,-1.359919,0.000000
L160008,flock,2016,-1.424836,0.000000
L160009,flock,2016,-2.092765,0.000000
L160010,flock,2016,-6.576455,0.000000
L160011,flock,2016,-1.093974,0.000000
L160012,flock,2016,-0.066661,0.000000
L160013,flock,2016,2.266524,0.000000
L160014,flock,2016,-0.160078,0.000000
L160015,flock,2016,1.709356,0.000000
L160016,flock,2016,-2.828647,0.000000
L160017,flock,2016,-2.042642,0.000000
L160018,flock,2016,-1.708677,0.000000
L160019,flock,2016,-0.501530,0.000000
L160020,flock,2016,3.499739,0.000000
L160021,flock,2016,-0.149271,0.000000
L160022,flock,2016,1.532624,0.000000
L160023,flock,2016,-3.114722,0.000000
L160024,flock,2016,1.150632,0.000000
L160025,flock,2016,-1.130201,0.000000
L160026,flock,2016,-1.066997,0.000000
L160027,flock,2016,-4.669465,0.000000
L160028,flock,2016,0.226431,0.000000
L160029,flock,2016,-2.244553,0.000000
L160030,flock,2016,-0.519834,0.000000
L160031,flock,2016,3.371445,0.000000
L160032,flock,2016,-2.448931,0.000000
L160033,flock,2016,-0.400192,0.000000
L160034,flock,2016,1.875548,0.000000
L160035,flock,2016,3.788225,0.000000
L160036,flock,2016,0.076237,0.000000
L160037,flock,2016,-0.090284,0.000000
L160038,flock,2016,4.769168,0.000000
L160039,flock,2016,0.542543,0.000000
L160040,flock,2016,-1.835284,0.000000
L160041,flock,2016,-2.222642,0.000000
L160042,flock,2016,0.314341,0.000000
L160043,flock,2016,2.300756,0.000000
L160044,flock,2016,0.659411,0.000000
L160045,flock,2016,3.228419,0.000000
L160046,flock,2016,-3.981903,0.000000
L160047,flock,2016,-0.481124,0.000000
L160048,flock,2016,3.180015,0.000000
L160049,flock,2016,-0.967613,0.000000
L160050,flock,2016,-2.512258,0.000000
L160051,flock,2016,0.066837,0.000000
L160052,flock,2016,-2.113572,0.000000
L160053,flock,2016,0.291277,0.000000
L160054,flock,2016,-0.917195,0.000000
L160055,flock,2016,0.074865,0.000000
L160056,flock,2016,2.016943,0.000000
L160057,flock,2016,1.388711,0.000000
L160058,flock,2016,0.031393,0.000000
L160059,flock,2016,0.791732,0.000000
L160060,flock,2016,3.257145,0.000000
L160061,flock,2016,-2.799987,0.000000
L160062,flock,2016,0.375555,0.000000
L160063,flock,2016,-1.279734,0.000000
L160064,flock,2016,2.401204,0.000000
L160065,flock,2016,1.603188,0.000000
L160066,flock,2016,-0.186003,0.000000
L160067,flock,2016,-2.245414,0.000000
L160068,flock,2016,1.156195,0.000000
L160069,flock,2016,-2.096279,0.000000
L160070,flock,2016,-1.226269,0.000000
L160071,flock,2016,-2.206115,0.000000
L160072,flock,2016,0.633483,0.000000
L160073,flock,2016,3.285099,0.000000
L160074,flock,2016,5.349955,0.000000
L160075,flock,2016,-3.062104,0.000000
L160076,flock,2016,-0.964272,0.000000
L160077,flock,2016,-0.545100,0.000000
L160078,flock,2016,2.731710,0.000000
L160079,flock,2016,-0.988346,0.000000
L160080,flock,2016,1.171273,0.000000
L160081,flock,2016,3.358499,0.000000
L160082,flock,2016,-3.198551,0.000000
L160083,flock,2016,-3.516984,0.000000
L160084,flock,2016,-3.474135,0.000000
L160085,flock,2016,0.358420,0.000000
L160086,flock,2016,1.261656,0.000000
L160087,flock,2016,0.500492,0.000000
L160088,flock,2016,2.123513,0.000000
L160089,flock,2016,-4.145249,0.000000
L160090,flock,2016,-0.842950,0.000000
L160091,flock,2016,1.454862,0.000000
L160092,flock,2016,1.167552,0.000000
L160093,flock,2016,-1.783437,0.000000
L160094,flock,2016,0.125142,0.000000
L160095,flock,2016,1.725759,0.000000
L160096,flock,2016,-1.589565,0.000000
L160097,flock,2016,-2.819421,0.000000
L160098,flock,2016,2.985916,0.000000
L160099,flock,2016,0.905918,0.000000
L160100,flock,2016,0.767493,0.000000
L160101,flock,2016,0.855503,0.000000
L160102,flock,2016,2.198246,0.000000
L160103,flock,2016,-0.606597,0.000000
L160104,flock,2016,0.427723,0.000000
L160105,flock,2016,-1.518570,0.000000
L160106,flock,2016,3.530398,0.000000
L160107,flock,2016,2.479940,0.000000
L160108,flock,2016,-5.340703,0.000000
L160109,flock,2016,0.619346,0.000000
L160110,flock,2016,0.854523,0.000000
L160111,flock,2016,4.009974,0.000000
L160112,flock,2016,1.911618,0.000000
L160113,flock,2016,2.773880,0.000000
L160114,flock,2016,-0.136447,0.000000
L160115,flock,2016,1.060478,0.000000
L160116,flock,2016,-0.546358,0.000000
L160117,flock,2016,2.272868,0.000000
L160118,flock,2016,-1.520922,0.000000
L160119,flock,2016,-0.773251,0.000000
L160120,flock,2016,-1.574297,0.000000
L160121,flock,2016,-0.357509,0.000000
L160122,flock,2016,-3.898918,0.000000
L160123,flock,2016,-1.185547,0.000000
L160124,flock,2016,-1.742458,0.000000
L160125,flock,2016,0.985176,0.000000
L160126,flock,2016,-0.364239,0.000000
L160127,flock,2016,-0.047855,0.000000
L160128,flock,2016,1.988824,0.000000
L160129,flock,2016,1.344065,0.000000
L160130,flock,2016,0.960144,0.000000
L160131,flock,2016,2.162808,0.000000
L160132,flock,2016,-0.708215,0.000000
L160133,flock,2016,-0.454593,0.000000
L160134,flock,2016,-0.351687,0.000000
L160135,flock,2016,0.381635,0.000000
L160136,flock,2016,-1.497263,0.000000
L160137,flock,2016,-2.022046,0.000000
L160138,flock,2016,-1.392799,0.000000
L160139,flock,2016,-5.258666,0.000000
L160140,flock,2016,-3.012210,0.000000
L160141,flock,2016,1.288264,0.000000
L160142,flock,2016,0.594894,0.000000
L160143,flock,2016,-2.186665,0.000000
L160144,flock,2016,-0.784921,0.000000
L160145,flock,2016,-5.837279,0.000000
L160146,flock,2016,1.619899,0.000000
L160147,flock,2016,-2.292388,0.000000
L160148,flock,2016,0.578734,0.000000
L160149,flock,2016,-3.133859,0.000000
L160150,flock,2016,1.286814,0.000000
P17A1,A,2015,3.511533,0.000000
P17A2,A,2015,1.742461,0.000000
P17B3,B,2015,0.061481,0.000000
L170001,flock,2017,2.543673,0.000000
L170002,flock,2017,2.010538,0.000000
L170003,flock,2017,-2.308029,0.000000
L170004,flock,2017,0.781817,0.000000
L170005,flock,2017,3.613566,0.000000
L170006,flock,2017,-1.704375,0.000000
L170007,flock,2017,-1.399260,0.000000
L170008,flock,2017,1.400305,0.000000
L170009,flock,2017,-1.667831,0.000000
L170010,flock,2017,3.583437,0.000000
L170011,flock,2017,-0.817688,0.000000
L170012,flock,2017,0.654268,0.000000
L170013,flock,2017,4.482615,0.000000
L170014,flock,2017,4.173273,0.000000
L170015,flock,2017,-3.813398,0.000000
L170016,flock,2017,1.067279,0.000000
L170017,flock,2017,2.691113,0.000000
L170018,flock,2017,-0.796706,0.000000
L170019,flock,2017,2.343449,0.000000
L170020,flock,2017,1.494377,0.000000
L170021,flock,2017,1.625811,0.000000
L170022,flock,2017,0.493098,0.000000
L170023,flock,2017,1.974368,0.000000
L170024,flock,2017,-0.022200,0.000000
L170025,flock,2017,1.660411,0.000000
L170026,flock,2017,3.940173,0.000000
L170027,flock,2017,-0.589668,0.000000
L170028,flock,2017,2.005796,0.000000
L170029,flock,2017,0.141950,0.000000
L170030,flock,2017,-0.355668,0.000000
L170031,flock,2017,-0.830457,0.000000
L170032,flock,2017,1.904552,0.000000
L170033,flock,2017,1.730882,0.000000
L170034,flock,2017,-0.486825,0.000000
L170035,flock,2017,2.913353,0.000000
L170036,flock,2017,2.494572,0.000000
L170037,flock,2017,2.990859,0.000000
L170038,flock,2017,-0.038250,0.000000
L170039,flock,2017,-0.658840,0.000000
L170040,flock,2017,-0.383738,0.000000
L170041,flock,2017,0.610860,0.000000
L170042,flock,2017,3.576295,0.000000
L170043,flock,2017,0.980946,0.000000
L170044,flock,2017,-1.381564,0.000000
L170045,flock,2017,0.168226,0.000000
L170046,flock,2017,0.534251,0.000000
L170047,flock,2017,-0.341788,0.000000
L170048,flock,2017,-0.009308,0.000000
L170049,flock,2017,2.695568,0.000000
L170050,flock,2017,0.695975,0.000000
L170051,flock,2017,-1.494575,0.000000
L170052,flock,2017,-1.673797,0.000000
L170053,flock,2017,1.816712,0.000000
L170054,flock,2017,0.131006,0.000000
L170055,flock,2017,-2.067080,0.000000
L170056,flock,2017,3.389725,0.000000
L170057,flock,2017,2.204020,0.000000
L170058,flock,2017,0.069873,0.000000
L170059,flock,2017,0.940113,0.000000
L170060,flock,2017,1.029402,0.000000
L170061,flock,2017,0.405694,0.000000
L170062,flock,2017,-2.362808,0.000000
L170063,flock,2017,2.237932,0.000000
L170064,flock,2017,-1.193046,0.000000
L170065,flock,2017,-1.034277,0.000000
L170066,flock,2017,1.587755,0.000000
L170067,flock,2017,1.866655,0.000000
L170068,flock,2017,-1.801205,0.000000
L170069,flock,2017,1.196070,0.000000
L170070,flock,2017,4.401632,0.000000
L170071,flock,2017,-1.936406,0.000000
L170072,flock,2017,-0.270449,0.000000
L170073,flock,2017,4.928975,0.000000
L170074,flock,2017,0.340756,0.000000
L170075,flock,2017,0.708289,0.000000
L170076,flock,2017,2.251359,0.000000
L170077,flock,2017,-1.250474,0.000000
L170078,flock,2017,1.999022,0.000000
L170079,flock,2017,1.462895,0.000000
L170080,flock,2017,1.314244,0.000000
L170081,flock,2017,-0.849621,0.000000
L170082,flock,2017,-1.284502,0.000000
L170083,flock,2017,1.883662,0.000000
L170084,flock,2017,0.244452,0.000000
L170085,flock,2017,1.965385,0.000000
L170086,flock,2017,-0.668231,0.000000
L170087,flock,2017,1.178647,0.000000
L170088,flock,2017,1.287387,0.000000
L170089,flock,2017,1.973326,0.000000
L170090,flock,2017,0.549229,0.000000
L170091,flock,2017,0.905853,0.000000
L170092,flock,2017,-2.980582,0.000000
L170093,flock,2017,-3.610431,0.000000
L170094,flock,2017,-1.490429,0.000000
L170095,flock,2017,2.118285,0.000000
L170096,flock,2017,2.422224,0.000000
L170097,flock,2017,2.033745,0.000000
L170098,flock,2017,1.484436,0.000000
L170099,flock,2017,0.194099,0.000000
L170100,flock,2017,4.888261,0.000000
L170101,flock,2017,-3.100357,0.000000
L170102,flock,2017,-0.039667,0.000000
L170103,flock,2017,-0.621992,0.000000
L170104,flock,2017,2.578388,0.000000
L170105,flock,2017,-1.498821,0.000000
L170106,flock,2017,3.617460,0.000000
L170107,flock,2017,2.268417,0.000000
L170108,flock,2017,0.387821,0.000000
L170109,flock,2017,-1.078463,0.000000
L170110,flock,2017,1.835341,0.000000
L170111,flock,2017,4.031507,0.000000
L170112,flock,2017,1.979450,0.000000
L170113,flock,2017,-1.280132,0.000000
L170114,flock,2017,0.043817,0.000000
L170115,flock,2017,1.636843,0.000000
L170116,flock,2017,-2.503056,0.000000
L170117,flock,2017,-2.938826,0.000000
L170118,flock,2017,4.289896,0.000000
L170119,flock,2017,-1.032097,0.000000
L170120,flock,2017,-3.100172,0.000000
L170121,flock,2017,0.058658,0.000000
L170122,flock,2017,3.512181,0.000000
L170123,flock,2017,-0.227022,0.000000
L170124,flock,2017,-2.416849,0.000000
L170125,flock,2017,0.728238,0.000000
L170126,flock,2017,1.194944,0.000000
L170127,flock,2017,1.085296,0.000000
L170128,flock,2017,1.435273,0.000000
L170129,flock,2017,-2.333620,0.000000
L170130,flock,2017,3.685102,0.000000
L170131,flock,2017,-1.461999,0.000000
L170132,flock,2017,1.404953,0.000000
L170133,flock,2017,-2.952861,0.000000
L170134,flock,2017,-2.675700,0.000000
L170135,flock,2017,2.161155,0.000000
L170136,flock,2017,2.022265,0.000000
L170137,flock,2017,4.133550,0.000000
L170138,flock,2017,-1.543457,0.000000
L170139,flock,2017,3.712739,0.000000
L170140,flock,2017,1.992214,0.000000
L170141,flock,2017,-3.186456,0.000000
L170142,flock,2017,2.803311,0.000000
L170143,flock,2017,2.895982,0.000000
L170144,flock,2017,0.742989,0.000000
L170145,flock,2017,-1.684685,0.000000
L170146,flock,2017,-0.197469,0.000000
L170147,flock,2017,-0.722675,0.000000
L170148,flock,2017,1.480454,0.000000
L170149,flock,2017,2.254380,0.000000
L170150,flock,2017,-1.344250,0.000000
P18A1,A,2016,3.320657,0.000000
P18A2,A,2016,5.698305,0.000000
P18B3,B,2016,-3.497511,0.000000
L180001,flock,2018,2.771216,0.000000
L180002,flock,2018,-3.351384,0.000000
L180003,flock,2018,2.987735,0.000000
L180004,flock,2018,5.407972,0.000000
L180005,flock,2018,3.678967,0.000000
L180006,flock,2018,-0.740252,0.000000
L180007,flock,2018,3.375239,0.000000
L180008,flock,2018,5.202110,0.000000
L180009,flock,2018,0.116809,0.000000
L180010,flock,2018,-0.006041,0.000000
L180011,flock,2018,0.817392,0.000000
L180012,flock,2018,-0.284170,0.000000
L180013,flock,2018,1.907158,0.000000
L180014,flock,2018,2.054849,0.000000
L180015,flock,2018,0.671376,0.000000
L180016,flock,2018,2.727755,0.000000
L180017,flock,2018,4.070617,0.000000
L180018,flock,2018,0.196558,0.000000
L180019,flock,2018,0.066784,0.000000
L180020,flock,2018,1.907444,0.000000
L180021,flock,2018,1.943835,0.000000
L180022,flock,2018,0.538781,0.000000
L180023,flock,2018,3.493590,0.000000
L180024,flock,2018,5.865972,0.000000
L180025,flock,2018,5.870382,0.000000
L180026,flock,2018,1.935906,0.000000
L180027,flock,2018,-1.968443,0.000000
L180028,flock,2018,0.180349,0.000000
L180029,flock,2018,-0.590551,0.000000
L180030,flock,2018,2.067178,0.000000
L180031,flock,2018,-0.601016,0.000000
L180032,flock,2018,-2.333741,0.000000
L180033,flock,2018,-0.615199,0.000000
L180034,flock,2018,6.462330,0.000000
L180035,flock,2018,-1.431269,0.000000
L180036,flock,2018,-1.438216,0.000000
L180037,flock,2018,-1.553030,0.000000
L180038,flock,2018,3.686850,0.000000
L180039,flock,2018,-2.271866,0.000000
L180040,flock,2018,-3.121047,0.000000
L180041,flock,2018,2.001830,0.000000
L180042,flock,2018,1.505813,0.000000
L180043,flock,2018,-0.330882,0.000000
L180044,flock,2018,1.986213,0.000000
L180045,flock,2018,2.735427,0.000000
L180046,flock,2018,-1.705248,0.000000
L180047,flock,2018,-4.229416,0.000000
L180048,flock,2018,2.855668,0.000000
L180049,flock,2018,-0.309806,0.000000
L180050,flock,2018,4.737832,0.000000
L180051,flock,2018,-1.156741,0.000000
L180052,flock,2018,-2.088216,0.000000
L180053,flock,2018,0.605561,0.000000
L180054,flock,2018,4.393981,0.000000
L180055,flock,2018,-1.745504,0.000000
L180056,flock,2018,3.455132,0.000000
L180057,flock,2018,2.407635,0.000000
L180058,flock,2018,-0.346418,0.000000
L180059,flock,2018,0.159174,0.000000
L180060,flock,2018,1.495332,0.000000
L180061,flock,2018,2.644333,0.000000
L180062,flock,2018,-0.443778,0.000000
L180063,flock,2018,1.095697,0.000000
L180064,flock,2018,2.112139,0.000000
L180065,flock,2018,3.982647,0.000000
L180066,flock,2018,1.483064,0.000000
L180067,flock,2018,-0.836813,0.000000
L180068,flock,2018,-0.768219,0.000000
L180069,flock,2018,1.656656,0.000000
L180070,flock,2018,-3.913669,0.000000
L180071,flock,2018,1.160958,0.000000
L180072,flock,2018,-0.837802,0.000000
L180073,flock,2018,2.652496,0.000000
L180074,flock,2018,2.334073,0.000000
L180075,flock,2018,-1.558741,0.000000
L180076,flock,2018,0.690198,0.000000
L180077,flock,2018,4.930450,0.000000
L180078,flock,2018,6.730190,0.000000
L180079,flock,2018,0.404392,0.000000
L180080,flock,2018,-0.057526,0.000000
L180081,flock,2018,4.587116,0.000000
L180082,flock,2018,4.625783,0.000000
L180083,flock,2018,0.574922,0.000000
L180084,flock,2018,0.296923,0.000000
L180085,flock,2018,5.557260,0.000000
L180086,flock,2018,3.465726,0.000000
L180087,flock,2018,-4.436593,0.000000
L180088,flock,2018,-0.674017,0.000000
L180089,flock,2018,-0.124878,0.000000
L180090,flock,2018,0.063001,0.000000
L180091,flock,2018,-3.916310,0.000000
L180092,flock,2018,1.061162,0.000000
L180093,flock,2018,-0.073034,0.000000
L180094,flock,2018,0.919880,0.000000
L180095,flock,2018,5.158582,0.000000
L180096,flock,2018,1.715260,0.000000
L180097,flock,2018,-1.409146,0.000000
L180098,flock,2018,2.890883,0.000000
L180099,flock,2018,1.992885,0.000000
L180100,flock,2018,5.163717,0.000000
L180101,flock,2018,-4.853979,0.000000
L180102,flock,2018,-0.077130,0.000000
L180103,flock,2018,-0.949648,0.000000
L180104,flock,2018,0.123410,0.000000
L180105,flock,2018,0.313865,0.000000
L180106,flock,2018,3.707605,0.250000
L180107,flock,2018,0.716574,0.250000
L180108,flock,2018,1.234628,0.000000
L180109,flock,2018,0.870608,0.000000
L180110,flock,2018,2.146668,0.000000
L180111,flock,2018,-1.780344,0.000000
L180112,flock,2018,1.881397,0.000000
L180113,flock,2018,0.418384,0.250000
L180114,flock,2018,-2.261465,0.000000
L180115,flock,2018,4.306848,0.000000
L180116,flock,2018,2.664325,0.000000
L180117,flock,2018,3.918945,0.000000
L180118,flock,2018,3.344210,0.000000
L180119,flock,2018,-0.176478,0.000000
L180120,flock,2018,3.442684,0.250000
L180121,flock,2018,3.694795,0.250000
L180122,flock,2018,0.700286,0.000000
L180123,flock,2018,-0.788786,0.000000
L180124,flock,2018,3.244780,0.000000
L180125,flock,2018,0.458217,0.000000
L180126,flock,2018,0.781192,0.000000
L180127,flock,2018,1.888247,0.000000
L180128,flock,2018,1.874162,0.000000
L180129,flock,2018,1.552038,0.000000
L180130,flock,2018,0.604602,0.000000
L180131,flock,2018,-2.232385,0.000000
L180132,flock,2018,2.400268,0.000000
L180133,flock,2018,0.892315,0.000000
L180134,flock,2018,2.353859,0.000000
L180135,flock,2018,0.273162,0.000000
L180136,flock,2018,0.525094,0.250000
L180137,flock,2018,-0.253527,0.000000
L180138,flock,2018,1.585784,0.000000
L180139,flock,2018,-0.170996,0.000000
L180140,flock,2018,1.938043,0.000000
L180141,flock,2018,0.341356,0.000000
L180142,flock,2018,3.226117,0.000000
L180143,flock,2018,-4.995285,0.000000
L180144,flock,2018,-0.187278,0.000000
L180145,flock,2018,3.530096,0.000000
L180146,flock,2018,3.573437,0.000000
L180147,flock,2018,1.667379,0.000000
L180148,flock,2018,-2.726860,0.000000
L180149,flock,2018,-0.153229,0.000000
L180150,flock,2018,-1.448598,0.000000
P19A1,A,2017,1.201662,0.000000
P19A2,A,2017,1.114522,0.000000
P19B3,B,2017,-1.104769,0.000000
L190001,flock,2019,3.105885,0.000000
L190002,flock,2019,0.570558,0.000000
L190003,flock,2019,1.163614,0.000000
L190004,flock,2019,-2.685371,0.000000
L190005,flock,2019,-2.048788,0.000000
L190006,flock,2019,-0.560087,0.000000
L190007,flock,2019,4.921801,0.000000
L190008,flock,2019,-2.486852,0.000000
L190009,flock,2019,-0.649086,0.000000
L190010,flock,2019,1.909032,0.000000
L190011,flock,2019,6.811609,0.000000
L190012,flock,2019,3.056869,0.000000
L190013,flock,2019,1.569298,0.000000
L190014,flock,2019,0.372286,0.000000
L190015,flock,2019,3.939157,0.000000
L190016,flock,2019,-3.898418,0.000000
L190017,flock,2019,0.812292,0.000000
L190018,flock,2019,0.995798,0.000000
L190019,flock,2019,1.186856,0.000000
L190020,flock,2019,0.161729,0.000000
L190021,flock,2019,-0.044692,0.000000
L190022,flock,2019,1.382165,0.000000
L190023,flock,2019,1.186057,0.000000
L190024,flock,2019,-1.200502,0.000000
L190025,flock,2019,-1.982325,0.000000
L190026,flock,2019,3.754995,0.000000
L190027,flock,2019,1.922241,0.000000
L190028,flock,2019,0.780028,0.000000
L190029,flock,2019,0.810539,0.000000
L190030,flock,2019,1.096374,0.000000
L190031,flock,2019,0.193549,0.000000
L190032,flock,2019,2.034809,0.000000
L190033,flock,2019,0.929194,0.000000
L190034,flock,2019,4.515418,0.000000
L190035,flock,2019,0.099208,0.000000
L190036,flock,2019,-2.548663,0.000000
L190037,flock,2019,0.144721,0.000000
L190038,flock,2019,-0.409160,0.000000
L190039,flock,2019,2.253284,0.000000
L190040,flock,2019,4.572163,0.000000
L190041,flock,2019,-0.773976,0.000000
L190042,flock,2019,1.249728,0.000000
L190043,flock,2019,5.909330,0.000000
L190044,flock,2019,0.410175,0.000000
L190045,flock,2019,-0.331810,0.000000
L190046,flock,2019,-1.799894,0.000000
L190047,flock,2019,2.921283,0.000000
L190048,flock,2019,0.719367,0.000000
L190049,flock,2019,-1.357856,0.000000
L190050,flock,2019,-1.669061,0.000000
L190051,flock,2019,0.470310,0.000000
L190052,flock,2019,0.862511,0.000000
L190053,flock,2019,-0.289737,0.000000
L190054,flock,2019,-0.213103,0.000000
L190055,flock,2019,0.046069,0.000000
L190056,flock,2019,-3.342468,0.000000
L190057,flock,2019,2.336325,0.000000
L190058,flock,2019,3.757431,0.000000
L190059,flock,2019,-0.022568,0.000000
L190060,flock,2019,-0.367047,0.000000
L190061,flock,2019,3.237594,0.000000
L190062,flock,2019,2.903269,0.000000
L190063,flock,2019,-3.233662,0.000000
L190064,flock,2019,-0.266372,0.000000
L190065,flock,2019,1.128405,0.000000
L190066,flock,2019,-1.522955,0.000000
L190067,flock,2019,1.630290,0.000000
L190068,flock,2019,0.980945,0.000000
L190069,flock,2019,2.364084,0.000000
L190070,flock,2019,-1.601405,0.000000
L190071,flock,2019,2.851197,0.000000
L190072,flock,2019,-0.147369,0.000000
L190073,flock,2019,2.384169,0.000000
L190074,flock,2019,3.732075,0.000000
L190075,flock,2019,-0.961099,0.000000
L190076,flock,2019,1.175910,0.000000
L190077,flock,2019,2.217823,0.000000
L190078,flock,2019,2.818184,0.000000
L190079,flock,2019,-3.769276,0.000000
L190080,flock,2019,1.869924,0.000000
L190081,flock,2019,1.482598,0.000000
L190082,flock,2019,4.615156,0.000000
L190083,flock,2019,1.588135,0.000000
L190084,flock,2019,-1.129610,0.000000
L190085,flock,2019,-2.529906,0.000000
L190086,flock,2019,-0.895649,0.000000
L190087,flock,2019,-3.845596,0.000000
L190088,flock,2019,-1.453222,0.000000
L190089,flock,2019,-2.656010,0.000000
L190090,flock,2019,3.635763,0.000000
L190091,flock,2019,0.132530,0.000000
L190092,flock,2019,-0.211816,0.000000
L190093,flock,2019,2.491893,0.000000
L190094,flock,2019,0.716303,0.000000
L190095,flock,2019,-0.316732,0.000000
L190096,flock,2019,1.216001,0.000000
L190097,flock,2019,2.216972,0.000000
L190098,flock,2019,1.098355,0.000000
L190099,flock,2019,-1.211605,0.000000
L190100,flock,2019,0.245899,0.000000
L190101,flock,2019,-1.559456,0.000000
L190102,flock,2019,-0.157522,0.000000
L190103,flock,2019,-0.180847,0.000000
L190104,flock,2019,2.770825,0.000000
L190105,flock,2019,-1.283551,0.000000
L190106,flock,2019,3.724817,0.000000
L190107,flock,2019,-0.621528,0.000000
L190108,flock,2019,0.286846,0.250000
L190109,flock,2019,0.090044,0.000000
L190110,flock,2019,-0.007845,0.000000
L190111,flock,2019,4.686263,0.000000
L190112,flock,2019,-0.910675,0.000000
L190113,flock,2019,6.128830,0.000000
L190114,flock,2019,1.593785,0.000000
L190115,flock,2019,2.010543,0.000000
L190116,flock,2019,0.888634,0.000000
L190117,flock,2019,1.786971,0.250000
L190118,flock,2019,-1.868187,0.000000
L190119,flock,2019,3.482823,0.000000
L190120,flock,2019,5.608840,0.000000
L190121,flock,2019,3.545359,0.000000
L190122,flock,2019,1.271526,0.000000
L190123,flock,2019,0.198113,0.000000
L190124,flock,2019,2.058176,0.000000
L190125,flock,2019,1.124616,0.250000
L190126,flock,2019,5.828439,0.250000
L190127,flock,2019,4.224390,0.000000
L190128,flock,2019,-2.551339,0.000000
L190129,flock,2019,5.597370,0.000000
L190130,flock,2019,0.134199,0.000000
L190131,flock,2019,-0.445595,0.000000
L190132,flock,2019,1.051105,0.000000
L190133,flock,2019,-3.323847,0.000000
L190134,flock,2019,0.495917,0.000000
L190135,flock,2019,6.704768,0.000000
L190136,flock,2019,2.734588,0.000000
L190137,flock,2019,1.404236,0.000000
L190138,flock,2019,2.599847,0.000000
L190139,flock,2019,-0.803977,0.000000
L190140,flock,2019,-1.691120,0.000000
L190141,flock,2019,3.108278,0.000000
L190142,flock,2019,-4.815788,0.000000
L190143,flock,2019,4.045524,0.000000
L190144,flock,2019,3.004097,0.000000
L190145,flock,2019,0.373284,0.000000
L190146,flock,2019,1.988920,0.250000
L190147,flock,2019,-1.549226,0.000000
L190148,flock,2019,-0.329365,0.000000
L190149,flock,2019,0.021894,0.000000
L190150,flock,2019,-0.212674,0.000000
P20A1,A,2018,4.187871,0.000000
P20A2,A,2018,3.372602,0.000000
P20B3,B,2018,-1.433791,0.000000
L200001,flock,2020,2.330222,0.000000
L200002,flock,2020,1.498339,0.000000
L200003,flock,2020,0.882760,0.000000
L200004,flock,2020,0.183729,0.000000
L200005,flock,2020,1.101547,0.000000
L200006,flock,2020,0.498743,0.000000
L200007,flock,2020,1.750025,0.000000
L200008,flock,2020,-0.827496,0.000000
L200009,flock,2020,1.675335,0.000000
L200010,flock,2020,1.028876,0.000000
L200011,flock,2020,-1.458143,0.000000
L200012,flock,2020,-2.375124,0.000000
L200013,flock,2020,2.126845,0.000000
L200014,flock,2020,0.221887,0.000000
L200015,flock,2020,2.879876,0.000000
L200016,flock,2020,0.474602,0.000000
L200017,flock,2020,2.034770,0.000000
L200018,flock,2020,1.914536,0.000000
L200019,flock,2020,-0.016876,0.000000
L200020,flock,2020,2.144722,0.000000
L200021,flock,2020,2.348093,0.000000
L200022,flock,2020,-1.145902,0.000000
L200023,flock,2020,-0.977409,0.000000
L200024,flock,2020,2.660330,0.000000
L200025,flock,2020,6.696489,0.000000
L200026,flock,2020,-0.390303,0.000000
L200027,flock,2020,0.340662,0.000000
L200028,flock,2020,2.801515,0.000000
L200029,flock,2020,2.777336,0.000000
L200030,flock,2020,2.100578,0.000000
L200031,flock,2020,0.466645,0.000000
L200032,flock,2020,1.639099,0.000000
L200033,flock,2020,1.718422,0.000000
L200034,flock,2020,-0.549368,0.000000
L200035,flock,2020,-2.569845,0.000000
L200036,flock,2020,1.647132,0.000000
L200037,flock,2020,3.542688,0.000000
L200038,flock,2020,0.581665,0.000000
L200039,flock,2020,-0.805349,0.000000
L200040,flock,2020,3.959291,0.000000
L200041,flock,2020,0.923571,0.000000
L200042,flock,2020,1.702453,0.000000
L200043,flock,2020,2.990757,0.000000
L200044,flock,2020,2.609274,0.000000
L200045,flock,2020,-1.002381,0.000000
L200046,flock,2020,3.514023,0.000000
L200047,flock,2020,0.091979,0.000000
L200048,flock,2020,5.089262,0.000000
L200049,flock,2020,-2.338716,0.000000
L200050,flock,2020,4.306992,0.000000
L200051,flock,2020,2.189067,0.000000
L200052,flock,2020,0.077578,0.000000
L200053,flock,2020,1.105464,0.000000
L200054,flock,2020,4.303536,0.000000
L200055,flock,2020,-1.042287,0.000000
L200056,flock,2020,3.401195,0.000000
L200057,flock,2020,2.431216,0.000000
L200058,flock,2020,-1.610221,0.000000
L200059,flock,2020,1.252275,0.000000
L200060,flock,2020,4.684366,0.000000
L200061,flock,2020,1.266884,0.000000
L200062,flock,2020,-0.797233,0.000000
L200063,flock,2020,-2.167462,0.000000
L200064,flock,2020,2.912132,0.000000
L200065,flock,2020,-0.292260,0.000000
L200066,flock,2020,1.810574,0.000000
L200067,flock,2020,1.394710,0.000000
L200068,flock,2020,-1.163319,0.000000
L200069,flock,2020,1.386240,0.000000
L200070,flock,2020,4.284043,0.000000
L200071,flock,2020,2.146330,0.000000
L200072,flock,2020,-2.240094,0.000000
L200073,flock,2020,3.503366,0.000000
L200074,flock,2020,1.047359,0.000000
L200075,flock,2020,1.238083,0.000000
L200076,flock,2020,1.743493,0.000000
L200077,flock,2020,4.065758,0.000000
L200078,flock,2020,2.530323,0.000000
L200079,flock,2020,-0.028408,0.000000
L200080,flock,2020,-0.011911,0.000000
L200081,flock,2020,1.282735,0.000000
L200082,flock,2020,1.326005,0.000000
L200083,flock,2020,-0.992985,0.000000
L200084,flock,2020,-0.262960,0.000000
L200085,flock,2020,0.354630,0.000000
L200086,flock,2020,-2.413777,0.000000
L200087,flock,2020,1.924964,0.000000
L200088,flock,2020,0.444649,0.000000
L200089,flock,2020,0.562285,0.000000
L200090,flock,2020,3.616958,0.000000
L200091,flock,2020,0.283165,0.000000
L200092,flock,2020,4.754273,0.000000
L200093,flock,2020,1.908430,0.000000
L200094,flock,2020,1.626558,0.000000
L200095,flock,2020,1.995805,0.000000
L200096,flock,2020,4.016530,0.000000
L200097,flock,2020,3.690187,0.000000
L200098,flock,2020,4.269373,0.000000
L200099,flock,2020,4.087679,0.000000
L200100,flock,2020,0.987851,0.000000
L200101,flock,2020,2.187138,0.000000
L200102,flock,2020,6.449109,0.000000
L200103,flock,2020,0.674250,0.000000
L200104,flock,2020,1.675822,0.000000
L200105,flock,2020,0.555772,0.000000
L200106,flock,2020,-0.888990,0.000000
L200107,flock,2020,2.689368,0.000000
L200108,flock,2020,2.864257,0.000000
L200109,flock,2020,-0.996544,0.000000
L200110,flock,2020,1.296653,0.000000
L200111,flock,2020,0.604469,0.000000
L200112,flock,2020,3.518399,0.000000
L200113,flock,2020,1.598075,0.250000
L200114,flock,2020,-2.688251,0.000000
L200115,flock,2020,-0.147235,0.250000
L200116,flock,2020,-3.267184,0.000000
L200117,flock,2020,4.299594,0.250000
L200118,flock,2020,0.786757,0.000000
L200119,flock,2020,1.445329,0.000000
L200120,flock,2020,2.281888,0.250000
L200121,flock,2020,-2.776028,0.000000
L200122,flock,2020,2.527014,0.000000
L200123,flock,2020,-0.319229,0.000000
L200124,flock,2020,0.774479,0.000000
L200125,flock,2020,-1.009101,0.000000
L200126,flock,2020,-1.342050,0.000000
L200127,flock,2020,2.963232,0.000000
L200128,flock,2020,5.889079,0.000000
L200129,flock,2020,-1.076327,0.000000
L200130,flock,2020,1.528510,0.250000
L200131,flock,2020,-3.530395,0.250000
L200132,flock,2020,2.532470,0.000000
L200133,flock,2020,-4.129181,0.000000
L200134,flock,2020,2.890164,0.000000
L200135,flock,2020,1.148951,0.000000
L200136,flock,2020,-3.497614,0.000000
L200137,flock,2020,-2.274276,0.000000
L200138,flock,2020,2.676619,0.000000
L200139,flock,2020,1.707816,0.000000
L200140,flock,2020,2.369941,0.250000
L200141,flock,2020,1.496483,0.000000
L200142,flock,2020,-0.467525,0.250000
L200143,flock,2020,2.286907,0.000000
L200144,flock,2020,2.992483,0.000000
L200145,flock,2020,-0.149629,0.250000
L200146,flock,2020,-0.098093,0.000000
L200147,flock,2020,-2.780025,0.000000
L200148,flock,2020,-1.199884,0.000000
L200149,flock,2020,4.001681,0.000000
L200150,flock,2020,1.954341,0.000000
P21A1,A,2019,3.693496,0.000000
P21A2,A,2019,4.102331,0.000000
P21B3,B,2019,-4.155585,0.000000
L210001,flock,2021,1.675581,0.000000
L210002,flock,2021,4.744063,0.000000
L210003,flock,2021,1.573030,0.000000
L210004,flock,2021,2.974319,0.000000
L210005,flock,2021,-0.867952,0.000000
L210006,flock,2021,-0.100884,0.000000
L210007,flock,2021,2.466585,0.000000
L210008,flock,2021,4.418851,0.000000
L210009,flock,2021,1.714932,0.000000
L210010,flock,2021,1.037769,0.000000
L210011,flock,2021,4.371433,0.000000
L210012,flock,2021,-0.461219,0.000000
L210013,flock,2021,-3.038737,0.000000
L210014,flock,2021,-0.504638,0.000000
L210015,flock,2021,0.692072,0.000000
L210016,flock,2021,-3.886640,0.000000
L210017,flock,2021,0.705299,0.000000
L210018,flock,2021,2.405396,0.000000
L210019,flock,2021,2.501666,0.000000
L210020,flock,2021,1.110107,0.000000
L210021,flock,2021,2.986263,0.000000
L210022,flock,2021,0.307881,0.000000
L210023,flock,2021,5.106728,0.000000
L210024,flock,2021,0.411772,0.000000
L210025,flock,2021,1.901063,0.000000
L210026,flock,2021,1.542347,0.000000
L210027,flock,2021,1.148436,0.000000
L210028,flock,2021,3.200493,0.000000
L210029,flock,2021,0.699116,0.000000
L210030,flock,2021,-4.982726,0.000000
L210031,flock,2021,2.866555,0.000000
L210032,flock,2021,3.022533,0.000000
L210033,flock,2021,2.297910,0.000000
L210034,flock,2021,-1.727605,0.000000
L210035,flock,2021,4.767140,0.000000
L210036,flock,2021,-2.251649,0.000000
L210037,flock,2021,-1.536930,0.000000
L210038,flock,2021,-1.350944,0.000000
L210039,flock,2021,3.912320,0.000000
L210040,flock,2021,3.672411,0.000000
L210041,flock,2021,0.125666,0.000000
L210042,flock,2021,3.067773,0.000000
L210043,flock,2021,0.127666,0.000000
L210044,flock,2021,-0.386612,0.000000
L210045,flock,2021,1.972046,0.000000
L210046,flock,2021,3.854567,0.000000
L210047,flock,2021,0.070617,0.000000
L210048,flock,2021,1.134444,0.000000
L210049,flock,2021,-0.159331,0.000000
L210050,flock,2021,1.605952,0.000000
L210051,flock,2021,-0.495714,0.000000
L210052,flock,2021,3.644187,0.000000
L210053,flock,2021,-0.017393,0.000000
L210054,flock,2021,-2.773537,0.000000
L210055,flock,2021,-5.825655,0.000000
L210056,flock,2021,3.021233,0.000000
L210057,flock,2021,-0.628678,0.000000
L210058,flock,2021,0.549380,0.000000
L210059,flock,2021,-2.158836,0.000000
L210060,flock,2021,0.693738,0.000000
L210061,flock,2021,2.093380,0.000000
L210062,flock,2021,3.161020,0.000000
L210063,flock,2021,-0.758860,0.000000
L210064,flock,2021,0.486354,0.000000
L210065,flock,2021,3.094718,0.000000
L210066,flock,2021,4.567831,0.000000
L210067,flock,2021,3.839952,0.000000
L210068,flock,2021,-1.256177,0.000000
L210069,flock,2021,3.044974,0.000000
L210070,flock,2021,-2.487462,0.000000
L210071,flock,2021,-1.455898,0.000000
L210072,flock,2021,0.581186,0.000000
L210073,flock,2021,-0.028784,0.000000
L210074,flock,2021,-2.356349,0.000000
L210075,flock,2021,4.746680,0.000000
L210076,flock,2021,5.175343,0.000000
L210077,flock,2021,-0.096750,0.000000
L210078,flock,2021,-0.398005,0.000000
L210079,flock,2021,0.374818,0.000000
L210080,flock,2021,1.371754,0.000000
L210081,flock,2021,-3.263499,0.000000
L210082,flock,2021,2.439842,0.000000
L210083,flock,2021,-3.909909,0.000000
L210084,flock,2021,3.435125,0.000000
L210085,flock,2021,1.790752,0.000000
L210086,flock,2021,0.603181,0.000000
L210087,flock,2021,3.147179,0.000000
L210088,flock,2021,-1.828499,0.000000
L210089,flock,2021,2.066958,0.000000
L210090,flock,2021,-0.667655,0.000000
L210091,flock,2021,1.383538,0.000000
L210092,flock,2021,2.724639,0.000000
L210093,flock,2021,-1.399137,0.000000
L210094,flock,2021,2.203203,0.000000
L210095,flock,2021,1.775978,0.000000
L210096,flock,2021,3.420229,0.000000
L210097,flock,2021,0.506958,0.000000
L210098,flock,2021,0.217154,0.000000
L210099,flock,2021,0.139108,0.000000
L210100,flock,2021,-2.211461,0.000000
L210101,flock,2021,0.201323,0.000000
L210102,flock,2021,3.059789,0.000000
L210103,flock,2021,2.718471,0.000000
L210104,flock,2021,1.010928,0.000000
L210105,flock,2021,-0.228214,0.000000
L210106,flock,2021,0.754510,0.000000
L210107,flock,2021,4.525296,0.000000
L210108,flock,2021,1.894126,0.000000
L210109,flock,2021,1.752802,0.000000
L210110,flock,2021,3.291801,0.000000
L210111,flock,2021,-1.310476,0.000000
L210112,flock,2021,1.981461,0.000000
L210113,flock,2021,1.440520,0.000000
L210114,flock,2021,0.133624,0.000000
L210115,flock,2021,-7.069002,0.000000
L210116,flock,2021,-1.081565,0.000000
L210117,flock,2021,0.667032,0.000000
L210118,flock,2021,3.799630,0.000000
L210119,flock,2021,-0.008722,0.000000
L210120,flock,2021,4.214769,0.000000
L210121,flock,2021,2.912930,0.000000
L210122,flock,2021,3.424164,0.000000
L210123,flock,2021,0.265423,0.000000
L210124,flock,2021,-1.017931,0.000000
L210125,flock,2021,2.814584,0.000000
L210126,flock,2021,3.923128,0.000000
L210127,flock,2021,2.691483,0.000000
L210128,flock,2021,3.493821,0.000000
L210129,flock,2021,1.910985,0.000000
L210130,flock,2021,4.688825,0.000000
L210131,flock,2021,0.844577,0.000000
L210132,flock,2021,1.800562,0.000000
L210133,flock,2021,1.247537,0.000000
L210134,flock,2021,1.722974,0.000000
L210135,flock,2021,1.607707,0.000000
L210136,flock,2021,2.359260,0.000000
L210137,flock,2021,0.260499,0.250000
L210138,flock,2021,2.043762,0.000000
L210139,flock,2021,5.019384,0.000000
L210140,flock,2021,4.950765,0.000000
L210141,flock,2021,4.136894,0.000000
L210142,flock,2021,1.175299,0.000000
L210143,flock,2021,6.848240,0.000000
L210144,flock,2021,-0.712540,0.000000
L210145,flock,2021,1.218083,0.000000
L210146,flock,2021,-3.000530,0.000000
L210147,flock,2021,-1.948401,0.000000
L210148,flock,2021,1.941351,0.000000
L210149,flock,2021,1.304798,0.000000
L210150,flock,2021,-0.058113,0.000000
P22A1,A,2020,2.780635,0.000000
P22A2,A,2020,6.050156,0.000000
P22B3,B,2020,-3.461354,0.000000
L220001,flock,2022,-2.515780,0.000000
L220002,flock,2022,-5.908742,0.000000
L220003,flock,2022,0.582756,0.000000
L220004,flock,2022,-0.012721,0.000000
L220005,flock,2022,1.323280,0.000000
L220006,flock,2022,-4.380090,0.000000
L220007,flock,2022,1.892744,0.000000
L220008,flock,2022,7.850764,0.000000
L220009,flock,2022,-1.583149,0.000000
L220010,flock,2022,4.548870,0.000000
L220011,flock,2022,-0.777266,0.000000
L220012,flock,2022,-3.255235,0.000000
L220013,flock,2022,4.514921,0.000000
L220014,flock,2022,4.193812,0.000000
L220015,flock,2022,-2.982607,0.000000
L220016,flock,2022,2.352303,0.000000
L220017,flock,2022,2.060843,0.000000
L220018,flock,2022,1.714627,0.000000
L220019,flock,2022,3.555803,0.000000
L220020,flock,2022,4.803822,0.000000
L220021,flock,2022,4.252753,0.000000
L220022,flock,2022,-1.936121,0.000000
L220023,flock,2022,-2.143107,0.000000
L220024,flock,2022,-2.542207,0.000000
L220025,flock,2022,-1.858813,0.000000
L220026,flock,2022,-2.819874,0.000000
L220027,flock,2022,2.262923,0.000000
L220028,flock,2022,4.465432,0.000000
L220029,flock,2022,-0.961218,0.000000
L220030,flock,2022,-0.489078,0.000000
L220031,flock,2022,3.206259,0.000000
L220032,flock,2022,1.434054,0.000000
L220033,flock,2022,4.570475,0.000000
L220034,flock,2022,1.646805,0.000000
L220035,flock,2022,2.205570,0.000000
L220036,flock,2022,-3.137253,0.000000
L220037,flock,2022,-3.944760,0.000000
L220038,flock,2022,0.223962,0.000000
L220039,flock,2022,2.205509,0.000000
L220040,flock,2022,3.619647,0.000000
L220041,flock,2022,5.504933,0.000000
L220042,flock,2022,2.544480,0.000000
L220043,flock,2022,4.909968,0.000000
L220044,flock,2022,-1.747161,0.000000
L220045,flock,2022,0.538244,0.000000
L220046,flock,2022,-1.066368,0.000000
L220047,flock,2022,5.273205,0.000000
L220048,flock,2022,6.187476,0.000000
L220049,flock,2022,0.449711,0.000000
L220050,flock,2022,1.908585,0.000000
L220051,flock,2022,3.537937,0.000000
L220052,flock,2022,2.063093,0.000000
L220053,flock,2022,-0.210795,0.000000
L220054,flock,2022,4.243547,0.000000
L220055,flock,2022,1.763578,0.000000
L220056,flock,2022,1.477844,0.000000
L220057,flock,2022,6.813509,0.000000
L220058,flock,2022,1.560577,0.000000
L220059,flock,2022,-2.469202,0.000000
L220060,flock,2022,-4.800521,0.000000
L220061,flock,2022,1.491291,0.000000
L220062,flock,2022,2.748013,0.000000
L220063,flock,2022,3.828756,0.000000
L220064,flock,2022,-3.866965,0.000000
L220065,flock,2022,-1.765414,0.000000
L220066,flock,2022,3.556671,0.000000
L220067,flock,2022,7.164125,0.000000
L220068,flock,2022,1.282222,0.000000
L220069,flock,2022,1.676169,0.000000
L220070,flock,2022,2.809105,0.000000
L220071,flock,2022,-3.020430,0.000000
L220072,flock,2022,-2.398050,0.000000
L220073,flock,2022,1.664774,0.000000
L220074,flock,2022,2.101090,0.000000
L220075,flock,2022,5.939205,0.000000
L220076,flock,2022,3.551806,0.000000
L220077,flock,2022,-1.526370,0.000000
L220078,flock,2022,2.008108,0.000000
L220079,flock,2022,1.604135,0.000000
L220080,flock,2022,2.915468,0.000000
L220081,flock,2022,0.061552,0.000000
L220082,flock,2022,0.836673,0.000000
L220083,flock,2022,-0.463584,0.000000
L220084,flock,2022,-2.405262,0.000000
L220085,flock,2022,-2.945145,0.000000
L220086,flock,2022,-0.861217,0.000000
L220087,flock,2022,-0.327273,0.000000
L220088,flock,2022,0.055111,0.000000
L220089,flock,2022,-1.588279,0.000000
L220090,flock,2022,5.114793,0.000000
L220091,flock,2022,2.799135,0.000000
L220092,flock,2022,5.632861,0.000000
L220093,flock,2022,4.579374,0.000000
L220094,flock,2022,5.979215,0.000000
L220095,flock,2022,-2.109364,0.000000
L220096,flock,2022,5.432560,0.000000
L220097,flock,2022,3.726619,0.000000
L220098,flock,2022,0.736191,0.000000
L220099,flock,2022,2.285002,0.000000
L220100,flock,2022,4.609332,0.000000
L220101,flock,2022,0.106384,0.000000
L220102,flock,2022,-2.450902,0.000000
L220103,flock,2022,-0.029720,0.000000
L220104,flock,2022,5.888747,0.000000
L220105,flock,2022,-5.956956,0.000000
L220106,flock,2022,-0.559639,0.000000
L220107,flock,2022,-6.327114,0.000000
L220108,flock,2022,1.600781,0.000000
L220109,flock,2022,3.483128,0.000000
L220110,flock,2022,-3.095501,0.000000
L220111,flock,2022,0.480495,0.000000
L220112,flock,2022,4.357977,0.000000
L220113,flock,2022,6.441070,0.000000
L220114,flock,2022,4.611693,0.000000
L220115,flock,2022,-1.292235,0.000000
L220116,flock,2022,1.369792,0.000000
L220117,flock,2022,5.063255,0.000000
L220118,flock,2022,1.400993,0.000000
L220119,flock,2022,-2.207789,0.000000
L220120,flock,2022,-5.339605,0.000000
L220121,flock,2022,2.277692,0.000000
L220122,flock,2022,3.591854,0.000000
L220123,flock,2022,-1.587109,0.000000
L220124,flock,2022,4.007101,0.000000
L220125,flock,2022,2.446953,0.000000
L220126,flock,2022,1.774707,0.000000
L220127,flock,2022,2.213011,0.000000
L220128,flock,2022,3.899100,0.000000
L220129,flock,2022,2.684474,0.000000
L220130,flock,2022,3.309472,0.000000
L220131,flock,2022,1.242960,0.000000
L220132,flock,2022,0.811206,0.000000
L220133,flock,2022,-1.826537,0.000000
L220134,flock,2022,0.157511,0.000000
L220135,flock,2022,2.892685,0.000000
L220136,flock,2022,0.279976,0.000000
L220137,flock,2022,-1.285445,0.000000
L220138,flock,2022,2.988754,0.000000
L220139,flock,2022,0.427662,0.000000
L220140,flock,2022,6.405054,0.000000
L220141,flock,2022,-5.972469,0.250000
L220142,flock,2022,5.186661,0.000000
L220143,flock,2022,1.990544,0.250000
L220144,flock,2022,2.485580,0.000000
L220145,flock,2022,1.186793,0.000000
L220146,flock,2022,1.957455,0.000000
L220147,flock,2022,4.978490,0.250000
L220148,flock,2022,1.178394,0.000000
L220149,flock,2022,0.782689,0.000000
L220150,flock,2022,4.489681,0.000000
P23A1,A,2021,7.354264,0.000000
P23A2,A,2021,6.441513,0.000000
P23B3,B,2021,5.262122,0.000000
L230001,flock,2023,7.802629,0.000000
L230002,flock,2023,4.634715,0.000000
L230003,flock,2023,5.718403,0.000000
L230004,flock,2023,3.920567,0.000000
L230005,flock,2023,4.255439,0.000000
L230006,flock,2023,1.674098,0.000000
L230007,flock,2023,5.002032,0.000000
L230008,flock,2023,2.609730,0.000000
L230009,flock,2023,1.786680,0.000000
L230010,flock,2023,2.347144,0.000000
L230011,flock,2023,-3.428961,0.000000
L230012,flock,2023,-0.477331,0.000000
L230013,flock,2023,1.806149,0.000000
L230014,flock,2023,3.244400,0.000000
L230015,flock,2023,0.748709,0.000000
L230016,flock,2023,1.762828,0.000000
L230017,flock,2023,3.394594,0.000000
L230018,flock,2023,1.895778,0.000000
L230019,flock,2023,1.929532,0.000000
L230020,flock,2023,1.264970,0.000000
L230021,flock,2023,4.666911,0.000000
L230022,flock,2023,2.714183,0.000000
L230023,flock,2023,6.850432,0.000000
L230024,flock,2023,3.124463,0.000000
L230025,flock,2023,-0.764212,0.000000
L230026,flock,2023,0.645478,0.000000
L230027,flock,2023,6.386471,0.000000
L230028,flock,2023,1.433442,0.000000
L230029,flock,2023,4.536227,0.000000
L230030,flock,2023,5.444049,0.000000
L230031,flock,2023,-5.443688,0.000000
L230032,flock,2023,-0.558541,0.000000
L230033,flock,2023,4.805102,0.000000
L230034,flock,2023,5.505173,0.000000
L230035,flock,2023,5.768894,0.000000
L230036,flock,2023,5.668226,0.000000
L230037,flock,2023,3.110227,0.000000
L230038,flock,2023,2.697049,0.000000
L230039,flock,2023,1.125071,0.000000
L230040,flock,2023,3.891925,0.000000
L230041,flock,2023,3.647124,0.000000
L230042,flock,2023,4.313472,0.000000
L230043,flock,2023,5.158343,0.000000
L230044,flock,2023,1.547408,0.000000
L230045,flock,2023,2.784004,0.000000
L230046,flock,2023,1.849220,0.000000
L230047,flock,2023,-0.291622,0.000000
L230048,flock,2023,-0.030199,0.000000
L230049,flock,2023,3.291178,0.000000
L230050,flock,2023,4.564913,0.000000
L230051,flock,2023,2.881951,0.000000
L230052,flock,2023,3.103222,0.000000
L230053,flock,2023,3.882817,0.000000
L230054,flock,2023,3.692857,0.000000
L230055,flock,2023,3.541051,0.000000
L230056,flock,2023,4.906074,0.000000
L230057,flock,2023,5.277718,0.000000
L230058,flock,2023,0.012664,0.000000
L230059,flock,2023,3.489174,0.000000
L230060,flock,2023,4.503053,0.000000
L230061,flock,2023,-0.761020,0.000000
L230062,flock,2023,0.989011,0.000000
L230063,flock,2023,6.767342,0.000000
L230064,flock,2023,2.478369,0.000000
L230065,flock,2023,3.511551,0.000000
L230066,flock,2023,1.293816,0.000000
L230067,flock,2023,1.848035,0.000000
L230068,flock,2023,4.008320,0.000000
L230069,flock,2023,-0.487059,0.000000
L230070,flock,2023,4.513597,0.000000
L230071,flock,2023,2.482838,0.000000
L230072,flock,2023,0.133681,0.000000
L230073,flock,2023,6.615855,0.000000
L230074,flock,2023,1.858519,0.000000
L230075,flock,2023,8.189137,0.000000
L230076,flock,2023,1.805189,0.000000
L230077,flock,2023,3.398393,0.000000
L230078,flock,2023,-2.211890,0.000000
L230079,flock,2023,2.388630,0.000000
L230080,flock,2023,0.882228,0.000000
L230081,flock,2023,3.822655,0.000000
L230082,flock,2023,2.300049,0.000000
L230083,flock,2023,4.700640,0.000000
L230084,flock,2023,6.216853,0.000000
L230085,flock,2023,0.832637,0.000000
L230086,flock,2023,6.648617,0.000000
L230087,flock,2023,0.006226,0.000000
L230088,flock,2023,-0.782966,0.000000
L230089,flock,2023,4.298302,0.000000
L230090,flock,2023,6.523376,0.000000
L230091,flock,2023,4.932266,0.000000
L230092,flock,2023,1.474056,0.000000
L230093,flock,2023,4.647021,0.000000
L230094,flock,2023,2.616563,0.000000
L230095,flock,2023,2.306080,0.000000
L230096,flock,2023,5.611929,0.000000
L230097,flock,2023,6.751133,0.000000
L230098,flock,2023,6.322432,0.000000
L230099,flock,2023,0.563553,0.000000
L230100,flock,2023,2.120658,0.000000
L230101,flock,2023,5.467329,0.000000
L230102,flock,2023,2.432795,0.000000
L230103,flock,2023,3.440236,0.000000
L230104,flock,2023,5.924951,0.000000
L230105,flock,2023,2.179756,0.000000
L230106,flock,2023,0.118902,0.000000
L230107,flock,2023,6.133843,0.000000
L230108,flock,2023,4.476113,0.000000
L230109,flock,2023,2.378699,0.000000
L230110,flock,2023,-2.991701,0.000000
L230111,flock,2023,3.320031,0.000000
L230112,flock,2023,1.730132,0.000000
L230113,flock,2023,3.969207,0.000000
L230114,flock,2023,-0.185895,0.000000
L230115,flock,2023,4.582719,0.000000
L230116,flock,2023,-2.521469,0.000000
L230117,flock,2023,4.078405,0.000000
L230118,flock,2023,5.296321,0.000000
L230119,flock,2023,-1.400791,0.000000
L230120,flock,2023,0.697954,0.000000
L230121,flock,2023,5.670529,0.000000
L230122,flock,2023,5.273997,0.000000
L230123,flock,2023,5.915897,0.000000
L230124,flock,2023,1.843534,0.000000
L230125,flock,2023,7.119603,0.000000
L230126,flock,2023,-2.382441,0.250000
L230127,flock,2023,0.548451,0.000000
L230128,flock,2023,5.607828,0.000000
L230129,flock,2023,1.412449,0.000000
L230130,flock,2023,0.088543,0.000000
L230131,flock,2023,5.568554,0.000000
L230132,flock,2023,-2.140832,0.250000
L230133,flock,2023,-0.203940,0.000000
L230134,flock,2023,5.459228,0.000000
L230135,flock,2023,3.671231,0.000000
L230136,flock,2023,3.061762,0.000000
L230137,flock,2023,3.131434,0.000000
L230138,flock,2023,0.192045,0.000000
L230139,flock,2023,0.537022,0.000000
L230140,flock,2023,-1.808098,0.000000
L230141,flock,2023,6.299890,0.000000
L230142,flock,2023,4.306676,0.000000
L230143,flock,2023,6.181199,0.000000
L230144,flock,2023,2.457510,0.000000
L230145,flock,2023,-3.449622,0.250000
L230146,flock,2023,3.905443,0.000000
L230147,flock,2023,4.134024,0.000000
L230148,flock,2023,-0.179832,0.000000
L230149,flock,2023,3.628306,0.000000
L230150,flock,2023,5.630344,0.000000
P24A1,A,2022,7.395511,0.000000
P24A2,A,2022,5.973776,0.000000
P24B3,B,2022,-2.119279,0.000000
L240001,flock,2024,4.035995,0.000000
L240002,flock,2024,4.052993,0.000000
L240003,flock,2024,1.945438,0.000000
L240004,flock,2024,4.907355,0.000000
L240005,flock,2024,3.062124,0.000000
L240006,flock,2024,5.604687,0.000000
L240007,flock,2024,3.188397,0.000000
L240008,flock,2024,6.018566,0.000000
L240009,flock,2024,-2.463275,0.000000
L240010,flock,2024,3.974097,0.000000
L240011,flock,2024,5.715379,0.000000
L240012,flock,2024,2.650090,0.000000
L240013,flock,2024,2.573925,0.000000
L240014,flock,2024,5.084129,0.000000
L240015,flock,2024,0.279820,0.000000
L240016,flock,2024,1.296315,0.000000
L240017,flock,2024,2.726615,0.000000
L240018,flock,2024,2.722458,0.000000
L240019,flock,2024,3.408802,0.000000
L240020,flock,2024,4.594968,0.000000
L240021,flock,2024,2.644541,0.000000
L240022,flock,2024,3.641958,0.000000
L240023,flock,2024,2.829387,0.000000
L240024,flock,2024,6.763132,0.000000
L240025,flock,2024,3.140540,0.000000
L240026,flock,2024,0.301245,0.000000
L240027,flock,2024,4.703999,0.000000
L240028,flock,2024,1.681932,0.000000
L240029,flock,2024,5.489302,0.000000
L240030,flock,2024,5.198516,0.000000
L240031,flock,2024,3.060380,0.000000
L240032,flock,2024,5.399231,0.000000
L240033,flock,2024,2.765122,0.000000
L240034,flock,2024,4.209150,0.000000
L240035,flock,2024,3.695966,0.000000
L240036,flock,2024,1.814573,0.000000
L240037,flock,2024,3.099001,0.000000
L240038,flock,2024,-1.933367,0.000000
L240039,flock,2024,3.420467,0.000000
L240040,flock,2024,4.573807,0.000000
L240041,flock,2024,1.355928,0.000000
L240042,flock,2024,3.615645,0.000000
L240043,flock,2024,-0.279306,0.000000
L240044,flock,2024,3.114895,0.000000
L240045,flock,2024,-2.043917,0.000000
L240046,flock,2024,5.068292,0.000000
L240047,flock,2024,3.720336,0.000000
L240048,flock,2024,3.809988,0.000000
L240049,flock,2024,1.664049,0.000000
L240050,flock,2024,3.813725,0.000000
L240051,flock,2024,4.726229,0.000000
L240052,flock,2024,1.718104,0.000000
L240053,flock,2024,5.001702,0.000000
L240054,flock,2024,2.279165,0.000000
L240055,flock,2024,2.488776,0.000000
L240056,flock,2024,2.323804,0.000000
L240057,flock,2024,2.376793,0.000000
L240058,flock,2024,6.632090,0.000000
L240059,flock,2024,-1.233136,0.000000
L240060,flock,2024,5.961478,0.000000
L240061,flock,2024,5.004029,0.000000
L240062,flock,2024,2.655657,0.000000
L240063,flock,2024,2.739115,0.000000
L240064,flock,2024,2.424891,0.000000
L240065,flock,2024,4.504919,0.000000
L240066,flock,2024,2.304693,0.000000
L240067,flock,2024,5.814424,0.000000
L240068,flock,2024,-1.453304,0.000000
L240069,flock,2024,5.681748,0.000000
L240070,flock,2024,6.754470,0.000000
L240071,flock,2024,4.212480,0.000000
L240072,flock,2024,0.889792,0.000000
L240073,flock,2024,5.110695,0.000000
L240074,flock,2024,6.754171,0.000000
L240075,flock,2024,5.640952,0.000000
L240076,flock,2024,0.621058,0.000000
L240077,flock,2024,2.134885,0.000000
L240078,flock,2024,6.990571,0.000000
L240079,flock,2024,2.575715,0.000000
L240080,flock,2024,2.266126,0.000000
L240081,flock,2024,4.896689,0.000000
L240082,flock,2024,3.712309,0.000000
L240083,flock,2024,5.158578,0.000000
L240084,flock,2024,3.837180,0.000000
L240085,flock,2024,2.970410,0.000000
L240086,flock,2024,4.820107,0.000000
L240087,flock,2024,2.311867,0.000000
L240088,flock,2024,8.750918,0.000000
L240089,flock,2024,1.511153,0.000000
L240090,flock,2024,2.896342,0.000000
L240091,flock,2024,6.810415,0.000000
L240092,flock,2024,1.693346,0.000000
L240093,flock,2024,8.060458,0.000000
L240094,flock,2024,4.478810,0.000000
L240095,flock,2024,6.770261,0.000000
L240096,flock,2024,3.508580,0.000000
L240097,flock,2024,5.332515,0.000000
L240098,flock,2024,3.110948,0.000000
L240099,flock,2024,3.483086,0.000000
L240100,flock,2024,3.816993,0.000000
L240101,flock,2024,7.096632,0.000000
L240102,flock,2024,4.453970,0.000000
L240103,flock,2024,3.356666,0.000000
L240104,flock,2024,5.438312,0.000000
L240105,flock,2024,1.189331,0.000000
L240106,flock,2024,-0.140991,0.000000
L240107,flock,2024,6.156545,0.000000
L240108,flock,2024,5.719474,0.000000
L240109,flock,2024,4.827281,0.000000
L240110,flock,2024,0.142339,0.000000
L240111,flock,2024,-2.350293,0.000000
L240112,flock,2024,0.413835,0.000000
L240113,flock,2024,3.538562,0.000000
L240114,flock,2024,5.824706,0.000000
L240115,flock,2024,5.688646,0.000000
L240116,flock,2024,3.084636,0.000000
L240117,flock,2024,-0.000634,0.000000
L240118,flock,2024,3.109672,0.000000
L240119,flock,2024,0.301864,0.250000
L240120,flock,2024,-0.589062,0.000000
L240121,flock,2024,3.381332,0.000000
L240122,flock,2024,5.540614,0.000000
L240123,flock,2024,3.304746,0.000000
L240124,flock,2024,4.261719,0.000000
L240125,flock,2024,-1.911229,0.000000
L240126,flock,2024,0.662804,0.000000
L240127,flock,2024,0.811499,0.000000
L240128,flock,2024,6.195669,0.000000
L240129,flock,2024,4.655882,0.000000
L240130,flock,2024,6.168586,0.250000
L240131,flock,2024,5.865933,0.250000
L240132,flock,2024,7.904309,0.000000
L240133,flock,2024,5.049725,0.000000
L240134,flock,2024,1.973734,0.250000
L240135,flock,2024,6.176237,0.000000
L240136,flock,2024,4.878336,0.000000
L240137,flock,2024,6.043124,0.000000
L240138,flock,2024,5.301055,0.000000
L240139,flock,2024,4.666224,0.000000
L240140,flock,2024,-0.554515,0.000000
L240141,flock,2024,5.993101,0.000000
L240142,flock,2024,6.207348,0.000000
L240143,flock,2024,2.880729,0.000000
L240144,flock,2024,5.719411,0.000000
L240145,flock,2024,2.413584,0.000000
L240146,flock,2024,3.804573,0.000000
L240147,flock,2024,3.548303,0.000000
L240148,flock,2024,3.794661,0.000000
L240149,flock,2024,2.446761,0.000000
L240150,flock,2024,3.599970,0.000000
