id,sire,dam,sex,birth_date
R0001,0,0,M,2018-04-10
R0002,0,0,M,2019-04-11
R0003,0,0,M,2018-04-12
R0004,0,0,M,2019-04-13
R0005,0,0,M,2018-04-14
R0006,0,0,M,2019-04-15
R0007,0,0,M,2018-04-16
R0008,0,0,M,2019-04-17
R0009,0,0,M,2018-04-18
R0010,0,0,M,2019-04-19
R0011,0,0,M,2018-04-20
R0012,0,0,M,2019-04-21
E0001,0,0,F,2018-04-01
E0002,0,0,F,2019-04-02
E0003,0,0,F,2018-04-03
E0004,0,0,F,2019-04-04
E0005,0,0,F,2018-04-05
E0006,0,0,F,2019-04-06
E0007,0,0,F,2018-04-07
E0008,0,0,F,2019-04-08
E0009,0,0,F,2018-04-09
E0010,0,0,F,2019-04-10
E0011,0,0,F,2018-04-11
E0012,0,0,F,2019-04-12
E0013,0,0,F,2018-04-13
E0014,0,0,F,2019-04-14
E0015,0,0,F,2018-04-15
E0016,0,0,F,2019-04-16
E0017,0,0,F,2018-04-17
E0018,0,0,F,2019-04-18
E0019,0,0,F,2018-04-19
E0020,0,0,F,2019-04-20
E0021,0,0,F,2018-04-21
E0022,0,0,F,2019-04-22
E0023,0,0,F,2018-04-23
E0024,0,0,F,2019-04-24
E0025,0,0,F,2018-04-25
E0026,0,0,F,2019-04-26
E0027,0,0,F,2018-04-27
E0028,0,0,F,2019-04-28
E0029,0,0,F,2018-04-01
E0030,0,0,F,2019-04-02
E0031,0,0,F,2018-04-03
E0032,0,0,F,2019-04-04
E0033,0,0,F,2018-04-05
E0034,0,0,F,2019-04-06
E0035,0,0,F,2018-04-07
E0036,0,0,F,2019-04-08
E0037,0,0,F,2018-04-09
E0038,0,0,F,2019-04-10
E0039,0,0,F,2018-04-11
E0040,0,0,F,2019-04-12
E0041,0,0,F,2018-04-13
E0042,0,0,F,2019-04-14
E0043,0,0,F,2018-04-15
E0044,0,0,F,2019-04-16
E0045,0,0,F,2018-04-17
E0046,0,0,F,2019-04-18
E0047,0,0,F,2018-04-19
E0048,0,0,F,2019-04-20
E0049,0,0,F,2018-04-21
E0050,0,0,F,2019-04-22
E0051,0,0,F,2018-04-23
E0052,0,0,F,2019-04-24
E0053,0,0,F,2018-04-25
E0054,0,0,F,2019-04-26
E0055,0,0,F,2018-04-27
E0056,0,0,F,2019-04-28
E0057,0,0,F,2018-04-01
E0058,0,0,F,2019-04-02
E0059,0,0,F,2018-04-03
E0060,0,0,F,2019-04-04
E0061,0,0,F,2018-04-05
E0062,0,0,F,2019-04-06
E0063,0,0,F,2018-04-07
E0064,0,0,F,2019-04-08
E0065,0,0,F,2018-04-09
E0066,0,0,F,2019-04-10
E0067,0,0,F,2018-04-11
E0068,0,0,F,2019-04-12
E0069,0,0,F,2018-04-13
E0070,0,0,F,2019-04-14
E0071,0,0,F,2018-04-15
E0072,0,0,F,2019-04-16
E0073,0,0,F,2018-04-17
E0074,0,0,F,2019-04-18
E0075,0,0,F,2018-04-19
E0076,0,0,F,2019-04-20
E0077,0,0,F,2018-04-21
E0078,0,0,F,2019-04-22
E0079,0,0,F,2018-04-23
E0080,0,0,F,2019-04-24
E0081,0,0,F,2018-04-25
E0082,0,0,F,2019-04-26
E0083,0,0,F,2018-04-27
E0084,0,0,F,2019-04-28
E0085,0,0,F,2018-04-01
E0086,0,0,F,2019-04-02
E0087,0,0,F,2018-04-03
E0088,0,0,F,2019-04-04
E0089,0,0,F,2018-04-05
E0090,0,0,F,2019-04-06
E0091,0,0,F,2018-04-07
E0092,0,0,F,2019-04-08
E0093,0,0,F,2018-04-09
E0094,0,0,F,2019-04-10
E0095,0,0,F,2018-04-11
E0096,0,0,F,2019-04-12
E0097,0,0,F,2018-04-13
E0098,0,0,F,2019-04-14
E0099,0,0,F,2018-04-15
E0100,0,0,F,2019-04-16
E0101,0,0,F,2018-04-17
E0102,0,0,F,2019-04-18
E0103,0,0,F,2018-04-19
E0104,0,0,F,2019-04-20
E0105,0,0,F,2018-04-21
E0106,0,0,F,2019-04-22
E0107,0,0,F,2018-04-23
E0108,0,0,F,2019-04-24
E0109,0,0,F,2018-04-25
E0110,0,0,F,2019-04-26
E0111,0,0,F,2018-04-27
E0112,0,0,F,2019-04-28
E0113,0,0,F,2018-04-01
E0114,0,0,F,2019-04-02
E0115,0,0,F,2018-04-03
E0116,0,0,F,2019-04-04
E0117,0,0,F,2018-04-05
E0118,0,0,F,2019-04-06
E0119,0,0,F,2018-04-07
E0120,0,0,F,2019-04-08
E0121,0,0,F,2018-04-09
E0122,0,0,F,2019-04-10
E0123,0,0,F,2018-04-11
E0124,0,0,F,2019-04-12
E0125,0,0,F,2018-04-13
E0126,0,0,F,2019-04-14
E0127,0,0,F,2018-04-15
E0128,0,0,F,2019-04-16
E0129,0,0,F,2018-04-17
E0130,0,0,F,2019-04-18
E0131,0,0,F,2018-04-19
E0132,0,0,F,2019-04-20
E0133,0,0,F,2018-04-21
E0134,0,0,F,2019-04-22
E0135,0,0,F,2018-04-23
E0136,0,0,F,2019-04-24
E0137,0,0,F,2018-04-25
E0138,0,0,F,2019-04-26
E0139,0,0,F,2018-04-27
E0140,0,0,F,2019-04-28
E0141,0,0,F,2018-04-01
E0142,0,0,F,2019-04-02
E0143,0,0,F,2018-04-03
E0144,0,0,F,2019-04-04
E0145,0,0,F,2018-04-05
E0146,0,0,F,2019-04-06
E0147,0,0,F,2018-04-07
E0148,0,0,F,2019-04-08
E0149,0,0,F,2018-04-09
E0150,0,0,F,2019-04-10
E0151,0,0,F,2018-04-11
E0152,0,0,F,2019-04-12
E0153,0,0,F,2018-04-13
E0154,0,0,F,2019-04-14
E0155,0,0,F,2018-04-15
E0156,0,0,F,2019-04-16
E0157,0,0,F,2018-04-17
E0158,0,0,F,2019-04-18
E0159,0,0,F,2018-04-19
E0160,0,0,F,2019-04-20
E0161,0,0,F,2018-04-21
E0162,0,0,F,2019-04-22
E0163,0,0,F,2018-04-23
E0164,0,0,F,2019-04-24
E0165,0,0,F,2018-04-25
E0166,0,0,F,2019-04-26
E0167,0,0,F,2018-04-27
E0168,0,0,F,2019-04-28
E0169,0,0,F,2018-04-01
E0170,0,0,F,2019-04-02
E0171,0,0,F,2018-04-03
E0172,0,0,F,2019-04-04
E0173,0,0,F,2018-04-05
E0174,0,0,F,2019-04-06
E0175,0,0,F,2018-04-07
E0176,0,0,F,2019-04-08
E0177,0,0,F,2018-04-09
E0178,0,0,F,2019-04-10
E0179,0,0,F,2018-04-11
E0180,0,0,F,2019-04-12
E0181,0,0,F,2018-04-13
E0182,0,0,F,2019-04-14
E0183,0,0,F,2018-04-15
E0184,0,0,F,2019-04-16
E0185,0,0,F,2018-04-17
E0186,0,0,F,2019-04-18
E0187,0,0,F,2018-04-19
E0188,0,0,F,2019-04-20
E0189,0,0,F,2018-04-21
E0190,0,0,F,2019-04-22
E0191,0,0,F,2018-04-23
E0192,0,0,F,2019-04-24
E0193,0,0,F,2018-04-25
E0194,0,0,F,2019-04-26
E0195,0,0,F,2018-04-27
E0196,0,0,F,2019-04-28
E0197,0,0,F,2018-04-01
E0198,0,0,F,2019-04-02
E0199,0,0,F,2018-04-03
E0200,0,0,F,2019-04-04
M2100001,R0007,E0001,M,2021-04-13
M2100002,R0007,E0001,M,2021-04-13
W2100003,R0010,E0002,F,2021-04-06
W2100004,R0011,E0003,F,2021-04-26
M2100005,R0011,E0003,M,2021-04-26
M2100006,R0004,E0004,M,2021-04-15
M2100007,R0003,E0005,M,2021-04-11
W2100008,R0008,E0006,F,2021-04-05
M2100009,R0001,E0007,M,2021-04-06
W2100010,R0001,E0007,F,2021-04-06
M2100011,R0006,E0008,M,2021-04-04
W2100012,R0006,E0008,F,2021-04-04
M2100013,R0001,E0009,M,2021-04-25
W2100014,R0004,E0010,F,2021-04-04
M2100015,R0001,E0011,M,2021-04-04
M2100016,R0008,E0012,M,2021-04-06
M2100017,R0008,E0012,M,2021-04-06
M2100018,R0001,E0013,M,2021-04-11
M2100019,R0001,E0013,M,2021-04-11
W2100020,R0012,E0014,F,2021-04-23
M2100021,R0012,E0014,M,2021-04-23
W2100022,R0007,E0015,F,2021-04-05
M2100023,R0007,E0015,M,2021-04-05
W2100024,R0006,E0016,F,2021-04-23
W2100025,R0001,E0017,F,2021-04-04
W2100026,R0001,E0017,F,2021-04-04
W2100027,R0008,E0018,F,2021-04-24
M2100028,R0008,E0018,M,2021-04-24
M2100029,R0003,E0019,M,2021-04-05
W2100030,R0002,E0020,F,2021-04-28
W2100031,R0001,E0021,F,2021-04-02
M2100032,R0001,E0021,M,2021-04-02
M2100033,R0006,E0022,M,2021-04-15
W2100034,R0011,E0023,F,2021-04-27
M2100035,R0004,E0024,M,2021-04-05
W2100036,R0001,E0025,F,2021-04-20
W2100037,R0012,E0026,F,2021-04-05
W2100038,R0009,E0027,F,2021-04-23
M2100039,R0009,E0027,M,2021-04-23
M2100040,R0006,E0028,M,2021-04-12
M2100041,R0006,E0028,M,2021-04-12
M2100042,R0009,E0029,M,2021-04-25
W2100043,R0004,E0030,F,2021-04-27
W2100044,R0011,E0031,F,2021-04-14
M2100045,R0008,E0032,M,2021-04-07
M2100046,R0011,E0033,M,2021-04-24
M2100047,R0008,E0034,M,2021-04-21
M2100048,R0007,E0035,M,2021-04-25
M2100049,R0007,E0035,M,2021-04-25
W2100050,R0012,E0036,F,2021-04-17
W2100051,R0009,E0037,F,2021-04-23
W2100052,R0009,E0037,F,2021-04-23
W2100053,R0002,E0038,F,2021-04-10
M2100054,R0007,E0039,M,2021-04-15
M2100055,R0007,E0039,M,2021-04-15
M2100056,R0010,E0040,M,2021-04-03
W2100057,R0003,E0041,F,2021-04-13
M2100058,R0003,E0041,M,2021-04-13
W2100059,R0012,E0042,F,2021-04-28
W2100060,R0012,E0042,F,2021-04-28
W2100061,R0012,E0042,F,2021-04-28
W2100062,R0009,E0043,F,2021-04-05
W2100063,R0009,E0043,F,2021-04-05
W2100064,R0012,E0044,F,2021-04-25
M2100065,R0005,E0045,M,2021-04-24
W2100066,R0006,E0046,F,2021-04-08
M2100067,R0011,E0047,M,2021-04-11
M2100068,R0008,E0048,M,2021-04-07
M2100069,R0009,E0049,M,2021-04-20
W2100070,R0009,E0049,F,2021-04-20
W2100071,R0008,E0050,F,2021-04-10
M2100072,R0009,E0051,M,2021-04-17
W2100073,R0012,E0052,F,2021-04-28
W2100074,R0012,E0052,F,2021-04-28
M2100075,R0009,E0053,M,2021-04-25
M2100076,R0010,E0054,M,2021-04-24
W2100077,R0007,E0055,F,2021-04-14
W2100078,R0007,E0055,F,2021-04-14
W2100079,R0007,E0055,F,2021-04-14
M2100080,R0012,E0056,M,2021-04-04
M2100081,R0007,E0057,M,2021-04-25
M2100082,R0004,E0058,M,2021-04-03
M2100083,R0005,E0059,M,2021-04-28
W2100084,R0005,E0059,F,2021-04-28
W2100085,R0010,E0060,F,2021-04-28
W2100086,R0010,E0060,F,2021-04-28
M2100087,R0005,E0061,M,2021-04-10
W2100088,R0005,E0061,F,2021-04-10
M2100089,R0002,E0062,M,2021-04-18
W2100090,R0001,E0063,F,2021-04-04
W2100091,R0010,E0064,F,2021-04-09
W2100092,R0010,E0064,F,2021-04-09
W2100093,R0005,E0065,F,2021-04-08
M2100094,R0005,E0065,M,2021-04-08
W2100095,R0008,E0066,F,2021-04-21
M2100096,R0009,E0067,M,2021-04-27
W2100097,R0009,E0067,F,2021-04-27
W2100098,R0002,E0068,F,2021-04-10
W2100099,R0003,E0069,F,2021-04-27
W2100100,R0002,E0070,F,2021-04-20
W2100101,R0002,E0070,F,2021-04-20
M2100102,R0005,E0071,M,2021-04-02
W2100103,R0012,E0072,F,2021-04-28
M2100104,R0007,E0073,M,2021-04-10
W2100105,R0007,E0073,F,2021-04-10
W2100106,R0002,E0074,F,2021-04-18
W2100107,R0001,E0075,F,2021-04-05
W2100108,R0001,E0075,F,2021-04-05
M2100109,R0010,E0076,M,2021-04-10
W2100110,R0011,E0077,F,2021-04-03
M2100111,R0011,E0077,M,2021-04-03
M2100112,R0008,E0078,M,2021-04-07
M2100113,R0007,E0079,M,2021-04-17
M2100114,R0007,E0079,M,2021-04-17
W2100115,R0004,E0080,F,2021-04-23
W2100116,R0004,E0080,F,2021-04-23
M2100117,R0004,E0080,M,2021-04-23
W2100118,R0005,E0081,F,2021-04-26
M2100119,R0004,E0082,M,2021-04-17
M2100120,R0004,E0082,M,2021-04-17
W2100121,R0007,E0083,F,2021-04-18
W2100122,R0007,E0083,F,2021-04-18
W2100123,R0010,E0084,F,2021-04-09
M2100124,R0010,E0084,M,2021-04-09
M2100125,R0005,E0085,M,2021-04-24
W2100126,R0005,E0085,F,2021-04-24
M2100127,R0002,E0086,M,2021-04-10
M2100128,R0002,E0086,M,2021-04-10
M2100129,R0003,E0087,M,2021-04-02
M2100130,R0010,E0088,M,2021-04-21
M2100131,R0010,E0088,M,2021-04-21
W2100132,R0005,E0089,F,2021-04-07
M2100133,R0005,E0089,M,2021-04-07
M2100134,R0002,E0090,M,2021-04-27
W2100135,R0009,E0091,F,2021-04-02
M2100136,R0008,E0092,M,2021-04-06
W2100137,R0008,E0092,F,2021-04-06
M2100138,R0005,E0093,M,2021-04-01
M2100139,R0005,E0093,M,2021-04-01
M2100140,R0012,E0094,M,2021-04-07
W2100141,R0012,E0094,F,2021-04-07
W2100142,R0001,E0095,F,2021-04-17
M2100143,R0001,E0095,M,2021-04-17
W2100144,R0008,E0096,F,2021-04-09
M2100145,R0009,E0097,M,2021-04-04
W2100146,R0002,E0098,F,2021-04-16
M2100147,R0009,E0099,M,2021-04-10
W2100148,R0009,E0099,F,2021-04-10
M2100149,R0008,E0100,M,2021-04-06
M2100150,R0005,E0101,M,2021-04-08
W2100151,R0002,E0102,F,2021-04-03
W2100152,R0009,E0103,F,2021-04-05
M2100153,R0009,E0103,M,2021-04-05
M2100154,R0006,E0104,M,2021-04-24
W2100155,R0006,E0104,F,2021-04-24
M2100156,R0009,E0105,M,2021-04-04
W2100157,R0004,E0106,F,2021-04-11
W2100158,R0004,E0106,F,2021-04-11
W2100159,R0001,E0107,F,2021-04-03
W2100160,R0006,E0108,F,2021-04-24
M2100161,R0006,E0108,M,2021-04-24
M2100162,R0011,E0109,M,2021-04-15
M2100163,R0012,E0110,M,2021-04-13
M2100164,R0001,E0111,M,2021-04-20
W2100165,R0006,E0112,F,2021-04-15
M2100166,R0003,E0113,M,2021-04-16
M2100167,R0012,E0114,M,2021-04-14
M2100168,R0012,E0114,M,2021-04-14
W2100169,R0005,E0115,F,2021-04-08
W2100170,R0008,E0116,F,2021-04-08
M2100171,R0009,E0117,M,2021-04-01
M2100172,R0012,E0118,M,2021-04-18
W2100173,R0003,E0119,F,2021-04-17
W2100174,R0010,E0120,F,2021-04-04
M2100175,R0009,E0121,M,2021-04-11
W2100176,R0002,E0122,F,2021-04-22
M2100177,R0011,E0123,M,2021-04-26
W2100178,R0002,E0124,F,2021-04-19
M2100179,R0003,E0125,M,2021-04-26
W2100180,R0003,E0125,F,2021-04-26
M2100181,R0003,E0125,M,2021-04-26
W2100182,R0008,E0126,F,2021-04-27
W2100183,R0005,E0127,F,2021-04-20
M2100184,R0005,E0127,M,2021-04-20
W2100185,R0004,E0128,F,2021-04-26
M2100186,R0007,E0129,M,2021-04-20
M2100187,R0012,E0130,M,2021-04-04
M2100188,R0012,E0130,M,2021-04-04
M2100189,R0011,E0131,M,2021-04-11
W2100190,R0011,E0131,F,2021-04-11
W2100191,R0008,E0132,F,2021-04-02
W2100192,R0009,E0133,F,2021-04-11
M2100193,R0004,E0134,M,2021-04-15
M2100194,R0001,E0135,M,2021-04-08
M2100195,R0002,E0136,M,2021-04-12
M2100196,R0011,E0137,M,2021-04-17
M2100197,R0004,E0138,M,2021-04-18
M2100198,R0011,E0139,M,2021-04-26
M2100199,R0006,E0140,M,2021-04-17
W2100200,R0005,E0141,F,2021-04-13
W2100201,R0005,E0141,F,2021-04-13
W2100202,R0005,E0141,F,2021-04-13
M2100203,R0004,E0142,M,2021-04-18
M2100204,R0001,E0143,M,2021-04-26
W2100205,R0006,E0144,F,2021-04-11
W2100206,R0006,E0144,F,2021-04-11
W2100207,R0001,E0145,F,2021-04-01
M2100208,R0004,E0146,M,2021-04-22
M2100209,R0007,E0147,M,2021-04-02
M2100210,R0012,E0148,M,2021-04-07
M2100211,R0012,E0148,M,2021-04-07
M2100212,R0011,E0149,M,2021-04-06
M2100213,R0002,E0150,M,2021-04-21
W2100214,R0005,E0151,F,2021-04-23
M2100215,R0008,E0152,M,2021-04-17
W2100216,R0008,E0152,F,2021-04-17
M2100217,R0008,E0152,M,2021-04-17
W2100218,R0007,E0153,F,2021-04-05
M2100219,R0010,E0154,M,2021-04-20
W2100220,R0010,E0154,F,2021-04-20
W2100221,R0001,E0155,F,2021-04-26
W2100222,R0002,E0156,F,2021-04-15
M2100223,R0011,E0157,M,2021-04-16
W2100224,R0002,E0158,F,2021-04-27
W2100225,R0005,E0159,F,2021-04-24
M2100226,R0008,E0160,M,2021-04-26
W2100227,R0008,E0160,F,2021-04-26
M2100228,R0003,E0161,M,2021-04-24
W2100229,R0003,E0161,F,2021-04-24
W2100230,R0008,E0162,F,2021-04-01
M2100231,R0008,E0162,M,2021-04-01
M2100232,R0001,E0163,M,2021-04-18
W2100233,R0002,E0164,F,2021-04-14
M2100234,R0002,E0164,M,2021-04-14
W2100235,R0001,E0165,F,2021-04-20
W2100236,R0010,E0166,F,2021-04-25
W2100237,R0011,E0167,F,2021-04-16
W2100238,R0010,E0168,F,2021-04-07
W2100239,R0010,E0168,F,2021-04-07
M2100240,R0005,E0169,M,2021-04-04
M2100241,R0005,E0169,M,2021-04-04
M2100242,R0010,E0170,M,2021-04-01
W2100243,R0001,E0171,F,2021-04-13
M2100244,R0001,E0171,M,2021-04-13
W2100245,R0001,E0171,F,2021-04-13
M2100246,R0012,E0172,M,2021-04-25
M2100247,R0012,E0172,M,2021-04-25
M2100248,R0007,E0173,M,2021-04-06
W2100249,R0006,E0174,F,2021-04-22
W2100250,R0006,E0174,F,2021-04-22
W2100251,R0011,E0175,F,2021-04-09
W2100252,R0011,E0175,F,2021-04-09
W2100253,R0006,E0176,F,2021-04-11
W2100254,R0011,E0177,F,2021-04-05
M2100255,R0011,E0177,M,2021-04-05
W2100256,R0006,E0178,F,2021-04-05
W2100257,R0009,E0179,F,2021-04-25
W2100258,R0002,E0180,F,2021-04-25
W2100259,R0005,E0181,F,2021-04-08
M2100260,R0006,E0182,M,2021-04-10
W2100261,R0007,E0183,F,2021-04-16
W2100262,R0010,E0184,F,2021-04-07
M2100263,R0010,E0184,M,2021-04-07
M2100264,R0007,E0185,M,2021-04-19
M2100265,R0010,E0186,M,2021-04-07
M2100266,R0009,E0187,M,2021-04-18
M2100267,R0009,E0187,M,2021-04-18
M2100268,R0009,E0187,M,2021-04-18
M2100269,R0012,E0188,M,2021-04-24
M2100270,R0012,E0188,M,2021-04-24
M2100271,R0011,E0189,M,2021-04-26
M2100272,R0006,E0190,M,2021-04-01
M2100273,R0006,E0190,M,2021-04-01
M2100274,R0009,E0191,M,2021-04-16
W2100275,R0009,E0191,F,2021-04-16
W2100276,R0002,E0192,F,2021-04-01
W2100277,R0005,E0193,F,2021-04-13
M2100278,R0010,E0194,M,2021-04-12
W2100279,R0010,E0194,F,2021-04-12
W2100280,R0010,E0194,F,2021-04-12
W2100281,R0007,E0195,F,2021-04-08
W2100282,R0008,E0196,F,2021-04-28
W2100283,R0008,E0196,F,2021-04-28
M2100284,R0009,E0197,M,2021-04-08
M2100285,R0009,E0197,M,2021-04-08
M2100286,R0002,E0198,M,2021-04-07
M2100287,R0002,E0198,M,2021-04-07
M2100288,R0007,E0199,M,2021-04-09
M2100289,R0007,E0199,M,2021-04-09
W2100290,R0007,E0199,F,2021-04-09
W2100291,R0006,E0200,F,2021-04-06
W2100292,R0006,E0200,F,2021-04-06
W2100293,R0006,E0200,F,2021-04-06
M2200294,M2100196,E0001,M,2022-04-28
W2200295,M2100163,E0002,F,2022-04-11
W2200296,M2100196,E0003,F,2022-04-07
W2200297,M2100286,E0004,F,2022-04-19
M2200298,M2100286,E0004,M,2022-04-19
W2200299,M2100286,E0004,F,2022-04-19
W2200300,M2100271,E0005,F,2022-04-08
M2200301,M2100163,E0006,M,2022-04-06
W2200302,M2100175,E0007,F,2022-04-28
W2200303,M2100175,E0007,F,2022-04-28
M2200304,M2100080,E0008,M,2022-04-03
W2200305,M2100196,E0009,F,2022-04-27
M2200306,M2100080,E0010,M,2022-04-03
M2200307,M2100080,E0010,M,2022-04-03
M2200308,M2100129,E0011,M,2022-04-04
M2200309,M2100129,E0011,M,2022-04-04
W2200310,M2100089,E0012,F,2022-04-09
W2200311,M2100089,E0012,F,2022-04-09
W2200312,M2100080,E0014,F,2022-04-23
W2200313,M2100080,E0014,F,2022-04-23
W2200314,M2100175,E0015,F,2022-04-10
M2200315,M2100175,E0015,M,2022-04-10
W2200316,M2100175,E0015,F,2022-04-10
M2200317,M2100193,E0016,M,2022-04-10
W2200318,M2100271,E0017,F,2022-04-07
M2200319,M2100163,E0018,M,2022-04-13
M2200320,M2100175,E0019,M,2022-04-05
W2200321,M2100175,E0019,F,2022-04-05
M2200322,M2100199,E0020,M,2022-04-14
M2200323,M2100199,E0020,M,2022-04-14
M2200324,M2100175,E0021,M,2022-04-16
M2200325,M2100199,E0022,M,2022-04-22
M2200326,M2100271,E0023,M,2022-04-28
W2200327,M2100089,E0024,F,2022-04-18
W2200328,M2100175,E0025,F,2022-04-13
W2200329,M2100175,E0025,F,2022-04-13
M2200330,M2100175,E0025,M,2022-04-13
W2200331,M2100208,E0026,F,2022-04-23
M2200332,M2100208,E0026,M,2022-04-23
W2200333,M2100080,E0028,F,2022-04-13
M2200334,M2100199,E0030,M,2022-04-14
M2200335,M2100129,E0031,M,2022-04-07
M2200336,M2100129,E0033,M,2022-04-08
M2200337,M2100129,E0033,M,2022-04-08
W2200338,M2100017,E0036,F,2022-04-21
W2200339,M2100286,E0038,F,2022-04-14
M2200340,M2100286,E0038,M,2022-04-14
M2200341,M2100196,E0039,M,2022-04-04
M2200342,M2100080,E0040,M,2022-04-03
W2200343,M2100080,E0040,F,2022-04-03
W2200344,M2100175,E0041,F,2022-04-12
W2200345,M2100175,E0041,F,2022-04-12
W2200346,M2100175,E0041,F,2022-04-12
M2200347,M2100208,E0042,M,2022-04-05
M2200348,M2100208,E0042,M,2022-04-05
W2200349,M2100208,E0042,F,2022-04-05
W2200350,M2100271,E0045,F,2022-04-09
M2200351,M2100163,E0046,M,2022-04-02
M2200352,M2100129,E0047,M,2022-04-11
W2200353,M2100129,E0047,F,2022-04-11
M2200354,M2100286,E0048,M,2022-04-19
W2200355,M2100286,E0048,F,2022-04-19
M2200356,M2100175,E0049,M,2022-04-24
M2200357,M2100175,E0049,M,2022-04-24
M2200358,M2100017,E0050,M,2022-04-05
M2200359,M2100175,E0051,M,2022-04-06
W2200360,M2100175,E0051,F,2022-04-06
M2200361,M2100017,E0052,M,2022-04-03
W2200362,M2100017,E0052,F,2022-04-03
M2200363,M2100271,E0053,M,2022-04-02
M2200364,M2100271,E0053,M,2022-04-02
M2200365,M2100089,E0054,M,2022-04-07
M2200366,M2100196,E0055,M,2022-04-04
W2200367,M2100196,E0055,F,2022-04-04
W2200368,M2100017,E0056,F,2022-04-08
W2200369,M2100129,E0057,F,2022-04-28
M2200370,M2100208,E0058,M,2022-04-28
M2200371,M2100163,E0060,M,2022-04-05
M2200372,M2100271,E0061,M,2022-04-21
W2200373,M2100271,E0061,F,2022-04-21
M2200374,M2100199,E0062,M,2022-04-10
W2200375,M2100199,E0062,F,2022-04-10
M2200376,M2100129,E0063,M,2022-04-11
W2200377,M2100129,E0063,F,2022-04-11
M2200378,M2100199,E0064,M,2022-04-25
W2200379,M2100199,E0064,F,2022-04-25
M2200380,M2100199,E0064,M,2022-04-25
M2200381,M2100196,E0065,M,2022-04-01
W2200382,M2100286,E0066,F,2022-04-12
W2200383,M2100286,E0066,F,2022-04-12
M2200384,M2100271,E0067,M,2022-04-01
W2200385,M2100199,E0068,F,2022-04-16
M2200386,M2100199,E0068,M,2022-04-16
M2200387,M2100175,E0069,M,2022-04-13
W2200388,M2100286,E0070,F,2022-04-23
M2200389,M2100175,E0071,M,2022-04-24
M2200390,M2100199,E0072,M,2022-04-15
W2200391,M2100129,E0073,F,2022-04-19
M2200392,M2100129,E0073,M,2022-04-19
M2200393,M2100017,E0074,M,2022-04-25
M2200394,M2100017,E0074,M,2022-04-25
W2200395,M2100017,E0074,F,2022-04-25
W2200396,M2100175,E0075,F,2022-04-21
W2200397,M2100089,E0076,F,2022-04-21
M2200398,M2100089,E0076,M,2022-04-21
W2200399,M2100089,E0076,F,2022-04-21
W2200400,M2100163,E0078,F,2022-04-10
M2200401,M2100163,E0078,M,2022-04-10
W2200402,M2100163,E0078,F,2022-04-10
M2200403,M2100271,E0079,M,2022-04-25
M2200404,M2100271,E0079,M,2022-04-25
M2200405,M2100129,E0081,M,2022-04-12
W2200406,M2100175,E0083,F,2022-04-08
W2200407,M2100199,E0084,F,2022-04-23
M2200408,M2100199,E0084,M,2022-04-23
W2200409,M2100175,E0085,F,2022-04-18
W2200410,M2100175,E0085,F,2022-04-18
W2200411,M2100175,E0087,F,2022-04-09
M2200412,M2100286,E0088,M,2022-04-20
W2200413,M2100286,E0088,F,2022-04-20
M2200414,M2100271,E0089,M,2022-04-13
W2200415,M2100271,E0089,F,2022-04-13
M2200416,M2100196,E0091,M,2022-04-04
M2200417,M2100196,E0091,M,2022-04-04
M2200418,M2100163,E0092,M,2022-04-23
M2200419,M2100017,E0094,M,2022-04-11
W2200420,M2100017,E0094,F,2022-04-11
M2200421,M2100017,E0094,M,2022-04-11
M2200422,M2100271,E0095,M,2022-04-23
M2200423,M2100271,E0095,M,2022-04-23
M2200424,M2100163,E0096,M,2022-04-02
W2200425,M2100163,E0096,F,2022-04-02
M2200426,M2100196,E0097,M,2022-04-02
W2200427,M2100196,E0097,F,2022-04-02
W2200428,M2100193,E0098,F,2022-04-17
M2200429,M2100193,E0098,M,2022-04-17
M2200430,M2100208,E0100,M,2022-04-27
M2200431,M2100271,E0101,M,2022-04-20
W2200432,M2100017,E0102,F,2022-04-10
W2200433,M2100017,E0102,F,2022-04-10
M2200434,M2100271,E0103,M,2022-04-24
W2200435,M2100271,E0103,F,2022-04-24
W2200436,M2100208,E0104,F,2022-04-06
W2200437,M2100196,E0105,F,2022-04-19
W2200438,M2100193,E0106,F,2022-04-11
M2200439,M2100129,E0107,M,2022-04-28
W2200440,M2100196,E0109,F,2022-04-13
M2200441,M2100286,E0110,M,2022-04-25
W2200442,M2100129,E0111,F,2022-04-03
M2200443,M2100271,E0113,M,2022-04-18
M2200444,M2100271,E0113,M,2022-04-18
W2200445,M2100208,E0114,F,2022-04-27
W2200446,M2100208,E0114,F,2022-04-27
W2200447,M2100208,E0114,F,2022-04-27
W2200448,M2100196,E0115,F,2022-04-19
W2200449,M2100271,E0117,F,2022-04-09
W2200450,M2100271,E0117,F,2022-04-09
W2200451,M2100163,E0118,F,2022-04-01
W2200452,M2100271,E0119,F,2022-04-23
W2200453,M2100208,E0120,F,2022-04-07
M2200454,M2100271,E0121,M,2022-04-02
M2200455,M2100271,E0121,M,2022-04-02
M2200456,M2100199,E0122,M,2022-04-07
W2200457,M2100129,E0123,F,2022-04-05
W2200458,M2100089,E0124,F,2022-04-03
W2200459,M2100089,E0124,F,2022-04-03
W2200460,M2100271,E0125,F,2022-04-13
W2200461,M2100271,E0125,F,2022-04-13
W2200462,M2100199,E0126,F,2022-04-21
M2200463,M2100199,E0126,M,2022-04-21
M2200464,M2100199,E0126,M,2022-04-21
M2200465,M2100271,E0127,M,2022-04-05
W2200466,M2100163,E0128,F,2022-04-10
W2200467,M2100175,E0129,F,2022-04-21
M2200468,M2100271,E0131,M,2022-04-24
W2200469,M2100017,E0132,F,2022-04-17
M2200470,M2100175,E0133,M,2022-04-16
M2200471,M2100175,E0133,M,2022-04-16
W2200472,M2100163,E0134,F,2022-04-17
M2200473,M2100163,E0134,M,2022-04-17
M2200474,M2100193,E0136,M,2022-04-21
M2200475,M2100193,E0136,M,2022-04-21
W2200476,M2100271,E0137,F,2022-04-04
W2200477,M2100271,E0137,F,2022-04-04
W2200478,M2100199,E0138,F,2022-04-06
M2200479,M2100196,E0139,M,2022-04-02
M2200480,M2100196,E0139,M,2022-04-02
M2200481,M2100017,E0140,M,2022-04-19
W2200482,M2100017,E0140,F,2022-04-19
M2200483,M2100017,E0140,M,2022-04-19
W2200484,M2100129,E0141,F,2022-04-18
W2200485,M2100089,E0142,F,2022-04-08
M2200486,M2100089,E0142,M,2022-04-08
W2200487,M2100089,E0142,F,2022-04-08
W2200488,M2100196,E0143,F,2022-04-01
M2200489,M2100196,E0143,M,2022-04-01
M2200490,M2100017,E0144,M,2022-04-03
M2200491,M2100017,E0144,M,2022-04-03
M2200492,M2100017,E0146,M,2022-04-03
W2200493,M2100017,E0146,F,2022-04-03
M2200494,M2100271,E0147,M,2022-04-23
W2200495,M2100080,E0148,F,2022-04-21
W2200496,M2100080,E0148,F,2022-04-21
M2200497,M2100196,E0149,M,2022-04-21
W2200498,M2100208,E0150,F,2022-04-01
M2200499,M2100208,E0150,M,2022-04-01
W2200500,M2100208,E0150,F,2022-04-01
W2200501,M2100129,E0151,F,2022-04-10
W2200502,M2100129,E0151,F,2022-04-10
W2200503,M2100129,E0151,F,2022-04-10
W2200504,M2100193,E0152,F,2022-04-23
W2200505,M2100193,E0152,F,2022-04-23
M2200506,M2100129,E0155,M,2022-04-04
W2200507,M2100208,E0156,F,2022-04-07
W2200508,M2100271,E0157,F,2022-04-26
M2200509,M2100199,E0158,M,2022-04-24
M2200510,M2100199,E0158,M,2022-04-24
W2200511,M2100129,E0159,F,2022-04-11
M2200512,M2100129,E0159,M,2022-04-11
M2200513,M2100286,E0160,M,2022-04-15
W2200514,M2100129,E0161,F,2022-04-03
M2200515,M2100129,E0161,M,2022-04-03
M2200516,M2100199,E0162,M,2022-04-09
M2200517,M2100196,E0163,M,2022-04-27
W2200518,M2100196,E0163,F,2022-04-27
W2200519,M2100199,E0164,F,2022-04-24
W2200520,M2100199,E0164,F,2022-04-24
M2200521,M2100271,E0165,M,2022-04-06
W2200522,M2100163,E0166,F,2022-04-07
M2200523,M2100129,E0167,M,2022-04-08
W2200524,M2100129,E0167,F,2022-04-08
M2200525,M2100208,E0168,M,2022-04-19
W2200526,M2100208,E0168,F,2022-04-19
W2200527,M2100129,E0169,F,2022-04-09
M2200528,M2100129,E0169,M,2022-04-09
M2200529,M2100080,E0170,M,2022-04-18
M2200530,M2100196,E0171,M,2022-04-14
W2200531,M2100163,E0172,F,2022-04-17
M2200532,M2100163,E0172,M,2022-04-17
W2200533,M2100271,E0173,F,2022-04-05
W2200534,M2100271,E0173,F,2022-04-05
W2200535,M2100286,E0174,F,2022-04-09
M2200536,M2100286,E0174,M,2022-04-09
M2200537,M2100286,E0176,M,2022-04-14
W2200538,M2100286,E0176,F,2022-04-14
W2200539,M2100271,E0177,F,2022-04-11
M2200540,M2100208,E0178,M,2022-04-15
W2200541,M2100208,E0178,F,2022-04-15
W2200542,M2100175,E0179,F,2022-04-03
M2200543,M2100193,E0180,M,2022-04-16
W2200544,M2100193,E0180,F,2022-04-16
M2200545,M2100175,E0181,M,2022-04-10
W2200546,M2100193,E0182,F,2022-04-02
W2200547,M2100193,E0182,F,2022-04-02
W2200548,M2100129,E0183,F,2022-04-24
W2200549,M2100196,E0185,F,2022-04-05
M2200550,M2100196,E0185,M,2022-04-05
W2200551,M2100208,E0186,F,2022-04-23
W2200552,M2100175,E0187,F,2022-04-11
W2200553,M2100175,E0187,F,2022-04-11
M2200554,M2100193,E0188,M,2022-04-13
W2200555,M2100193,E0188,F,2022-04-13
M2200556,M2100175,E0189,M,2022-04-05
M2200557,M2100017,E0190,M,2022-04-24
W2200558,M2100271,E0191,F,2022-04-06
W2200559,M2100286,E0192,F,2022-04-10
M2200560,M2100196,E0193,M,2022-04-21
W2200561,M2100196,E0193,F,2022-04-21
M2200562,M2100163,E0194,M,2022-04-15
W2200563,M2100163,E0194,F,2022-04-15
W2200564,M2100163,E0194,F,2022-04-15
M2200565,M2100271,E0195,M,2022-04-10
W2200566,M2100271,E0197,F,2022-04-08
W2200567,M2100271,E0197,F,2022-04-08
W2200568,M2100286,E0198,F,2022-04-02
W2200569,M2100196,E0199,F,2022-04-15
W2200570,M2100089,E0200,F,2022-04-09
M2200571,M2100208,W2100003,M,2022-04-08
W2200572,M2100089,W2100008,F,2022-04-18
M2200573,M2100163,W2100020,M,2022-04-16
W2200574,M2100163,W2100020,F,2022-04-16
M2200575,M2100271,W2100022,M,2022-04-19
W2200576,M2100271,W2100022,F,2022-04-19
M2200577,M2100286,W2100030,M,2022-04-14
M2200578,M2100286,W2100030,M,2022-04-14
W2200579,M2100286,W2100030,F,2022-04-14
M2200580,M2100196,W2100031,M,2022-04-23
W2200581,M2100271,W2100034,F,2022-04-01
W2200582,M2100271,W2100034,F,2022-04-01
M2200583,M2100196,W2100036,M,2022-04-15
M2200584,M2100208,W2100037,M,2022-04-09
W2200585,M2100175,W2100038,F,2022-04-22
W2200586,M2100175,W2100052,F,2022-04-11
M2200587,M2100175,W2100052,M,2022-04-11
M2200588,M2100208,W2100059,M,2022-04-09
W2200589,M2100286,W2100060,F,2022-04-01
W2200590,M2100286,W2100060,F,2022-04-01
M2200591,M2100163,W2100064,M,2022-04-16
M2200592,M2100163,W2100064,M,2022-04-16
M2200593,M2100193,W2100071,M,2022-04-11
W2200594,M2100089,W2100074,F,2022-04-19
W2200595,M2100271,W2100079,F,2022-04-13
M2200596,M2100271,W2100079,M,2022-04-13
M2200597,M2100271,W2100090,M,2022-04-10
W2200598,M2100163,W2100098,F,2022-04-16
M2200599,M2100080,W2100100,M,2022-04-11
W2200600,M2100080,W2100100,F,2022-04-11
W2200601,M2100196,W2100105,F,2022-04-24
W2200602,M2100129,W2100108,F,2022-04-07
W2200603,M2100175,W2100110,F,2022-04-11
M2200604,M2100286,W2100115,M,2022-04-24
W2200605,M2100196,W2100122,F,2022-04-05
W2200606,M2100080,W2100123,F,2022-04-17
W2200607,M2100163,W2100141,F,2022-04-07
M2200608,M2100196,W2100142,M,2022-04-22
W2200609,M2100196,W2100148,F,2022-04-18
W2200610,M2100193,W2100158,F,2022-04-08
M2200611,M2100193,W2100158,M,2022-04-08
M2200612,M2100208,W2100165,M,2022-04-16
M2200613,M2100208,W2100165,M,2022-04-16
W2200614,M2100129,W2100173,F,2022-04-07
M2200615,M2100017,W2100176,M,2022-04-13
M2200616,M2100017,W2100176,M,2022-04-13
M2200617,M2100208,W2100178,M,2022-04-02
M2200618,M2100208,W2100178,M,2022-04-02
M2200619,M2100208,W2100178,M,2022-04-02
W2200620,M2100271,W2100180,F,2022-04-06
W2200621,M2100199,W2100191,F,2022-04-19
M2200622,M2100175,W2100201,M,2022-04-01
M2200623,M2100175,W2100201,M,2022-04-01
W2200624,M2100163,W2100205,F,2022-04-07
W2200625,M2100163,W2100205,F,2022-04-07
W2200626,M2100193,W2100206,F,2022-04-20
W2200627,M2100193,W2100206,F,2022-04-20
M2200628,M2100196,W2100214,M,2022-04-28
W2200629,M2100196,W2100214,F,2022-04-28
W2200630,M2100017,W2100216,F,2022-04-08
W2200631,M2100175,W2100218,F,2022-04-07
M2200632,M2100175,W2100218,M,2022-04-07
W2200633,M2100080,W2100230,F,2022-04-01
W2200634,M2100080,W2100230,F,2022-04-01
W2200635,M2100271,W2100237,F,2022-04-24
W2200636,M2100271,W2100245,F,2022-04-19
W2200637,M2100271,W2100245,F,2022-04-19
M2200638,M2100271,W2100254,M,2022-04-24
M2200639,M2100271,W2100254,M,2022-04-24
W2200640,M2100193,W2100256,F,2022-04-20
M2200641,M2100175,W2100259,M,2022-04-07
W2200642,M2100129,W2100261,F,2022-04-19
M2200643,M2100129,W2100261,M,2022-04-19
M2200644,M2100193,W2100279,M,2022-04-23
W2200645,M2100193,W2100279,F,2022-04-23
M2200646,M2100163,W2100282,M,2022-04-27
W2300647,M2200405,E0001,F,2023-04-23
W2300648,M2200529,E0002,F,2023-04-28
W2300649,M2200529,E0002,F,2023-04-28
W2300650,M2200545,E0003,F,2023-04-06
M2300651,M2200545,E0003,M,2023-04-06
M2300652,M2200529,E0004,M,2023-04-20
W2300653,M2200529,E0004,F,2023-04-20
W2300654,M2200529,E0004,F,2023-04-20
M2300655,M2200371,E0006,M,2023-04-27
W2300656,M2200494,E0007,F,2023-04-01
M2300657,M2200301,E0008,M,2023-04-24
M2300658,M2200588,E0010,M,2023-04-19
W2300659,M2200588,E0010,F,2023-04-19
M2300660,M2200588,E0010,M,2023-04-19
W2300661,M2200545,E0011,F,2023-04-25
W2300662,M2200545,E0011,F,2023-04-25
M2300663,M2200588,E0012,M,2023-04-28
M2300664,M2200588,E0012,M,2023-04-28
W2300665,M2200571,E0014,F,2023-04-16
M2300666,M2200571,E0014,M,2023-04-16
W2300667,M2200371,E0016,F,2023-04-18
M2300668,M2200371,E0016,M,2023-04-18
W2300669,M2200494,E0019,F,2023-04-26
M2300670,M2200371,E0020,M,2023-04-16
M2300671,M2200371,E0020,M,2023-04-16
W2300672,M2200494,E0021,F,2023-04-04
W2300673,M2200319,E0022,F,2023-04-19
W2300674,M2200319,E0024,F,2023-04-18
M2300675,M2200319,E0024,M,2023-04-18
M2300676,M2200545,E0025,M,2023-04-14
M2300677,M2200529,E0026,M,2023-04-19
W2300678,M2200301,E0028,F,2023-04-20
W2300679,M2200319,E0030,F,2023-04-16
W2300680,M2200319,E0030,F,2023-04-16
M2300681,M2200381,E0031,M,2023-04-25
W2300682,M2200439,E0033,F,2023-04-04
M2300683,M2200319,E0036,M,2023-04-15
W2300684,M2200529,E0038,F,2023-04-28
W2300685,M2200381,E0039,F,2023-04-03
M2300686,M2200381,E0039,M,2023-04-03
M2300687,M2200392,E0041,M,2023-04-16
M2300688,M2200392,E0041,M,2023-04-16
W2300689,M2200371,E0042,F,2023-04-08
M2300690,M2200371,E0042,M,2023-04-08
M2300691,M2200371,E0042,M,2023-04-08
W2300692,M2200392,E0045,F,2023-04-17
W2300693,M2200392,E0045,F,2023-04-17
W2300694,M2200571,E0046,F,2023-04-02
M2300695,M2200439,E0047,M,2023-04-01
W2300696,M2200439,E0047,F,2023-04-01
W2300697,M2200301,E0048,F,2023-04-02
W2300698,M2200392,E0049,F,2023-04-01
W2300699,M2200392,E0049,F,2023-04-01
M2300700,M2200571,E0050,M,2023-04-08
M2300701,M2200571,E0050,M,2023-04-08
W2300702,M2200545,E0051,F,2023-04-28
M2300703,M2200529,E0052,M,2023-04-06
M2300704,M2200494,E0053,M,2023-04-24
W2300705,M2200494,E0053,F,2023-04-24
M2300706,M2200381,E0055,M,2023-04-15
M2300707,M2200381,E0055,M,2023-04-15
W2300708,M2200439,E0057,F,2023-04-26
M2300709,M2200319,E0058,M,2023-04-26
W2300710,M2200588,E0060,F,2023-04-17
M2300711,M2200588,E0060,M,2023-04-17
W2300712,M2200545,E0061,F,2023-04-08
M2300713,M2200545,E0061,M,2023-04-08
M2300714,M2200529,E0062,M,2023-04-03
M2300715,M2200529,E0062,M,2023-04-03
M2300716,M2200545,E0063,M,2023-04-24
M2300717,M2200545,E0063,M,2023-04-24
M2300718,M2200529,E0064,M,2023-04-24
M2300719,M2200545,E0065,M,2023-04-08
W2300720,M2200588,E0066,F,2023-04-17
M2300721,M2200439,E0067,M,2023-04-28
M2300722,M2200439,E0067,M,2023-04-28
W2300723,M2200381,E0069,F,2023-04-11
M2300724,M2200319,E0070,M,2023-04-17
W2300725,M2200545,E0073,F,2023-04-18
M2300726,M2200545,E0073,M,2023-04-18
M2300727,M2200545,E0073,M,2023-04-18
M2300728,M2200529,E0074,M,2023-04-27
M2300729,M2200529,E0074,M,2023-04-27
W2300730,M2200545,E0075,F,2023-04-17
M2300731,M2200545,E0075,M,2023-04-17
M2300732,M2200371,E0076,M,2023-04-08
M2300733,M2200371,E0076,M,2023-04-08
M2300734,M2200371,E0078,M,2023-04-21
M2300735,M2200381,E0079,M,2023-04-01
W2300736,M2200405,E0081,F,2023-04-10
M2300737,M2200545,E0083,M,2023-04-07
W2300738,M2200571,E0084,F,2023-04-13
W2300739,M2200494,E0085,F,2023-04-23
M2300740,M2200494,E0085,M,2023-04-23
W2300741,M2200545,E0087,F,2023-04-08
W2300742,M2200571,E0088,F,2023-04-01
M2300743,M2200571,E0088,M,2023-04-01
M2300744,M2200381,E0089,M,2023-04-15
M2300745,M2200381,E0089,M,2023-04-15
W2300746,M2200381,E0089,F,2023-04-15
M2300747,M2200381,E0091,M,2023-04-14
W2300748,M2200381,E0091,F,2023-04-14
W2300749,M2200571,E0092,F,2023-04-14
M2300750,M2200405,E0095,M,2023-04-22
W2300751,M2200405,E0095,F,2023-04-22
M2300752,M2200405,E0095,M,2023-04-22
W2300753,M2200301,E0096,F,2023-04-01
M2300754,M2200301,E0096,M,2023-04-01
M2300755,M2200588,E0098,M,2023-04-07
M2300756,M2200588,E0098,M,2023-04-07
M2300757,M2200588,E0100,M,2023-04-15
W2300758,M2200588,E0100,F,2023-04-15
M2300759,M2200381,E0101,M,2023-04-17
W2300760,M2200381,E0101,F,2023-04-17
M2300761,M2200319,E0102,M,2023-04-09
W2300762,M2200319,E0102,F,2023-04-09
M2300763,M2200439,E0103,M,2023-04-25
M2300764,M2200439,E0103,M,2023-04-25
W2300765,M2200301,E0104,F,2023-04-25
M2300766,M2200301,E0104,M,2023-04-25
M2300767,M2200392,E0105,M,2023-04-15
W2300768,M2200529,E0106,F,2023-04-12
M2300769,M2200529,E0106,M,2023-04-12
M2300770,M2200392,E0107,M,2023-04-15
M2300771,M2200392,E0109,M,2023-04-17
M2300772,M2200301,E0110,M,2023-04-01
M2300773,M2200494,E0111,M,2023-04-16
W2300774,M2200494,E0113,F,2023-04-06
M2300775,M2200371,E0114,M,2023-04-09
W2300776,M2200371,E0114,F,2023-04-09
M2300777,M2200392,E0115,M,2023-04-24
W2300778,M2200392,E0115,F,2023-04-24
W2300779,M2200392,E0115,F,2023-04-24
M2300780,M2200405,E0117,M,2023-04-23
M2300781,M2200405,E0117,M,2023-04-23
W2300782,M2200405,E0117,F,2023-04-23
W2300783,M2200588,E0118,F,2023-04-28
W2300784,M2200439,E0119,F,2023-04-05
M2300785,M2200439,E0119,M,2023-04-05
W2300786,M2200529,E0120,F,2023-04-03
M2300787,M2200529,E0120,M,2023-04-03
W2300788,M2200494,E0121,F,2023-04-17
W2300789,M2200494,E0121,F,2023-04-17
W2300790,M2200371,E0122,F,2023-04-20
W2300791,M2200571,E0124,F,2023-04-17
M2300792,M2200571,E0124,M,2023-04-17
W2300793,M2200494,E0125,F,2023-04-22
M2300794,M2200494,E0125,M,2023-04-22
W2300795,M2200529,E0126,F,2023-04-07
M2300796,M2200392,E0127,M,2023-04-17
M2300797,M2200392,E0127,M,2023-04-17
W2300798,M2200392,E0127,F,2023-04-17
W2300799,M2200571,E0128,F,2023-04-20
M2300800,M2200381,E0129,M,2023-04-19
W2300801,M2200529,E0132,F,2023-04-01
W2300802,M2200529,E0132,F,2023-04-01
M2300803,M2200545,E0133,M,2023-04-26
W2300804,M2200545,E0133,F,2023-04-26
M2300805,M2200588,E0134,M,2023-04-09
M2300806,M2200301,E0136,M,2023-04-24
W2300807,M2200301,E0136,F,2023-04-24
M2300808,M2200545,E0137,M,2023-04-18
M2300809,M2200545,E0137,M,2023-04-18
M2300810,M2200319,E0138,M,2023-04-18
W2300811,M2200319,E0138,F,2023-04-18
W2300812,M2200588,E0140,F,2023-04-26
W2300813,M2200588,E0140,F,2023-04-26
M2300814,M2200381,E0141,M,2023-04-08
M2300815,M2200381,E0141,M,2023-04-08
M2300816,M2200371,E0142,M,2023-04-05
W2300817,M2200545,E0143,F,2023-04-08
M2300818,M2200545,E0143,M,2023-04-08
M2300819,M2200319,E0144,M,2023-04-15
M2300820,M2200319,E0144,M,2023-04-15
M2300821,M2200319,E0144,M,2023-04-15
W2300822,M2200529,E0146,F,2023-04-06
M2300823,M2200529,E0146,M,2023-04-06
M2300824,M2200439,E0147,M,2023-04-11
W2300825,M2200571,E0148,F,2023-04-02
M2300826,M2200571,E0148,M,2023-04-02
M2300827,M2200392,E0149,M,2023-04-04
M2300828,M2200392,E0149,M,2023-04-04
W2300829,M2200392,E0149,F,2023-04-04
W2300830,M2200301,E0150,F,2023-04-10
W2300831,M2200301,E0150,F,2023-04-10
W2300832,M2200405,E0151,F,2023-04-16
M2300833,M2200381,E0155,M,2023-04-27
M2300834,M2200381,E0155,M,2023-04-27
M2300835,M2200588,E0156,M,2023-04-18
W2300836,M2200588,E0156,F,2023-04-18
W2300837,M2200371,E0158,F,2023-04-16
M2300838,M2200371,E0158,M,2023-04-16
W2300839,M2200405,E0159,F,2023-04-17
W2300840,M2200405,E0159,F,2023-04-17
W2300841,M2200405,E0159,F,2023-04-17
W2300842,M2200301,E0160,F,2023-04-15
W2300843,M2200301,E0160,F,2023-04-15
M2300844,M2200381,E0161,M,2023-04-16
M2300845,M2200545,E0163,M,2023-04-04
M2300846,M2200545,E0163,M,2023-04-04
M2300847,M2200529,E0164,M,2023-04-26
M2300848,M2200392,E0165,M,2023-04-21
M2300849,M2200392,E0165,M,2023-04-21
M2300850,M2200439,E0167,M,2023-04-14
M2300851,M2200439,E0167,M,2023-04-14
M2300852,M2200371,E0170,M,2023-04-24
M2300853,M2200371,E0170,M,2023-04-24
M2300854,M2200439,E0171,M,2023-04-02
M2300855,M2200439,E0171,M,2023-04-02
M2300856,M2200529,E0172,M,2023-04-21
M2300857,M2200529,E0172,M,2023-04-21
W2300858,M2200439,E0173,F,2023-04-22
M2300859,M2200439,E0173,M,2023-04-22
M2300860,M2200571,E0174,M,2023-04-06
M2300861,M2200571,E0174,M,2023-04-06
W2300862,M2200571,E0174,F,2023-04-06
M2300863,M2200494,E0177,M,2023-04-26
M2300864,M2200371,E0178,M,2023-04-11
M2300865,M2200392,E0179,M,2023-04-11
W2300866,M2200545,E0181,F,2023-04-23
W2300867,M2200371,E0182,F,2023-04-17
W2300868,M2200381,E0183,F,2023-04-16
W2300869,M2200381,E0183,F,2023-04-16
W2300870,M2200545,E0185,F,2023-04-09
M2300871,M2200545,E0185,M,2023-04-09
W2300872,M2200545,E0185,F,2023-04-09
M2300873,M2200529,E0186,M,2023-04-26
W2300874,M2200392,E0187,F,2023-04-28
W2300875,M2200301,E0188,F,2023-04-19
W2300876,M2200301,E0188,F,2023-04-19
W2300877,M2200439,E0189,F,2023-04-15
W2300878,M2200588,E0190,F,2023-04-13
W2300879,M2200588,E0190,F,2023-04-13
M2300880,M2200545,E0191,M,2023-04-24
M2300881,M2200529,E0192,M,2023-04-17
W2300882,M2200494,E0193,F,2023-04-14
M2300883,M2200529,E0194,M,2023-04-17
W2300884,M2200529,E0194,F,2023-04-17
M2300885,M2200545,E0197,M,2023-04-15
W2300886,M2200545,E0199,F,2023-04-19
M2300887,M2200545,E0199,M,2023-04-19
M2300888,M2200301,E0200,M,2023-04-12
M2300889,M2200371,W2100003,M,2023-04-20
M2300890,M2200319,W2100020,M,2023-04-22
M2300891,M2200319,W2100020,M,2023-04-22
M2300892,M2200439,W2100022,M,2023-04-01
W2300893,M2200439,W2100022,F,2023-04-01
W2300894,M2200439,W2100022,F,2023-04-01
W2300895,M2200529,W2100030,F,2023-04-08
W2300896,M2200529,W2100030,F,2023-04-08
M2300897,M2200545,W2100031,M,2023-04-19
M2300898,M2200392,W2100034,M,2023-04-09
W2300899,M2200392,W2100034,F,2023-04-09
M2300900,M2200381,W2100036,M,2023-04-03
W2300901,M2200381,W2100036,F,2023-04-03
M2300902,M2200381,W2100036,M,2023-04-03
W2300903,M2200301,W2100037,F,2023-04-05
W2300904,M2200381,W2100038,F,2023-04-09
M2300905,M2200381,W2100038,M,2023-04-09
W2300906,M2200571,W2100059,F,2023-04-22
M2300907,M2200371,W2100060,M,2023-04-13
M2300908,M2200301,W2100064,M,2023-04-02
W2300909,M2200301,W2100071,F,2023-04-19
M2300910,M2200301,W2100074,M,2023-04-16
W2300911,M2200494,W2100079,F,2023-04-22
M2300912,M2200494,W2100079,M,2023-04-22
W2300913,M2200545,W2100090,F,2023-04-11
M2300914,M2200545,W2100090,M,2023-04-11
M2300915,M2200319,W2100098,M,2023-04-09
M2300916,M2200319,W2100098,M,2023-04-09
M2300917,M2200588,W2100100,M,2023-04-27
M2300918,M2200588,W2100100,M,2023-04-27
W2300919,M2200392,W2100105,F,2023-04-09
M2300920,M2200439,W2100108,M,2023-04-24
M2300921,M2200381,W2100110,M,2023-04-13
W2300922,M2200381,W2100110,F,2023-04-13
W2300923,M2200588,W2100115,F,2023-04-26
M2300924,M2200545,W2100122,M,2023-04-28
W2300925,M2200545,W2100122,F,2023-04-28
W2300926,M2200371,W2100123,F,2023-04-08
W2300927,M2200371,W2100141,F,2023-04-17
W2300928,M2200494,W2100142,F,2023-04-05
M2300929,M2200494,W2100142,M,2023-04-05
W2300930,M2200545,W2100148,F,2023-04-10
W2300931,M2200319,W2100158,F,2023-04-17
M2300932,M2200371,W2100165,M,2023-04-06
W2300933,M2200381,W2100173,F,2023-04-18
M2300934,M2200381,W2100173,M,2023-04-18
M2300935,M2200319,W2100176,M,2023-04-14
W2300936,M2200319,W2100176,F,2023-04-14
W2300937,M2200319,W2100178,F,2023-04-26
M2300938,M2200588,W2100191,M,2023-04-21
M2300939,M2200588,W2100191,M,2023-04-21
M2300940,M2200494,W2100201,M,2023-04-15
W2300941,M2200494,W2100201,F,2023-04-15
M2300942,M2200588,W2100205,M,2023-04-19
W2300943,M2200571,W2100206,F,2023-04-18
M2300944,M2200405,W2100214,M,2023-04-20
M2300945,M2200405,W2100214,M,2023-04-20
M2300946,M2200405,W2100214,M,2023-04-20
M2300947,M2200529,W2100230,M,2023-04-03
M2300948,M2200529,W2100230,M,2023-04-03
W2300949,M2200494,W2100237,F,2023-04-01
W2300950,M2200494,W2100237,F,2023-04-01
W2300951,M2200392,W2100245,F,2023-04-08
M2300952,M2200392,W2100245,M,2023-04-08
M2300953,M2200381,W2100254,M,2023-04-07
M2300954,M2200571,W2100256,M,2023-04-08
M2300955,M2200439,W2100259,M,2023-04-05
W2300956,M2200405,W2100261,F,2023-04-06
W2300957,M2200405,W2100261,F,2023-04-06
M2300958,M2200405,W2100261,M,2023-04-06
M2300959,M2200371,W2100279,M,2023-04-13
M2300960,M2200371,W2100279,M,2023-04-13
M2300961,M2200371,W2100282,M,2023-04-03
W2300962,M2200301,W2200295,F,2023-04-28
M2300963,M2200381,W2200296,M,2023-04-23
M2300964,M2200301,W2200297,M,2023-04-07
W2300965,M2200301,W2200297,F,2023-04-07
M2300966,M2200529,W2200299,M,2023-04-22
W2300967,M2200405,W2200314,F,2023-04-12
M2300968,M2200439,W2200318,M,2023-04-25
W2300969,M2200439,W2200318,F,2023-04-25
W2300970,M2200571,W2200327,F,2023-04-06
M2300971,M2200571,W2200327,M,2023-04-06
W2300972,M2200571,W2200327,F,2023-04-06
W2300973,M2200494,W2200329,F,2023-04-12
W2300974,M2200494,W2200329,F,2023-04-12
M2300975,M2200319,W2200331,M,2023-04-24
W2300976,M2200319,W2200338,F,2023-04-24
M2300977,M2200319,W2200343,M,2023-04-24
W2300978,M2200319,W2200343,F,2023-04-24
M2300979,M2200381,W2200346,M,2023-04-14
W2300980,M2200319,W2200349,F,2023-04-03
M2300981,M2200319,W2200349,M,2023-04-03
W2300982,M2200494,W2200353,F,2023-04-09
M2300983,M2200494,W2200353,M,2023-04-09
W2300984,M2200319,W2200362,F,2023-04-04
W2300985,M2200381,W2200369,F,2023-04-02
W2300986,M2200319,W2200375,F,2023-04-03
W2300987,M2200319,W2200375,F,2023-04-03
M2300988,M2200371,W2200385,M,2023-04-08
M2300989,M2200371,W2200385,M,2023-04-08
M2300990,M2200371,W2200385,M,2023-04-08
W2300991,M2200301,W2200388,F,2023-04-12
M2300992,M2200571,W2200395,M,2023-04-18
W2300993,M2200319,W2200397,F,2023-04-16
M2300994,M2200301,W2200400,M,2023-04-12
W2300995,M2200319,W2200402,F,2023-04-27
M2300996,M2200439,W2200406,M,2023-04-05
W2300997,M2200439,W2200406,F,2023-04-05
W2300998,M2200439,W2200410,F,2023-04-27
W2300999,M2200439,W2200410,F,2023-04-27
W2301000,M2200392,W2200411,F,2023-04-07
M2301001,M2200588,W2200413,M,2023-04-07
W2301002,M2200588,W2200413,F,2023-04-07
M2301003,M2200494,W2200415,M,2023-04-25
M2301004,M2200494,W2200415,M,2023-04-25
M2301005,M2200571,W2200425,M,2023-04-13
W2301006,M2200571,W2200433,F,2023-04-21
M2301007,M2200439,W2200437,M,2023-04-19
M2301008,M2200439,W2200437,M,2023-04-19
M2301009,M2200529,W2200438,M,2023-04-25
M2301010,M2200405,W2200440,M,2023-04-16
W2301011,M2200494,W2200442,F,2023-04-05
W2301012,M2200494,W2200448,F,2023-04-04
M2301013,M2200494,W2200448,M,2023-04-04
M2301014,M2200392,W2200450,M,2023-04-18
W2301015,M2200392,W2200450,F,2023-04-18
M2301016,M2200301,W2200451,M,2023-04-12
M2301017,M2200371,W2200458,M,2023-04-15
M2301018,M2200371,W2200458,M,2023-04-15
W2301019,M2200571,W2200469,F,2023-04-28
M2301020,M2200371,W2200496,M,2023-04-27
M2301021,M2200371,W2200496,M,2023-04-27
W2301022,M2200405,W2200502,F,2023-04-22
M2301023,M2200588,W2200507,M,2023-04-22
M2301024,M2200439,W2200511,M,2023-04-27
W2301025,M2200371,W2200519,F,2023-04-24
M2301026,M2200371,W2200519,M,2023-04-24
W2301027,M2200371,W2200520,F,2023-04-13
W2301028,M2200371,W2200520,F,2023-04-13
M2301029,M2200301,W2200526,M,2023-04-20
W2301030,M2200301,W2200526,F,2023-04-20
W2301031,M2200319,W2200538,F,2023-04-16
M2301032,M2200301,W2200544,M,2023-04-12
M2301033,M2200301,W2200547,M,2023-04-18
M2301034,M2200301,W2200547,M,2023-04-18
M2301035,M2200494,W2200549,M,2023-04-27
M2301036,M2200494,W2200549,M,2023-04-27
M2301037,M2200381,W2200561,M,2023-04-17
W2301038,M2200381,W2200561,F,2023-04-17
M2301039,M2200571,W2200564,M,2023-04-01
W2301040,M2200588,W2200568,F,2023-04-15
W2301041,M2200405,W2200569,F,2023-04-11
M2301042,M2200405,W2200569,M,2023-04-11
W2301043,M2200319,W2200570,F,2023-04-21
M2301044,M2200371,W2200574,M,2023-04-16
M2301045,M2200319,W2200579,M,2023-04-15
W2301046,M2200494,W2200595,F,2023-04-16
W2301047,M2200405,W2200603,F,2023-04-07
M2301048,M2200405,W2200603,M,2023-04-07
M2301049,M2200439,W2200605,M,2023-04-25
M2301050,M2200439,W2200605,M,2023-04-25
M2301051,M2200588,W2200610,M,2023-04-07
W2301052,M2200529,W2200640,F,2023-04-26
W2401053,M2300773,E0001,F,2024-04-01
W2401054,M2300724,E0002,F,2024-04-10
M2401055,M2300773,E0003,M,2024-04-26
M2401056,M2300907,E0004,M,2024-04-05
M2401057,M2300907,E0004,M,2024-04-05
M2401058,M2300805,E0006,M,2024-04-25
W2401059,M2300805,E0006,F,2024-04-25
M2401060,M2300805,E0008,M,2024-04-02
M2401061,M2300805,E0010,M,2024-04-25
M2401062,M2300805,E0010,M,2024-04-25
M2401063,M2300709,E0014,M,2024-04-19
W2401064,M2300724,E0016,F,2024-04-13
M2401065,M2300773,E0021,M,2024-04-23
M2401066,M2300709,E0022,M,2024-04-23
W2401067,M2300947,E0024,F,2024-04-01
W2401068,M2300947,E0024,F,2024-04-01
M2401069,M2300773,E0025,M,2024-04-14
W2401070,M2300715,E0026,F,2024-04-05
M2401071,M2300907,E0028,M,2024-04-03
W2401072,M2300805,E0030,F,2024-04-21
M2401073,M2300805,E0030,M,2024-04-21
W2401074,M2300805,E0030,F,2024-04-21
W2401075,M2300724,E0036,F,2024-04-06
W2401076,M2300805,E0038,F,2024-04-03
M2401077,M2300773,E0041,M,2024-04-26
M2401078,M2300709,E0042,M,2024-04-07
W2401079,M2300709,E0042,F,2024-04-07
W2401080,M2300773,E0045,F,2024-04-01
M2401081,M2300773,E0045,M,2024-04-01
M2401082,M2300826,E0046,M,2024-04-08
W2401083,M2300773,E0047,F,2024-04-05
M2401084,M2300889,E0048,M,2024-04-10
M2401085,M2300961,E0050,M,2024-04-18
W2401086,M2300773,E0051,F,2024-04-03
W2401087,M2300773,E0053,F,2024-04-16
W2401088,M2300773,E0055,F,2024-04-16
M2401089,M2300773,E0057,M,2024-04-19
W2401090,M2300773,E0057,F,2024-04-19
M2401091,M2300947,E0058,M,2024-04-17
W2401092,M2300889,E0060,F,2024-04-25
M2401093,M2300889,E0060,M,2024-04-25
M2401094,M2300889,E0060,M,2024-04-25
W2401095,M2300773,E0061,F,2024-04-28
M2401096,M2300773,E0061,M,2024-04-28
W2401097,M2300715,E0062,F,2024-04-23
M2401098,M2300715,E0062,M,2024-04-23
M2401099,M2300773,E0063,M,2024-04-25
M2401100,M2300773,E0063,M,2024-04-25
W2401101,M2300773,E0065,F,2024-04-02
M2401102,M2300773,E0065,M,2024-04-02
W2401103,M2300961,E0066,F,2024-04-14
M2401104,M2300961,E0066,M,2024-04-14
M2401105,M2300773,E0067,M,2024-04-09
W2401106,M2300773,E0067,F,2024-04-09
M2401107,M2300773,E0069,M,2024-04-03
W2401108,M2300773,E0069,F,2024-04-03
W2401109,M2300947,E0070,F,2024-04-23
W2401110,M2300947,E0070,F,2024-04-23
M2401111,M2300773,E0073,M,2024-04-25
M2401112,M2300773,E0073,M,2024-04-25
M2401113,M2300961,E0074,M,2024-04-12
W2401114,M2300961,E0074,F,2024-04-12
W2401115,M2300773,E0075,F,2024-04-06
M2401116,M2300773,E0075,M,2024-04-06
M2401117,M2300709,E0076,M,2024-04-19
W2401118,M2300709,E0076,F,2024-04-19
M2401119,M2300715,E0078,M,2024-04-13
M2401120,M2300715,E0078,M,2024-04-13
M2401121,M2300773,E0081,M,2024-04-25
W2401122,M2300773,E0081,F,2024-04-25
W2401123,M2300889,E0084,F,2024-04-04
W2401124,M2300889,E0084,F,2024-04-04
M2401125,M2300889,E0084,M,2024-04-04
M2401126,M2300773,E0085,M,2024-04-12
W2401127,M2300773,E0085,F,2024-04-12
W2401128,M2300773,E0087,F,2024-04-21
W2401129,M2300715,E0088,F,2024-04-20
W2401130,M2300715,E0088,F,2024-04-20
W2401131,M2300773,E0089,F,2024-04-25
M2401132,M2300773,E0091,M,2024-04-03
W2401133,M2300724,E0092,F,2024-04-10
M2401134,M2300773,E0095,M,2024-04-02
M2401135,M2300773,E0095,M,2024-04-02
M2401136,M2300805,E0096,M,2024-04-06
W2401137,M2300889,E0098,F,2024-04-15
W2401138,M2300939,E0100,F,2024-04-13
W2401139,M2300939,E0100,F,2024-04-13
W2401140,M2300773,E0101,F,2024-04-13
W2401141,M2300773,E0101,F,2024-04-13
W2401142,M2300715,E0102,F,2024-04-15
W2401143,M2300942,E0104,F,2024-04-09
W2401144,M2300773,E0105,F,2024-04-22
W2401145,M2300889,E0106,F,2024-04-16
W2401146,M2300773,E0107,F,2024-04-23
W2401147,M2300773,E0109,F,2024-04-14
M2401148,M2300773,E0109,M,2024-04-14
M2401149,M2300889,E0110,M,2024-04-21
M2401150,M2300889,E0110,M,2024-04-21
W2401151,M2300773,E0113,F,2024-04-12
M2401152,M2300889,E0114,M,2024-04-07
W2401153,M2300889,E0114,F,2024-04-07
M2401154,M2300773,E0117,M,2024-04-06
W2401155,M2300773,E0117,F,2024-04-06
W2401156,M2300961,E0118,F,2024-04-28
M2401157,M2300961,E0118,M,2024-04-28
W2401158,M2300773,E0119,F,2024-04-13
W2401159,M2300907,E0120,F,2024-04-22
W2401160,M2300773,E0121,F,2024-04-04
M2401161,M2300773,E0121,M,2024-04-04
W2401162,M2300961,E0122,F,2024-04-13
M2401163,M2300715,E0124,M,2024-04-10
W2401164,M2300715,E0124,F,2024-04-10
M2401165,M2300773,E0125,M,2024-04-15
W2401166,M2300773,E0125,F,2024-04-15
W2401167,M2300773,E0125,F,2024-04-15
M2401168,M2300805,E0126,M,2024-04-20
W2401169,M2300805,E0126,F,2024-04-20
W2401170,M2300773,E0127,F,2024-04-13
M2401171,M2300773,E0127,M,2024-04-13
W2401172,M2300773,E0127,F,2024-04-13
M2401173,M2300773,E0129,M,2024-04-20
W2401174,M2300826,E0132,F,2024-04-03
M2401175,M2300773,E0133,M,2024-04-24
W2401176,M2300773,E0133,F,2024-04-24
M2401177,M2300942,E0140,M,2024-04-02
W2401178,M2300942,E0140,F,2024-04-02
W2401179,M2300773,E0141,F,2024-04-02
W2401180,M2300773,E0141,F,2024-04-02
M2401181,M2300939,E0142,M,2024-04-03
W2401182,M2300939,E0142,F,2024-04-03
M2401183,M2300773,E0143,M,2024-04-15
W2401184,M2300715,E0146,F,2024-04-03
M2401185,M2300773,E0147,M,2024-04-07
M2401186,M2300715,E0148,M,2024-04-24
M2401187,M2300715,E0148,M,2024-04-24
W2401188,M2300773,E0149,F,2024-04-10
M2401189,M2300826,E0150,M,2024-04-15
M2401190,M2300826,E0150,M,2024-04-15
W2401191,M2300773,E0151,F,2024-04-24
M2401192,M2300773,E0151,M,2024-04-24
W2401193,M2300773,E0155,F,2024-04-01
M2401194,M2300773,E0155,M,2024-04-01
M2401195,M2300715,E0156,M,2024-04-24
M2401196,M2300907,E0158,M,2024-04-27
W2401197,M2300907,E0158,F,2024-04-27
M2401198,M2300773,E0159,M,2024-04-24
M2401199,M2300773,E0163,M,2024-04-22
M2401200,M2300773,E0163,M,2024-04-22
M2401201,M2300715,E0164,M,2024-04-27
M2401202,M2300715,E0164,M,2024-04-27
M2401203,M2300773,E0165,M,2024-04-06
W2401204,M2300773,E0165,F,2024-04-06
M2401205,M2300773,E0167,M,2024-04-23
M2401206,M2300773,E0167,M,2024-04-23
W2401207,M2300907,E0170,F,2024-04-18
M2401208,M2300907,E0170,M,2024-04-18
M2401209,M2300773,E0171,M,2024-04-01
W2401210,M2300947,E0172,F,2024-04-19
M2401211,M2300947,E0172,M,2024-04-19
M2401212,M2300826,E0174,M,2024-04-03
M2401213,M2300773,E0177,M,2024-04-16
M2401214,M2300773,E0177,M,2024-04-16
W2401215,M2300709,E0178,F,2024-04-04
W2401216,M2300773,E0179,F,2024-04-04
W2401217,M2300773,E0181,F,2024-04-06
M2401218,M2300805,E0182,M,2024-04-19
W2401219,M2300773,E0183,F,2024-04-08
M2401220,M2300773,E0185,M,2024-04-19
W2401221,M2300773,E0185,F,2024-04-19
W2401222,M2300715,E0186,F,2024-04-15
M2401223,M2300715,E0186,M,2024-04-15
M2401224,M2300773,E0187,M,2024-04-11
M2401225,M2300961,E0188,M,2024-04-25
M2401226,M2300961,E0188,M,2024-04-25
M2401227,M2300773,E0189,M,2024-04-12
W2401228,M2300773,E0189,F,2024-04-12
W2401229,M2300961,E0190,F,2024-04-07
M2401230,M2300773,E0191,M,2024-04-25
W2401231,M2300773,E0193,F,2024-04-04
W2401232,M2300907,E0194,F,2024-04-05
M2401233,M2300907,E0194,M,2024-04-05
M2401234,M2300773,E0197,M,2024-04-05
M2401235,M2300773,E0197,M,2024-04-05
W2401236,M2300773,E0199,F,2024-04-14
M2401237,M2300773,E0199,M,2024-04-14
W2401238,M2300773,E0199,F,2024-04-14
W2401239,M2300826,E0200,F,2024-04-12
M2401240,M2300715,W2100003,M,2024-04-07
M2401241,M2300773,W2100022,M,2024-04-04
M2401242,M2300942,W2100030,M,2024-04-06
W2401243,M2300942,W2100030,F,2024-04-06
W2401244,M2300773,W2100031,F,2024-04-25
W2401245,M2300773,W2100031,F,2024-04-25
W2401246,M2300773,W2100034,F,2024-04-22
W2401247,M2300773,W2100034,F,2024-04-22
W2401248,M2300773,W2100036,F,2024-04-08
W2401249,M2300773,W2100038,F,2024-04-18
M2401250,M2300773,W2100038,M,2024-04-18
M2401251,M2300773,W2100038,M,2024-04-18
W2401252,M2300889,W2100059,F,2024-04-14
W2401253,M2300826,W2100060,F,2024-04-26
W2401254,M2300826,W2100060,F,2024-04-26
W2401255,M2300942,W2100064,F,2024-04-18
W2401256,M2300942,W2100064,F,2024-04-18
W2401257,M2300947,W2100071,F,2024-04-27
M2401258,M2300724,W2100074,M,2024-04-18
W2401259,M2300773,W2100079,F,2024-04-10
M2401260,M2300773,W2100079,M,2024-04-10
W2401261,M2300773,W2100090,F,2024-04-16
W2401262,M2300715,W2100100,F,2024-04-16
M2401263,M2300715,W2100100,M,2024-04-16
W2401264,M2300773,W2100105,F,2024-04-20
W2401265,M2300773,W2100110,F,2024-04-11
W2401266,M2300773,W2100110,F,2024-04-11
W2401267,M2300961,W2100115,F,2024-04-16
W2401268,M2300961,W2100115,F,2024-04-16
W2401269,M2300773,W2100122,F,2024-04-13
M2401270,M2300773,W2100122,M,2024-04-13
M2401271,M2300715,W2100123,M,2024-04-12
M2401272,M2300805,W2100141,M,2024-04-05
W2401273,M2300805,W2100141,F,2024-04-05
M2401274,M2300773,W2100148,M,2024-04-14
W2401275,M2300773,W2100148,F,2024-04-14
M2401276,M2300724,W2100165,M,2024-04-28
M2401277,M2300773,W2100173,M,2024-04-19
W2401278,M2300773,W2100173,F,2024-04-19
W2401279,M2300773,W2100173,F,2024-04-19
W2401280,M2300826,W2100178,F,2024-04-23
W2401281,M2300773,W2100201,F,2024-04-13
W2401282,M2300773,W2100201,F,2024-04-13
W2401283,M2300709,W2100205,F,2024-04-08
M2401284,M2300773,W2100214,M,2024-04-27
W2401285,M2300773,W2100214,F,2024-04-27
M2401286,M2300805,W2100230,M,2024-04-08
M2401287,M2300805,W2100230,M,2024-04-08
W2401288,M2300773,W2100237,F,2024-04-28
W2401289,M2300773,W2100245,F,2024-04-19
W2401290,M2300773,W2100254,F,2024-04-09
W2401291,M2300724,W2100256,F,2024-04-03
M2401292,M2300724,W2100256,M,2024-04-03
M2401293,M2300939,W2100279,M,2024-04-25
W2401294,M2300939,W2100279,F,2024-04-25
M2401295,M2300939,W2100279,M,2024-04-25
W2401296,M2300805,W2200295,F,2024-04-19
M2401297,M2300773,W2200296,M,2024-04-28
M2401298,M2300773,W2200296,M,2024-04-28
M2401299,M2300907,W2200297,M,2024-04-09
W2401300,M2300907,W2200297,F,2024-04-09
W2401301,M2300907,W2200299,F,2024-04-14
W2401302,M2300907,W2200299,F,2024-04-14
W2401303,M2300773,W2200314,F,2024-04-28
M2401304,M2300773,W2200314,M,2024-04-28
M2401305,M2300773,W2200318,M,2024-04-25
M2401306,M2300773,W2200318,M,2024-04-25
W2401307,M2300715,W2200327,F,2024-04-18
M2401308,M2300715,W2200327,M,2024-04-18
M2401309,M2300773,W2200329,M,2024-04-11
W2401310,M2300773,W2200329,F,2024-04-11
M2401311,M2300942,W2200331,M,2024-04-13
M2401312,M2300939,W2200338,M,2024-04-09
W2401313,M2300907,W2200343,F,2024-04-21
W2401314,M2300773,W2200346,F,2024-04-17
W2401315,M2300889,W2200349,F,2024-04-18
W2401316,M2300773,W2200353,F,2024-04-19
W2401317,M2300947,W2200362,F,2024-04-12
M2401318,M2300773,W2200369,M,2024-04-20
W2401319,M2300773,W2200369,F,2024-04-20
M2401320,M2300961,W2200375,M,2024-04-01
M2401321,M2300961,W2200375,M,2024-04-01
W2401322,M2300907,W2200388,F,2024-04-15
M2401323,M2300907,W2200388,M,2024-04-15
M2401324,M2300889,W2200395,M,2024-04-10
M2401325,M2300889,W2200397,M,2024-04-09
M2401326,M2300889,W2200397,M,2024-04-09
M2401327,M2300889,W2200397,M,2024-04-09
W2401328,M2300724,W2200400,F,2024-04-07
M2401329,M2300961,W2200402,M,2024-04-25
M2401330,M2300773,W2200406,M,2024-04-10
M2401331,M2300773,W2200406,M,2024-04-10
W2401332,M2300773,W2200410,F,2024-04-15
M2401333,M2300773,W2200410,M,2024-04-15
W2401334,M2300773,W2200411,F,2024-04-01
W2401335,M2300773,W2200411,F,2024-04-01
M2401336,M2300947,W2200413,M,2024-04-10
W2401337,M2300773,W2200415,F,2024-04-13
M2401338,M2300773,W2200415,M,2024-04-13
W2401339,M2300889,W2200425,F,2024-04-10
M2401340,M2300889,W2200425,M,2024-04-10
M2401341,M2300942,W2200433,M,2024-04-07
W2401342,M2300773,W2200437,F,2024-04-01
W2401343,M2300724,W2200438,F,2024-04-19
W2401344,M2300724,W2200438,F,2024-04-19
W2401345,M2300773,W2200440,F,2024-04-21
W2401346,M2300773,W2200442,F,2024-04-15
M2401347,M2300773,W2200448,M,2024-04-10
W2401348,M2300773,W2200448,F,2024-04-10
M2401349,M2300773,W2200450,M,2024-04-26
M2401350,M2300907,W2200451,M,2024-04-06
W2401351,M2300805,W2200458,F,2024-04-19
W2401352,M2300715,W2200469,F,2024-04-07
M2401353,M2300826,W2200496,M,2024-04-17
W2401354,M2300826,W2200496,F,2024-04-17
M2401355,M2300773,W2200502,M,2024-04-11
W2401356,M2300773,W2200511,F,2024-04-23
W2401357,M2300773,W2200511,F,2024-04-23
W2401358,M2300942,W2200520,F,2024-04-28
M2401359,M2300961,W2200526,M,2024-04-08
W2401360,M2300961,W2200526,F,2024-04-08
W2401361,M2300826,W2200538,F,2024-04-17
W2401362,M2300826,W2200538,F,2024-04-17
W2401363,M2300805,W2200544,F,2024-04-10
W2401364,M2300805,W2200544,F,2024-04-10
W2401365,M2300773,W2200549,F,2024-04-19
M2401366,M2300773,W2200549,M,2024-04-19
M2401367,M2300773,W2200561,M,2024-04-17
W2401368,M2300773,W2200561,F,2024-04-17
M2401369,M2300805,W2200568,M,2024-04-08
W2401370,M2300773,W2200569,F,2024-04-22
W2401371,M2300773,W2200569,F,2024-04-22
W2401372,M2300805,W2200574,F,2024-04-08
W2401373,M2300805,W2200574,F,2024-04-08
M2401374,M2300805,W2200574,M,2024-04-08
W2401375,M2300947,W2200579,F,2024-04-09
M2401376,M2300947,W2200579,M,2024-04-09
M2401377,M2300773,W2200595,M,2024-04-06
W2401378,M2300773,W2200595,F,2024-04-06
W2401379,M2300773,W2200605,F,2024-04-07
M2401380,M2300773,W2200605,M,2024-04-07
M2401381,M2300889,W2200640,M,2024-04-20
W2401382,M2300889,W2200640,F,2024-04-20
W2401383,M2300961,W2300649,F,2024-04-26
W2401384,M2300773,W2300661,F,2024-04-12
W2401385,M2300942,W2300673,F,2024-04-25
W2401386,M2300942,W2300673,F,2024-04-25
M2401387,M2300724,W2300674,M,2024-04-17
M2401388,M2300724,W2300674,M,2024-04-17
M2401389,M2300724,W2300679,M,2024-04-18
M2401390,M2300773,W2300682,M,2024-04-15
W2401391,M2300947,W2300684,F,2024-04-19
W2401392,M2300773,W2300685,F,2024-04-13
W2401393,M2300773,W2300685,F,2024-04-13
W2401394,M2300773,W2300705,F,2024-04-18
M2401395,M2300773,W2300705,M,2024-04-18
M2401396,M2300907,W2300738,M,2024-04-06
W2401397,M2300773,W2300739,F,2024-04-19
W2401398,M2300773,W2300741,F,2024-04-14
M2401399,M2300773,W2300741,M,2024-04-14
M2401400,M2300889,W2300742,M,2024-04-08
M2401401,M2300889,W2300742,M,2024-04-08
W2401402,M2300773,W2300748,F,2024-04-17
W2401403,M2300947,W2300749,F,2024-04-25
W2401404,M2300947,W2300749,F,2024-04-25
M2401405,M2300947,W2300749,M,2024-04-25
M2401406,M2300773,W2300751,M,2024-04-23
M2401407,M2300724,W2300765,M,2024-04-24
W2401408,M2300724,W2300765,F,2024-04-24
M2401409,M2300942,W2300776,M,2024-04-01
W2401410,M2300942,W2300776,F,2024-04-01
M2401411,M2300773,W2300778,M,2024-04-17
M2401412,M2300709,W2300786,M,2024-04-06
W2401413,M2300709,W2300786,F,2024-04-06
W2401414,M2300773,W2300788,F,2024-04-14
W2401415,M2300773,W2300788,F,2024-04-14
M2401416,M2300939,W2300790,M,2024-04-10
M2401417,M2300826,W2300791,M,2024-04-25
W2401418,M2300709,W2300801,F,2024-04-19
W2401419,M2300724,W2300802,F,2024-04-21
M2401420,M2300709,W2300807,M,2024-04-01
M2401421,M2300709,W2300807,M,2024-04-01
M2401422,M2300805,W2300813,M,2024-04-07
W2401423,M2300805,W2300813,F,2024-04-07
W2401424,M2300805,W2300830,F,2024-04-15
W2401425,M2300805,W2300830,F,2024-04-15
M2401426,M2300805,W2300830,M,2024-04-15
M2401427,M2300826,W2300831,M,2024-04-08
W2401428,M2300826,W2300831,F,2024-04-08
W2401429,M2300709,W2300843,F,2024-04-28
M2401430,M2300709,W2300843,M,2024-04-28
W2401431,M2300709,W2300843,F,2024-04-28
W2401432,M2300773,W2300858,F,2024-04-20
W2401433,M2300773,W2300858,F,2024-04-20
M2401434,M2300773,W2300872,M,2024-04-20
W2401435,M2300773,W2300874,F,2024-04-26
W2401436,M2300773,W2300874,F,2024-04-26
W2401437,M2300942,W2300884,F,2024-04-11
W2401438,M2300942,W2300884,F,2024-04-11
M2401439,M2300773,W2300886,M,2024-04-02
W2401440,M2300773,W2300886,F,2024-04-02
M2401441,M2300773,W2300886,M,2024-04-02
M2401442,M2300773,W2300894,M,2024-04-13
M2401443,M2300773,W2300894,M,2024-04-13
W2401444,M2300939,W2300895,F,2024-04-16
M2401445,M2300939,W2300895,M,2024-04-16
M2401446,M2300947,W2300896,M,2024-04-15
W2401447,M2300773,W2300901,F,2024-04-11
W2401448,M2300889,W2300909,F,2024-04-27
M2401449,M2300889,W2300909,M,2024-04-27
W2401450,M2300773,W2300913,F,2024-04-20
M2401451,M2300773,W2300913,M,2024-04-20
M2401452,M2300773,W2300919,M,2024-04-12
M2401453,M2300907,W2300923,M,2024-04-02
W2401454,M2300907,W2300923,F,2024-04-02
W2401455,M2300942,W2300926,F,2024-04-04
W2401456,M2300942,W2300926,F,2024-04-04
M2401457,M2300773,W2300930,M,2024-04-08
W2401458,M2300889,W2300931,F,2024-04-26
W2401459,M2300773,W2300933,F,2024-04-15
W2401460,M2300773,W2300933,F,2024-04-15
W2401461,M2300773,W2300933,F,2024-04-15
W2401462,M2300947,W2300937,F,2024-04-08
W2401463,M2300773,W2300956,F,2024-04-18
W2401464,M2300805,W2300965,F,2024-04-10
W2401465,M2300805,W2300965,F,2024-04-10
W2401466,M2300939,W2300976,F,2024-04-17
W2401467,M2300715,W2300980,F,2024-04-12
M2401468,M2300773,W2300985,M,2024-04-23
W2401469,M2300773,W2300985,F,2024-04-23
W2401470,M2300805,W2300987,F,2024-04-05
M2401471,M2300805,W2300987,M,2024-04-05
M2401472,M2300947,W2300993,M,2024-04-28
W2401473,M2300947,W2300993,F,2024-04-28
M2401474,M2300947,W2300993,M,2024-04-28
W2401475,M2300773,W2300998,F,2024-04-28
W2401476,M2300773,W2300999,F,2024-04-01
W2401477,M2300939,W2301002,F,2024-04-26
W2401478,M2300773,W2301011,F,2024-04-19
M2401479,M2300773,W2301012,M,2024-04-14
M2401480,M2300773,W2301015,M,2024-04-08
M2401481,M2300773,W2301015,M,2024-04-08
W2401482,M2300773,W2301022,F,2024-04-06
W2401483,M2300773,W2301022,F,2024-04-06
M2401484,M2300805,W2301027,M,2024-04-19
M2401485,M2300942,W2301028,M,2024-04-10
M2401486,M2300942,W2301028,M,2024-04-10
M2401487,M2300709,W2301030,M,2024-04-14
M2401488,M2300773,W2301041,M,2024-04-10
W2401489,M2300773,W2301041,F,2024-04-10
W2401490,M2300773,W2301041,F,2024-04-10
W2401491,M2300826,W2301043,F,2024-04-16
W2401492,M2300773,W2301046,F,2024-04-18
W2401493,M2300889,W2301052,F,2024-04-11
W2501494,M2401312,E0002,F,2025-04-17
M2501495,M2401312,E0002,M,2025-04-17
W2501496,M2401312,E0004,F,2025-04-28
W2501497,M2401312,E0004,F,2025-04-28
M2501498,M2401312,E0010,M,2025-04-09
M2501499,M2401312,E0010,M,2025-04-09
M2501500,M2401312,E0014,M,2025-04-21
W2501501,M2401312,E0016,F,2025-04-08
M2501502,M2401312,E0022,M,2025-04-20
M2501503,M2401312,E0024,M,2025-04-26
W2501504,M2401312,E0026,F,2025-04-25
M2501505,M2401312,E0026,M,2025-04-25
M2501506,M2401312,E0028,M,2025-04-23
W2501507,M2401312,E0030,F,2025-04-15
W2501508,M2401312,E0036,F,2025-04-22
M2501509,M2401312,E0042,M,2025-04-15
M2501510,M2401312,E0042,M,2025-04-15
M2501511,M2401312,E0042,M,2025-04-15
M2501512,M2401312,E0048,M,2025-04-15
W2501513,M2401312,E0050,F,2025-04-10
M2501514,M2401312,E0050,M,2025-04-10
W2501515,M2401312,E0062,F,2025-04-01
W2501516,M2401312,E0062,F,2025-04-01
W2501517,M2401312,E0066,F,2025-04-24
W2501518,M2401312,E0066,F,2025-04-24
W2501519,M2401312,E0070,F,2025-04-02
W2501520,M2401312,E0074,F,2025-04-12
M2501521,M2401312,E0078,M,2025-04-05
M2501522,M2401312,E0078,M,2025-04-05
M2501523,M2401312,E0084,M,2025-04-07
M2501524,M2401312,E0084,M,2025-04-07
M2501525,M2401312,E0088,M,2025-04-03
M2501526,M2401312,E0088,M,2025-04-03
M2501527,M2401312,E0092,M,2025-04-03
W2501528,M2401312,E0092,F,2025-04-03
M2501529,M2401312,E0096,M,2025-04-24
W2501530,M2401312,E0098,F,2025-04-14
M2501531,M2401312,E0100,M,2025-04-27
M2501532,M2401312,E0102,M,2025-04-22
W2501533,M2401312,E0104,F,2025-04-18
M2501534,M2401312,E0104,M,2025-04-18
M2501535,M2401312,E0106,M,2025-04-05
M2501536,M2401312,E0110,M,2025-04-01
W2501537,M2401312,E0114,F,2025-04-09
W2501538,M2401312,E0114,F,2025-04-09
M2501539,M2401312,E0118,M,2025-04-28
M2501540,M2401312,E0120,M,2025-04-22
W2501541,M2401312,E0120,F,2025-04-22
W2501542,M2401312,E0122,F,2025-04-21
M2501543,M2401312,E0124,M,2025-04-27
M2501544,M2401312,E0126,M,2025-04-15
W2501545,M2401312,E0126,F,2025-04-15
W2501546,M2401312,E0132,F,2025-04-23
W2501547,M2401312,E0142,F,2025-04-21
M2501548,M2401312,E0142,M,2025-04-21
M2501549,M2401312,E0146,M,2025-04-28
M2501550,M2401312,E0148,M,2025-04-03
W2501551,M2401312,E0156,F,2025-04-13
M2501552,M2401312,E0158,M,2025-04-08
M2501553,M2401312,E0158,M,2025-04-08
W2501554,M2401312,E0164,F,2025-04-17
M2501555,M2401312,E0164,M,2025-04-17
M2501556,M2401312,E0170,M,2025-04-13
M2501557,M2401312,E0170,M,2025-04-13
M2501558,M2401312,E0170,M,2025-04-13
W2501559,M2401312,E0172,F,2025-04-18
M2501560,M2401312,E0174,M,2025-04-02
W2501561,M2401312,E0174,F,2025-04-02
W2501562,M2401312,E0178,F,2025-04-19
W2501563,M2401312,E0178,F,2025-04-19
M2501564,M2401312,E0182,M,2025-04-25
M2501565,M2401312,E0186,M,2025-04-25
W2501566,M2401312,E0188,F,2025-04-26
M2501567,M2401312,E0188,M,2025-04-26
M2501568,M2401312,E0190,M,2025-04-01
W2501569,M2401312,E0190,F,2025-04-01
W2501570,M2401312,E0194,F,2025-04-22
M2501571,M2401312,E0194,M,2025-04-22
W2501572,M2401312,E0200,F,2025-04-10
M2501573,M2401312,E0200,M,2025-04-10
M2501574,M2401312,W2100003,M,2025-04-08
W2501575,M2401205,W2100022,F,2025-04-10
M2501576,M2401312,W2100030,M,2025-04-06
M2501577,M2401312,W2100030,M,2025-04-06
W2501578,M2401312,W2100030,F,2025-04-06
M2501579,M2401333,W2100031,M,2025-04-09
M2501580,M2401333,W2100031,M,2025-04-09
W2501581,M2401457,W2100034,F,2025-04-08
W2501582,M2401457,W2100034,F,2025-04-08
W2501583,M2401338,W2100036,F,2025-04-27
M2501584,M2401338,W2100036,M,2025-04-27
M2501585,M2401377,W2100038,M,2025-04-22
W2501586,M2401312,W2100059,F,2025-04-15
W2501587,M2401312,W2100059,F,2025-04-15
M2501588,M2401312,W2100064,M,2025-04-18
W2501589,M2401312,W2100064,F,2025-04-18
M2501590,M2401312,W2100071,M,2025-04-27
W2501591,M2401312,W2100071,F,2025-04-27
W2501592,M2401312,W2100074,F,2025-04-08
W2501593,M2401077,W2100079,F,2025-04-26
M2501594,M2401121,W2100090,M,2025-04-15
M2501595,M2401312,W2100100,M,2025-04-27
M2501596,M2401121,W2100105,M,2025-04-21
M2501597,M2401411,W2100110,M,2025-04-02
W2501598,M2401312,W2100115,F,2025-04-02
W2501599,M2401175,W2100122,F,2025-04-06
M2501600,M2401175,W2100122,M,2025-04-06
M2501601,M2401312,W2100141,M,2025-04-22
M2501602,M2401411,W2100148,M,2025-04-09
M2501603,M2401411,W2100148,M,2025-04-09
W2501604,M2401312,W2100165,F,2025-04-07
M2501605,M2401312,W2100165,M,2025-04-07
M2501606,M2401081,W2100173,M,2025-04-18
M2501607,M2401312,W2100178,M,2025-04-22
M2501608,M2401338,W2100201,M,2025-04-24
M2501609,M2401338,W2100201,M,2025-04-24
W2501610,M2401312,W2100205,F,2025-04-25
W2501611,M2401312,W2100205,F,2025-04-25
M2501612,M2401121,W2100214,M,2025-04-25
M2501613,M2401121,W2100214,M,2025-04-25
W2501614,M2401121,W2100214,F,2025-04-25
W2501615,M2401312,W2100230,F,2025-04-25
W2501616,M2401411,W2100237,F,2025-04-22
M2501617,M2401411,W2100237,M,2025-04-22
M2501618,M2401312,W2100256,M,2025-04-19
M2501619,M2401312,W2100256,M,2025-04-19
W2501620,M2401312,W2100279,F,2025-04-04
M2501621,M2401312,W2200295,M,2025-04-09
W2501622,M2401312,W2200295,F,2025-04-09
M2501623,M2401312,W2200295,M,2025-04-09
W2501624,M2401411,W2200296,F,2025-04-15
M2501625,M2401312,W2200297,M,2025-04-18
W2501626,M2401312,W2200299,F,2025-04-19
W2501627,M2401312,W2200299,F,2025-04-19
W2501628,M2401081,W2200314,F,2025-04-17
W2501629,M2401312,W2200327,F,2025-04-12
M2501630,M2401224,W2200329,M,2025-04-18
W2501631,M2401224,W2200329,F,2025-04-18
M2501632,M2401077,W2200346,M,2025-04-11
M2501633,M2401077,W2200346,M,2025-04-11
W2501634,M2401077,W2200346,F,2025-04-11
W2501635,M2401312,W2200349,F,2025-04-01
M2501636,M2401312,W2200349,M,2025-04-01
W2501637,M2401333,W2200353,F,2025-04-17
W2501638,M2401312,W2200362,F,2025-04-02
W2501639,M2401312,W2200362,F,2025-04-02
W2501640,M2401205,W2200369,F,2025-04-05
W2501641,M2401205,W2200369,F,2025-04-05
M2501642,M2401312,W2200375,M,2025-04-13
W2501643,M2401312,W2200388,F,2025-04-07
W2501644,M2401312,W2200395,F,2025-04-13
M2501645,M2401312,W2200397,M,2025-04-04
M2501646,M2401312,W2200400,M,2025-04-24
W2501647,M2401312,W2200402,F,2025-04-28
M2501648,M2401081,W2200406,M,2025-04-26
W2501649,M2401081,W2200410,F,2025-04-08
M2501650,M2401081,W2200410,M,2025-04-08
M2501651,M2401224,W2200411,M,2025-04-10
M2501652,M2401224,W2200411,M,2025-04-10
M2501653,M2401312,W2200413,M,2025-04-15
M2501654,M2401312,W2200413,M,2025-04-15
W2501655,M2401457,W2200415,F,2025-04-20
M2501656,M2401457,W2200415,M,2025-04-20
M2501657,M2401312,W2200425,M,2025-04-12
W2501658,M2401175,W2200437,F,2025-04-16
W2501659,M2401312,W2200438,F,2025-04-21
M2501660,M2401224,W2200440,M,2025-04-10
W2501661,M2401224,W2200440,F,2025-04-10
M2501662,M2401377,W2200448,M,2025-04-09
W2501663,M2401312,W2200451,F,2025-04-01
W2501664,M2401312,W2200451,F,2025-04-01
W2501665,M2401312,W2200458,F,2025-04-22
W2501666,M2401312,W2200458,F,2025-04-22
W2501667,M2401312,W2200469,F,2025-04-08
M2501668,M2401312,W2200496,M,2025-04-20
M2501669,M2401081,W2200502,M,2025-04-13
W2501670,M2401338,W2200511,F,2025-04-02
W2501671,M2401338,W2200511,F,2025-04-02
M2501672,M2401338,W2200511,M,2025-04-02
M2501673,M2401312,W2200520,M,2025-04-13
M2501674,M2401312,W2200520,M,2025-04-13
W2501675,M2401312,W2200526,F,2025-04-16
M2501676,M2401312,W2200526,M,2025-04-16
M2501677,M2401312,W2200538,M,2025-04-22
M2501678,M2401312,W2200544,M,2025-04-18
W2501679,M2401312,W2200544,F,2025-04-18
W2501680,M2401121,W2200549,F,2025-04-09
M2501681,M2401121,W2200549,M,2025-04-09
M2501682,M2401121,W2200549,M,2025-04-09
W2501683,M2401175,W2200561,F,2025-04-22
W2501684,M2401175,W2200561,F,2025-04-22
W2501685,M2401312,W2200568,F,2025-04-17
M2501686,M2401338,W2200569,M,2025-04-24
M2501687,M2401338,W2200569,M,2025-04-24
M2501688,M2401338,W2200569,M,2025-04-24
M2501689,M2401312,W2200574,M,2025-04-26
M2501690,M2401312,W2200579,M,2025-04-11
M2501691,M2401312,W2200579,M,2025-04-11
W2501692,M2401121,W2200595,F,2025-04-14
W2501693,M2401457,W2200605,F,2025-04-21
M2501694,M2401457,W2200605,M,2025-04-21
W2501695,M2401312,W2200640,F,2025-04-26
M2501696,M2401312,W2200640,M,2025-04-26
M2501697,M2401077,W2300661,M,2025-04-12
M2501698,M2401077,W2300661,M,2025-04-12
M2501699,M2401077,W2300661,M,2025-04-12
W2501700,M2401312,W2300674,F,2025-04-15
W2501701,M2401312,W2300679,F,2025-04-10
W2501702,M2401312,W2300679,F,2025-04-10
W2501703,M2401333,W2300682,F,2025-04-06
W2501704,M2401312,W2300684,F,2025-04-21
M2501705,M2401077,W2300705,M,2025-04-11
M2501706,M2401312,W2300738,M,2025-04-06
W2501707,M2401411,W2300739,F,2025-04-05
W2501708,M2401411,W2300739,F,2025-04-05
M2501709,M2401411,W2300739,M,2025-04-05
W2501710,M2401333,W2300741,F,2025-04-02
W2501711,M2401333,W2300741,F,2025-04-02
M2501712,M2401312,W2300742,M,2025-04-13
M2501713,M2401312,W2300742,M,2025-04-13
M2501714,M2401312,W2300749,M,2025-04-14
W2501715,M2401312,W2300765,F,2025-04-16
M2501716,M2401312,W2300765,M,2025-04-16
M2501717,M2401312,W2300765,M,2025-04-16
M2501718,M2401121,W2300778,M,2025-04-11
W2501719,M2401121,W2300778,F,2025-04-11
M2501720,M2401312,W2300786,M,2025-04-09
W2501721,M2401333,W2300788,F,2025-04-15
W2501722,M2401333,W2300788,F,2025-04-15
W2501723,M2401333,W2300788,F,2025-04-15
W2501724,M2401312,W2300790,F,2025-04-23
W2501725,M2401312,W2300791,F,2025-04-26
W2501726,M2401312,W2300791,F,2025-04-26
M2501727,M2401312,W2300801,M,2025-04-04
M2501728,M2401312,W2300802,M,2025-04-05
M2501729,M2401312,W2300807,M,2025-04-02
W2501730,M2401312,W2300807,F,2025-04-02
W2501731,M2401312,W2300813,F,2025-04-14
W2501732,M2401312,W2300813,F,2025-04-14
M2501733,M2401312,W2300830,M,2025-04-06
W2501734,M2401312,W2300830,F,2025-04-06
W2501735,M2401312,W2300830,F,2025-04-06
W2501736,M2401312,W2300831,F,2025-04-23
M2501737,M2401312,W2300831,M,2025-04-23
W2501738,M2401312,W2300831,F,2025-04-23
M2501739,M2401312,W2300843,M,2025-04-17
M2501740,M2401377,W2300858,M,2025-04-26
M2501741,M2401377,W2300858,M,2025-04-26
W2501742,M2401205,W2300872,F,2025-04-18
M2501743,M2401457,W2300874,M,2025-04-19
M2501744,M2401457,W2300874,M,2025-04-19
W2501745,M2401338,W2300886,F,2025-04-08
M2501746,M2401457,W2300894,M,2025-04-04
W2501747,M2401457,W2300894,F,2025-04-04
W2501748,M2401312,W2300895,F,2025-04-26
W2501749,M2401312,W2300895,F,2025-04-26
M2501750,M2401312,W2300896,M,2025-04-27
W2501751,M2401333,W2300901,F,2025-04-28
W2501752,M2401338,W2300919,F,2025-04-04
W2501753,M2401312,W2300923,F,2025-04-03
W2501754,M2401312,W2300926,F,2025-04-15
M2501755,M2401312,W2300931,M,2025-04-08
W2501756,M2401411,W2300933,F,2025-04-06
M2501757,M2401411,W2300933,M,2025-04-06
W2501758,M2401312,W2300965,F,2025-04-19
M2501759,M2401312,W2300976,M,2025-04-18
W2501760,M2401312,W2300980,F,2025-04-17
M2501761,M2401081,W2300985,M,2025-04-14
M2501762,M2401312,W2300987,M,2025-04-18
M2501763,M2401312,W2300993,M,2025-04-09
M2501764,M2401312,W2300993,M,2025-04-09
W2501765,M2401121,W2300998,F,2025-04-26
M2501766,M2401377,W2300999,M,2025-04-25
M2501767,M2401377,W2300999,M,2025-04-25
M2501768,M2401338,W2301011,M,2025-04-04
M2501769,M2401338,W2301011,M,2025-04-04
W2501770,M2401411,W2301012,F,2025-04-12
M2501771,M2401411,W2301012,M,2025-04-12
M2501772,M2401338,W2301015,M,2025-04-15
M2501773,M2401338,W2301015,M,2025-04-15
W2501774,M2401457,W2301022,F,2025-04-21
W2501775,M2401457,W2301022,F,2025-04-21
M2501776,M2401312,W2301027,M,2025-04-09
M2501777,M2401312,W2301027,M,2025-04-09
M2501778,M2401312,W2301028,M,2025-04-08
M2501779,M2401312,W2301030,M,2025-04-07
W2501780,M2401312,W2301043,F,2025-04-10
W2501781,M2401377,W2301046,F,2025-04-09
M2501782,M2401312,W2301052,M,2025-04-22
W2501783,M2401312,W2401067,F,2025-04-12
W2501784,M2401312,W2401067,F,2025-04-12
M2501785,M2401312,W2401070,M,2025-04-25
W2501786,M2401312,W2401070,F,2025-04-25
M2501787,M2401312,W2401072,M,2025-04-19
W2501788,M2401312,W2401074,F,2025-04-13
M2501789,M2401312,W2401079,M,2025-04-17
M2501790,M2401333,W2401086,M,2025-04-07
W2501791,M2401077,W2401090,F,2025-04-09
W2501792,M2401333,W2401095,F,2025-04-16
W2501793,M2401333,W2401095,F,2025-04-16
W2501794,M2401312,W2401097,F,2025-04-13
M2501795,M2401312,W2401097,M,2025-04-13
M2501796,M2401338,W2401101,M,2025-04-21
M2501797,M2401338,W2401101,M,2025-04-21
W2501798,M2401312,W2401103,F,2025-04-23
M2501799,M2401081,W2401128,M,2025-04-01
W2501800,M2401077,W2401131,F,2025-04-07
W2501801,M2401312,W2401133,F,2025-04-19
M2501802,M2401377,W2401141,M,2025-04-20
W2501803,M2401312,W2401145,F,2025-04-05
W2501804,M2401312,W2401145,F,2025-04-05
W2501805,M2401312,W2401145,F,2025-04-05
M2501806,M2401333,W2401155,M,2025-04-26
W2501807,M2401333,W2401155,F,2025-04-26
W2501808,M2401312,W2401159,F,2025-04-19
W2501809,M2401312,W2401159,F,2025-04-19
M2501810,M2401121,W2401167,M,2025-04-11
W2501811,M2401312,W2401169,F,2025-04-10
M2501812,M2401333,W2401172,M,2025-04-17
W2501813,M2401333,W2401172,F,2025-04-17
W2501814,M2401312,W2401178,F,2025-04-26
M2501815,M2401312,W2401178,M,2025-04-26
M2501816,M2401224,W2401179,M,2025-04-09
M2501817,M2401224,W2401179,M,2025-04-09
W2501818,M2401224,W2401179,F,2025-04-09
W2501819,M2401081,W2401188,F,2025-04-09
M2501820,M2401081,W2401188,M,2025-04-09
M2501821,M2401338,W2401221,M,2025-04-17
M2501822,M2401338,W2401221,M,2025-04-17
M2501823,M2401312,W2401222,M,2025-04-17
M2501824,M2401411,W2401236,M,2025-04-08
M2501825,M2401411,W2401238,M,2025-04-08
W2501826,M2401411,W2401238,F,2025-04-08
W2501827,M2401121,W2401244,F,2025-04-17
M2501828,M2401121,W2401244,M,2025-04-17
W2501829,M2401121,W2401244,F,2025-04-17
M2501830,M2401338,W2401247,M,2025-04-07
W2501831,M2401312,W2401253,F,2025-04-08
M2501832,M2401175,W2401259,M,2025-04-12
M2501833,M2401312,W2401262,M,2025-04-27
M2501834,M2401312,W2401268,M,2025-04-09
W2501835,M2401338,W2401269,F,2025-04-13
W2501836,M2401081,W2401278,F,2025-04-16
W2501837,M2401081,W2401278,F,2025-04-16
W2501838,M2401081,W2401278,F,2025-04-16
M2501839,M2401312,W2401280,M,2025-04-07
M2501840,M2401312,W2401280,M,2025-04-07
M2501841,M2401312,W2401283,M,2025-04-26
W2501842,M2401312,W2401283,F,2025-04-26
W2501843,M2401411,W2401285,F,2025-04-25
M2501844,M2401205,W2401288,M,2025-04-13
W2501845,M2401205,W2401288,F,2025-04-13
W2501846,M2401312,W2401291,F,2025-04-25
M2501847,M2401312,W2401291,M,2025-04-25
M2501848,M2401312,W2401301,M,2025-04-06
W2501849,M2401312,W2401302,F,2025-04-14
W2501850,M2401312,W2401302,F,2025-04-14
W2501851,M2401312,W2401313,F,2025-04-13
W2501852,M2401312,W2401313,F,2025-04-13
W2501853,M2401205,W2401314,F,2025-04-27
M2501854,M2401205,W2401314,M,2025-04-27
M2501855,M2401457,W2401316,M,2025-04-02
M2501856,M2401457,W2401316,M,2025-04-02
W2501857,M2401312,W2401328,F,2025-04-06
M2501858,M2401457,W2401335,M,2025-04-14
W2501859,M2401457,W2401335,F,2025-04-14
M2501860,M2401457,W2401335,M,2025-04-14
W2501861,M2401457,W2401337,F,2025-04-26
W2501862,M2401312,W2401339,F,2025-04-05
M2501863,M2401312,W2401344,M,2025-04-05
M2501864,M2401121,W2401345,M,2025-04-22
W2501865,M2401081,W2401371,F,2025-04-10
M2501866,M2401338,W2401384,M,2025-04-03
W2501867,M2401338,W2401384,F,2025-04-03
W2501868,M2401077,W2401392,F,2025-04-14
M2501869,M2401077,W2401392,M,2025-04-14
W2501870,M2401175,W2401397,F,2025-04-22
W2501871,M2401175,W2401397,F,2025-04-22
M2501872,M2401312,W2401410,M,2025-04-10
W2501873,M2401312,W2401410,F,2025-04-10
M2501874,M2401121,W2401414,M,2025-04-24
M2501875,M2401224,W2401415,M,2025-04-09
M2501876,M2401224,W2401415,M,2025-04-09
W2501877,M2401312,W2401418,F,2025-04-20
M2501878,M2401312,W2401418,M,2025-04-20
W2501879,M2401312,W2401419,F,2025-04-03
M2501880,M2401312,W2401423,M,2025-04-18
W2501881,M2401312,W2401423,F,2025-04-18
W2501882,M2401312,W2401424,F,2025-04-15
W2501883,M2401312,W2401428,F,2025-04-01
W2501884,M2401312,W2401429,F,2025-04-19
W2501885,M2401312,W2401438,F,2025-04-02
M2501886,M2401312,W2401438,M,2025-04-02
W2501887,M2401312,W2401438,F,2025-04-02
M2501888,M2401312,W2401454,M,2025-04-14
W2501889,M2401312,W2401454,F,2025-04-14
W2501890,M2401312,W2401458,F,2025-04-09
M2501891,M2401312,W2401466,M,2025-04-14
M2501892,M2401081,W2401469,M,2025-04-02
W2501893,M2401081,W2401469,F,2025-04-02
W2501894,M2401121,W2401478,F,2025-04-04
W2501895,M2401411,W2401489,F,2025-04-26
W2501896,M2401411,W2401489,F,2025-04-26
