id,cg,sex,birth_type,wwt,vigour,surv
M2100001,F1-2021-M,M,2,23.2,1,2
M2100002,F1-2021-M,M,2,36.1,1,2
W2100003,F2-2021-F,F,1,27.0,3,2
W2100004,F1-2021-F,F,2,32.2,1,2
M2100005,F1-2021-M,M,2,38.5,2,2
M2100006,F2-2021-M,M,1,36.0,1,2
M2100007,F1-2021-M,M,1,26.7,2,2
W2100008,F2-2021-F,F,1,32.3,1,2
M2100009,F1-2021-M,M,2,NA,1,1
W2100010,F1-2021-F,F,2,29.0,1,2
M2100011,F2-2021-M,M,2,31.0,2,2
W2100012,F2-2021-F,F,2,26.6,3,2
M2100013,F1-2021-M,M,1,38.1,3,2
W2100014,F2-2021-F,F,1,30.0,3,2
M2100015,F1-2021-M,M,1,NA,3,1
M2100016,F2-2021-M,M,2,34.5,1,2
M2100017,F2-2021-M,M,2,NA,2,1
M2100018,F1-2021-M,M,2,30.1,1,2
M2100019,F1-2021-M,M,2,31.3,2,2
W2100020,F2-2021-F,F,2,NA,3,1
M2100021,F2-2021-M,M,2,31.2,3,2
W2100022,F1-2021-F,F,2,32.9,2,2
M2100023,F1-2021-M,M,2,29.6,1,2
W2100024,F2-2021-F,F,1,29.0,2,2
W2100025,F1-2021-F,F,2,38.7,3,2
W2100026,F1-2021-F,F,2,38.9,1,2
W2100027,F2-2021-F,F,2,29.4,2,2
M2100028,F2-2021-M,M,2,34.8,2,2
M2100029,F1-2021-M,M,1,25.3,3,2
W2100030,F2-2021-F,F,1,34.7,3,2
W2100031,F1-2021-F,F,2,32.7,1,2
M2100032,F1-2021-M,M,2,32.0,3,2
M2100033,F2-2021-M,M,1,34.0,1,2
W2100034,F1-2021-F,F,1,38.4,3,2
M2100035,F2-2021-M,M,1,36.4,3,2
W2100036,F1-2021-F,F,1,32.0,2,2
W2100037,F2-2021-F,F,1,30.6,1,2
W2100038,F1-2021-F,F,2,34.9,1,2
M2100039,F1-2021-M,M,2,NA,1,1
M2100040,F2-2021-M,M,2,32.3,1,2
M2100041,F2-2021-M,M,2,36.4,2,2
M2100042,F1-2021-M,M,1,32.6,1,2
W2100043,F2-2021-F,F,1,28.7,3,2
W2100044,F1-2021-F,F,1,39.8,2,2
M2100045,F2-2021-M,M,1,29.7,2,2
M2100046,F1-2021-M,M,1,32.6,2,2
M2100047,F2-2021-M,M,1,33.0,2,2
M2100048,F1-2021-M,M,2,NA,2,1
M2100049,F1-2021-M,M,2,30.2,1,2
W2100050,F2-2021-F,F,1,30.1,1,2
W2100051,F1-2021-F,F,2,34.3,1,2
W2100052,F1-2021-F,F,2,28.8,1,2
W2100053,F2-2021-F,F,1,28.9,2,2
M2100054,F1-2021-M,M,2,NA,3,1
M2100055,F1-2021-M,M,2,NA,2,1
M2100056,F2-2021-M,M,1,33.9,2,2
W2100057,F1-2021-F,F,2,29.0,1,2
M2100058,F1-2021-M,M,2,32.2,3,2
W2100059,F2-2021-F,F,3,24.1,2,2
W2100060,F2-2021-F,F,3,NA,3,1
W2100061,F2-2021-F,F,3,30.6,1,2
W2100062,F1-2021-F,F,2,34.6,1,2
W2100063,F1-2021-F,F,2,NA,1,1
W2100064,F2-2021-F,F,1,34.3,3,2
M2100065,F1-2021-M,M,1,32.2,1,2
W2100066,F2-2021-F,F,1,31.5,3,2
M2100067,F1-2021-M,M,1,32.7,2,2
M2100068,F2-2021-M,M,1,37.2,1,2
M2100069,F1-2021-M,M,2,NA,1,1
W2100070,F1-2021-F,F,2,NA,1,1
W2100071,F2-2021-F,F,1,27.6,3,2
M2100072,F1-2021-M,M,1,30.0,2,2
W2100073,F2-2021-F,F,2,21.3,3,2
W2100074,F2-2021-F,F,2,29.0,2,2
M2100075,F1-2021-M,M,1,33.2,3,2
M2100076,F2-2021-M,M,1,36.2,2,2
W2100077,F1-2021-F,F,3,33.9,1,2
W2100078,F1-2021-F,F,3,32.0,1,2
W2100079,F1-2021-F,F,3,NA,1,1
M2100080,F2-2021-M,M,1,35.6,1,2
M2100081,F1-2021-M,M,1,32.3,2,2
M2100082,F2-2021-M,M,1,26.4,2,2
M2100083,F1-2021-M,M,2,35.0,1,2
W2100084,F1-2021-F,F,2,37.7,3,2
W2100085,F2-2021-F,F,2,32.9,1,2
W2100086,F2-2021-F,F,2,30.0,3,2
M2100087,F1-2021-M,M,2,NA,2,1
W2100088,F1-2021-F,F,2,30.4,1,2
M2100089,F2-2021-M,M,1,34.2,1,2
W2100090,F1-2021-F,F,1,38.0,2,2
W2100091,F2-2021-F,F,2,28.7,1,2
W2100092,F2-2021-F,F,2,28.3,1,2
W2100093,F1-2021-F,F,2,NA,2,1
M2100094,F1-2021-M,M,2,33.6,1,2
W2100095,F2-2021-F,F,1,27.3,3,2
M2100096,F1-2021-M,M,2,31.4,2,2
W2100097,F1-2021-F,F,2,NA,1,1
W2100098,F2-2021-F,F,1,30.7,2,2
W2100099,F1-2021-F,F,1,38.3,2,2
W2100100,F2-2021-F,F,2,30.4,3,2
W2100101,F2-2021-F,F,2,24.8,2,2
M2100102,F1-2021-M,M,1,37.8,3,2
W2100103,F2-2021-F,F,1,35.4,3,2
M2100104,F1-2021-M,M,2,NA,2,1
W2100105,F1-2021-F,F,2,33.1,1,2
W2100106,F2-2021-F,F,1,26.0,1,2
W2100107,F1-2021-F,F,2,35.6,1,2
W2100108,F1-2021-F,F,2,32.1,2,2
M2100109,F2-2021-M,M,1,35.9,1,2
W2100110,F1-2021-F,F,2,33.7,2,2
M2100111,F1-2021-M,M,2,29.3,1,2
M2100112,F2-2021-M,M,1,33.9,2,2
M2100113,F1-2021-M,M,2,27.9,1,2
M2100114,F1-2021-M,M,2,28.7,1,2
W2100115,F2-2021-F,F,3,27.2,3,2
W2100116,F2-2021-F,F,3,27.4,3,2
M2100117,F2-2021-M,M,3,31.5,3,2
W2100118,F1-2021-F,F,1,32.9,2,2
M2100119,F2-2021-M,M,2,30.1,2,2
M2100120,F2-2021-M,M,2,34.6,2,2
W2100121,F1-2021-F,F,2,33.3,2,2
W2100122,F1-2021-F,F,2,NA,2,1
W2100123,F2-2021-F,F,2,40.1,3,2
M2100124,F2-2021-M,M,2,36.6,2,2
M2100125,F1-2021-M,M,2,29.4,2,2
W2100126,F1-2021-F,F,2,32.5,1,2
M2100127,F2-2021-M,M,2,36.8,3,2
M2100128,F2-2021-M,M,2,34.5,1,2
M2100129,F1-2021-M,M,1,36.1,3,2
M2100130,F2-2021-M,M,2,NA,2,1
M2100131,F2-2021-M,M,2,32.4,1,2
W2100132,F1-2021-F,F,2,36.9,2,2
M2100133,F1-2021-M,M,2,32.8,2,2
M2100134,F2-2021-M,M,1,36.7,2,2
W2100135,F1-2021-F,F,1,29.6,2,2
M2100136,F2-2021-M,M,2,39.4,2,2
W2100137,F2-2021-F,F,2,24.2,3,2
M2100138,F1-2021-M,M,2,33.7,3,2
M2100139,F1-2021-M,M,2,33.3,1,2
M2100140,F2-2021-M,M,2,32.8,1,2
W2100141,F2-2021-F,F,2,27.4,2,2
W2100142,F1-2021-F,F,2,39.3,3,2
M2100143,F1-2021-M,M,2,36.4,2,2
W2100144,F2-2021-F,F,1,27.1,3,2
M2100145,F1-2021-M,M,1,33.1,3,2
W2100146,F2-2021-F,F,1,33.2,2,2
M2100147,F1-2021-M,M,2,26.1,2,2
W2100148,F1-2021-F,F,2,28.6,1,2
M2100149,F2-2021-M,M,1,36.3,2,2
M2100150,F1-2021-M,M,1,35.6,2,2
W2100151,F2-2021-F,F,1,31.3,3,2
W2100152,F1-2021-F,F,2,31.7,1,2
M2100153,F1-2021-M,M,2,28.6,2,2
M2100154,F2-2021-M,M,2,32.5,3,2
W2100155,F2-2021-F,F,2,25.5,2,2
M2100156,F1-2021-M,M,1,NA,2,1
W2100157,F2-2021-F,F,2,25.5,3,2
W2100158,F2-2021-F,F,2,25.2,3,2
W2100159,F1-2021-F,F,1,36.5,2,2
W2100160,F2-2021-F,F,2,23.9,2,2
M2100161,F2-2021-M,M,2,NA,1,1
M2100162,F1-2021-M,M,1,NA,2,1
M2100163,F2-2021-M,M,1,29.9,3,2
M2100164,F1-2021-M,M,1,32.9,3,2
W2100165,F2-2021-F,F,1,34.0,3,2
M2100166,F1-2021-M,M,1,36.4,2,2
M2100167,F2-2021-M,M,2,35.0,1,2
M2100168,F2-2021-M,M,2,NA,1,1
W2100169,F1-2021-F,F,1,38.8,2,2
W2100170,F2-2021-F,F,1,24.8,2,2
M2100171,F1-2021-M,M,1,31.7,2,2
M2100172,F2-2021-M,M,1,35.7,2,2
W2100173,F1-2021-F,F,1,41.1,1,2
W2100174,F2-2021-F,F,1,30.3,3,2
M2100175,F1-2021-M,M,1,32.3,1,2
W2100176,F2-2021-F,F,1,31.5,2,2
M2100177,F1-2021-M,M,1,26.5,2,2
W2100178,F2-2021-F,F,1,29.1,3,2
M2100179,F1-2021-M,M,3,26.6,1,2
W2100180,F1-2021-F,F,3,30.7,3,2
M2100181,F1-2021-M,M,3,NA,1,1
W2100182,F2-2021-F,F,1,27.4,2,2
W2100183,F1-2021-F,F,2,34.9,1,2
M2100184,F1-2021-M,M,2,32.8,2,2
W2100185,F2-2021-F,F,1,28.2,3,2
M2100186,F1-2021-M,M,1,29.7,3,2
M2100187,F2-2021-M,M,2,NA,1,1
M2100188,F2-2021-M,M,2,31.7,1,2
M2100189,F1-2021-M,M,2,31.9,1,2
W2100190,F1-2021-F,F,2,36.4,2,2
W2100191,F2-2021-F,F,1,22.9,3,2
W2100192,F1-2021-F,F,1,NA,2,1
M2100193,F2-2021-M,M,1,41.0,2,2
M2100194,F1-2021-M,M,1,31.5,2,2
M2100195,F2-2021-M,M,1,41.2,2,2
M2100196,F1-2021-M,M,1,32.2,3,2
M2100197,F2-2021-M,M,1,36.8,1,2
M2100198,F1-2021-M,M,1,33.9,2,2
M2100199,F2-2021-M,M,1,28.9,1,2
W2100200,F1-2021-F,F,3,NA,1,1
W2100201,F1-2021-F,F,3,33.8,2,2
W2100202,F1-2021-F,F,3,39.1,1,2
M2100203,F2-2021-M,M,1,41.0,3,2
M2100204,F1-2021-M,M,1,34.1,1,2
W2100205,F2-2021-F,F,2,30.9,2,2
W2100206,F2-2021-F,F,2,30.1,3,2
W2100207,F1-2021-F,F,1,36.9,2,2
M2100208,F2-2021-M,M,1,36.9,1,2
M2100209,F1-2021-M,M,1,29.5,2,2
M2100210,F2-2021-M,M,2,NA,1,1
M2100211,F2-2021-M,M,2,34.3,1,2
M2100212,F1-2021-M,M,1,32.7,1,2
M2100213,F2-2021-M,M,1,NA,3,1
W2100214,F1-2021-F,F,1,37.8,1,2
M2100215,F2-2021-M,M,3,33.5,1,2
W2100216,F2-2021-F,F,3,NA,2,1
M2100217,F2-2021-M,M,3,NA,1,1
W2100218,F1-2021-F,F,1,29.7,1,2
M2100219,F2-2021-M,M,2,31.4,1,2
W2100220,F2-2021-F,F,2,23.2,2,2
W2100221,F1-2021-F,F,1,NA,3,1
W2100222,F2-2021-F,F,1,30.9,2,2
M2100223,F1-2021-M,M,1,33.4,2,2
W2100224,F2-2021-F,F,1,27.2,1,2
W2100225,F1-2021-F,F,1,34.3,1,2
M2100226,F2-2021-M,M,2,35.6,3,2
W2100227,F2-2021-F,F,2,NA,3,1
M2100228,F1-2021-M,M,2,31.2,1,2
W2100229,F1-2021-F,F,2,37.6,2,2
W2100230,F2-2021-F,F,2,27.5,3,2
M2100231,F2-2021-M,M,2,NA,2,1
M2100232,F1-2021-M,M,1,38.3,3,2
W2100233,F2-2021-F,F,2,34.3,1,2
M2100234,F2-2021-M,M,2,30.2,1,2
W2100235,F1-2021-F,F,1,39.5,1,2
W2100236,F2-2021-F,F,1,29.3,1,2
W2100237,F1-2021-F,F,1,28.6,2,2
W2100238,F2-2021-F,F,2,25.1,1,2
W2100239,F2-2021-F,F,2,27.9,3,2
M2100240,F1-2021-M,M,2,NA,1,1
M2100241,F1-2021-M,M,2,36.5,2,2
M2100242,F2-2021-M,M,1,37.1,3,2
W2100243,F1-2021-F,F,3,NA,1,1
M2100244,F1-2021-M,M,3,30.5,2,2
W2100245,F1-2021-F,F,3,NA,3,1
M2100246,F2-2021-M,M,2,31.9,1,2
M2100247,F2-2021-M,M,2,NA,2,1
M2100248,F1-2021-M,M,1,30.9,1,2
W2100249,F2-2021-F,F,2,26.0,3,2
W2100250,F2-2021-F,F,2,31.3,3,2
W2100251,F1-2021-F,F,2,40.4,1,2
W2100252,F1-2021-F,F,2,35.8,2,2
W2100253,F2-2021-F,F,1,31.5,2,2
W2100254,F1-2021-F,F,2,NA,2,1
M2100255,F1-2021-M,M,2,27.1,3,2
W2100256,F2-2021-F,F,1,30.5,3,2
W2100257,F1-2021-F,F,1,30.1,1,2
W2100258,F2-2021-F,F,1,33.7,2,2
W2100259,F1-2021-F,F,1,39.5,2,2
M2100260,F2-2021-M,M,1,34.3,2,2
W2100261,F1-2021-F,F,1,NA,1,1
W2100262,F2-2021-F,F,2,24.2,2,2
M2100263,F2-2021-M,M,2,41.2,3,2
M2100264,F1-2021-M,M,1,31.0,3,2
M2100265,F2-2021-M,M,1,31.7,3,2
M2100266,F1-2021-M,M,3,NA,1,1
M2100267,F1-2021-M,M,3,21.4,1,2
M2100268,F1-2021-M,M,3,NA,1,1
M2100269,F2-2021-M,M,2,30.4,1,2
M2100270,F2-2021-M,M,2,35.9,2,2
M2100271,F1-2021-M,M,1,34.4,3,2
M2100272,F2-2021-M,M,2,28.5,1,2
M2100273,F2-2021-M,M,2,NA,1,1
M2100274,F1-2021-M,M,2,NA,1,1
W2100275,F1-2021-F,F,2,NA,1,1
W2100276,F2-2021-F,F,1,34.0,2,2
W2100277,F1-2021-F,F,1,32.1,2,2
M2100278,F2-2021-M,M,3,41.4,3,2
W2100279,F2-2021-F,F,3,30.1,3,2
W2100280,F2-2021-F,F,3,31.3,3,2
W2100281,F1-2021-F,F,1,30.0,3,2
W2100282,F2-2021-F,F,2,28.8,1,2
W2100283,F2-2021-F,F,2,21.8,3,2
M2100284,F1-2021-M,M,2,NA,2,1
M2100285,F1-2021-M,M,2,30.5,2,2
M2100286,F2-2021-M,M,2,NA,1,1
M2100287,F2-2021-M,M,2,38.3,1,2
M2100288,F1-2021-M,M,3,26.1,1,2
M2100289,F1-2021-M,M,3,NA,2,1
W2100290,F1-2021-F,F,3,28.3,1,2
W2100291,F2-2021-F,F,3,25.8,2,2
W2100292,F2-2021-F,F,3,28.9,3,2
W2100293,F2-2021-F,F,3,24.7,1,2
M2200294,F1-2022-M,M,1,29.9,2,2
W2200295,F2-2022-F,F,1,28.8,2,2
W2200296,F1-2022-F,F,1,35.6,1,2
W2200297,F2-2022-F,F,3,22.7,1,2
M2200298,F2-2022-M,M,3,NA,1,1
W2200299,F2-2022-F,F,3,19.9,3,2
W2200300,F1-2022-F,F,1,NA,1,1
M2200301,F2-2022-M,M,1,29.8,3,2
W2200302,F1-2022-F,F,2,29.8,1,2
W2200303,F1-2022-F,F,2,22.4,2,2
M2200304,F2-2022-M,M,1,32.0,3,2
W2200305,F1-2022-F,F,1,32.0,2,2
M2200306,F2-2022-M,M,2,25.3,1,2
M2200307,F2-2022-M,M,2,NA,1,1
M2200308,F1-2022-M,M,2,NA,3,1
M2200309,F1-2022-M,M,2,NA,2,1
W2200310,F2-2022-F,F,2,26.4,2,2
W2200311,F2-2022-F,F,2,NA,2,1
W2200312,F2-2022-F,F,2,25.5,3,2
W2200313,F2-2022-F,F,2,23.3,3,2
W2200314,F1-2022-F,F,3,25.9,1,2
M2200315,F1-2022-M,M,3,21.7,1,2
W2200316,F1-2022-F,F,3,NA,1,1
M2200317,F2-2022-M,M,1,42.6,3,2
W2200318,F1-2022-F,F,1,NA,2,1
M2200319,F2-2022-M,M,1,33.1,2,2
M2200320,F1-2022-M,M,2,33.1,1,2
W2200321,F1-2022-F,F,2,NA,1,1
M2200322,F2-2022-M,M,2,26.9,1,2
M2200323,F2-2022-M,M,2,NA,1,1
M2200324,F1-2022-M,M,1,NA,1,1
M2200325,F2-2022-M,M,1,28.8,2,2
M2200326,F1-2022-M,M,1,40.5,3,2
W2200327,F2-2022-F,F,1,24.6,1,2
W2200328,F1-2022-F,F,3,32.3,1,2
W2200329,F1-2022-F,F,3,24.3,1,2
M2200330,F1-2022-M,M,3,24.5,1,2
W2200331,F2-2022-F,F,2,NA,3,1
M2200332,F2-2022-M,M,2,36.5,2,2
W2200333,F2-2022-F,F,1,27.2,2,2
M2200334,F2-2022-M,M,1,32.0,1,2
M2200335,F1-2022-M,M,1,29.6,2,2
M2200336,F1-2022-M,M,2,26.3,1,2
M2200337,F1-2022-M,M,2,22.2,2,2
W2200338,F2-2022-F,F,1,26.4,1,2
W2200339,F2-2022-F,F,2,20.3,2,2
M2200340,F2-2022-M,M,2,33.3,2,2
M2200341,F1-2022-M,M,1,34.6,3,2
M2200342,F2-2022-M,M,2,25.6,2,2
W2200343,F2-2022-F,F,2,24.3,1,2
W2200344,F1-2022-F,F,3,NA,1,1
W2200345,F1-2022-F,F,3,22.4,1,2
W2200346,F1-2022-F,F,3,NA,1,1
M2200347,F2-2022-M,M,3,28.8,1,2
M2200348,F2-2022-M,M,3,29.4,1,2
W2200349,F2-2022-F,F,3,19.7,2,2
W2200350,F1-2022-F,F,1,32.9,3,2
M2200351,F2-2022-M,M,1,29.6,3,2
M2200352,F1-2022-M,M,2,23.9,3,2
W2200353,F1-2022-F,F,2,30.9,2,2
M2200354,F2-2022-M,M,2,NA,2,1
W2200355,F2-2022-F,F,2,24.2,1,2
M2200356,F1-2022-M,M,2,NA,1,1
M2200357,F1-2022-M,M,2,NA,1,1
M2200358,F2-2022-M,M,1,36.9,3,2
M2200359,F1-2022-M,M,2,32.4,1,2
W2200360,F1-2022-F,F,2,31.2,1,2
M2200361,F2-2022-M,M,2,33.6,3,2
W2200362,F2-2022-F,F,2,26.7,3,2
M2200363,F1-2022-M,M,2,27.0,2,2
M2200364,F1-2022-M,M,2,30.6,3,2
M2200365,F2-2022-M,M,1,NA,1,1
M2200366,F1-2022-M,M,2,26.5,3,2
W2200367,F1-2022-F,F,2,21.8,2,2
W2200368,F2-2022-F,F,1,22.5,2,2
W2200369,F1-2022-F,F,1,30.9,2,2
M2200370,F2-2022-M,M,1,32.5,2,2
M2200371,F2-2022-M,M,1,35.1,2,2
M2200372,F1-2022-M,M,2,24.6,1,2
W2200373,F1-2022-F,F,2,37.2,1,2
M2200374,F2-2022-M,M,2,32.4,1,2
W2200375,F2-2022-F,F,2,21.4,3,2
M2200376,F1-2022-M,M,2,26.4,1,2
W2200377,F1-2022-F,F,2,29.1,3,2
M2200378,F2-2022-M,M,3,NA,1,1
W2200379,F2-2022-F,F,3,16.7,3,2
M2200380,F2-2022-M,M,3,NA,1,1
M2200381,F1-2022-M,M,1,25.5,2,2
W2200382,F2-2022-F,F,2,23.6,1,2
W2200383,F2-2022-F,F,2,22.9,2,2
M2200384,F1-2022-M,M,1,NA,3,1
W2200385,F2-2022-F,F,2,21.3,2,2
M2200386,F2-2022-M,M,2,28.0,1,2
M2200387,F1-2022-M,M,1,NA,1,1
W2200388,F2-2022-F,F,1,24.1,3,2
M2200389,F1-2022-M,M,1,31.3,1,2
M2200390,F2-2022-M,M,1,34.5,2,2
W2200391,F1-2022-F,F,2,NA,1,1
M2200392,F1-2022-M,M,2,NA,2,1
M2200393,F2-2022-M,M,3,NA,2,1
M2200394,F2-2022-M,M,3,NA,1,1
W2200395,F2-2022-F,F,3,20.8,3,2
W2200396,F1-2022-F,F,1,24.4,1,2
W2200397,F2-2022-F,F,3,20.4,2,2
M2200398,F2-2022-M,M,3,NA,1,1
W2200399,F2-2022-F,F,3,NA,3,1
W2200400,F2-2022-F,F,3,NA,3,1
M2200401,F2-2022-M,M,3,29.6,2,2
W2200402,F2-2022-F,F,3,NA,2,1
M2200403,F1-2022-M,M,2,29.0,2,2
M2200404,F1-2022-M,M,2,25.6,3,2
M2200405,F1-2022-M,M,1,29.8,2,2
W2200406,F1-2022-F,F,1,28.0,1,2
W2200407,F2-2022-F,F,2,15.9,1,2
M2200408,F2-2022-M,M,2,31.0,2,2
W2200409,F1-2022-F,F,2,24.7,1,2
W2200410,F1-2022-F,F,2,26.1,1,2
W2200411,F1-2022-F,F,1,27.3,1,2
M2200412,F2-2022-M,M,2,NA,1,1
W2200413,F2-2022-F,F,2,18.3,1,2
M2200414,F1-2022-M,M,2,29.5,2,2
W2200415,F1-2022-F,F,2,NA,2,1
M2200416,F1-2022-M,M,2,30.1,1,2
M2200417,F1-2022-M,M,2,20.6,2,2
M2200418,F2-2022-M,M,1,NA,2,1
M2200419,F2-2022-M,M,3,NA,1,1
W2200420,F2-2022-F,F,3,NA,2,1
M2200421,F2-2022-M,M,3,NA,2,1
M2200422,F1-2022-M,M,2,NA,2,1
M2200423,F1-2022-M,M,2,21.3,2,2
M2200424,F2-2022-M,M,2,24.1,2,2
W2200425,F2-2022-F,F,2,20.6,2,2
M2200426,F1-2022-M,M,2,NA,2,1
W2200427,F1-2022-F,F,2,30.3,2,2
W2200428,F2-2022-F,F,2,24.3,3,2
M2200429,F2-2022-M,M,2,39.1,3,2
M2200430,F2-2022-M,M,1,37.2,2,2
M2200431,F1-2022-M,M,1,29.3,3,2
W2200432,F2-2022-F,F,2,22.7,3,2
W2200433,F2-2022-F,F,2,24.8,3,2
M2200434,F1-2022-M,M,2,NA,1,1
W2200435,F1-2022-F,F,2,33.8,1,2
W2200436,F2-2022-F,F,1,25.8,3,2
W2200437,F1-2022-F,F,1,NA,2,1
W2200438,F2-2022-F,F,1,27.6,1,2
M2200439,F1-2022-M,M,1,29.9,2,2
W2200440,F1-2022-F,F,1,30.7,3,2
M2200441,F2-2022-M,M,1,27.0,1,2
W2200442,F1-2022-F,F,1,32.1,2,2
M2200443,F1-2022-M,M,2,NA,3,1
M2200444,F1-2022-M,M,2,25.1,1,2
W2200445,F2-2022-F,F,3,20.2,1,2
W2200446,F2-2022-F,F,3,24.5,3,2
W2200447,F2-2022-F,F,3,19.6,3,2
W2200448,F1-2022-F,F,1,32.9,1,2
W2200449,F1-2022-F,F,2,30.4,3,2
W2200450,F1-2022-F,F,2,27.0,2,2
W2200451,F2-2022-F,F,1,NA,3,1
W2200452,F1-2022-F,F,1,31.0,2,2
W2200453,F2-2022-F,F,1,23.2,2,2
M2200454,F1-2022-M,M,2,29.8,1,2
M2200455,F1-2022-M,M,2,22.8,2,2
M2200456,F2-2022-M,M,1,33.6,1,2
W2200457,F1-2022-F,F,1,NA,3,1
W2200458,F2-2022-F,F,2,24.9,2,2
W2200459,F2-2022-F,F,2,21.6,2,2
W2200460,F1-2022-F,F,2,23.5,2,2
W2200461,F1-2022-F,F,2,31.2,2,2
W2200462,F2-2022-F,F,3,22.1,3,2
M2200463,F2-2022-M,M,3,NA,2,1
M2200464,F2-2022-M,M,3,31.2,1,2
M2200465,F1-2022-M,M,1,32.1,1,2
W2200466,F2-2022-F,F,1,24.8,1,2
W2200467,F1-2022-F,F,1,32.9,1,2
M2200468,F1-2022-M,M,1,NA,3,1
W2200469,F2-2022-F,F,1,22.9,3,2
M2200470,F1-2022-M,M,2,23.3,1,2
M2200471,F1-2022-M,M,2,NA,1,1
W2200472,F2-2022-F,F,2,18.0,3,2
M2200473,F2-2022-M,M,2,29.6,1,2
M2200474,F2-2022-M,M,2,27.7,1,2
M2200475,F2-2022-M,M,2,NA,1,1
W2200476,F1-2022-F,F,2,NA,2,1
W2200477,F1-2022-F,F,2,34.7,1,2
W2200478,F2-2022-F,F,1,19.9,1,2
M2200479,F1-2022-M,M,2,31.1,2,2
M2200480,F1-2022-M,M,2,25.6,1,2
M2200481,F2-2022-M,M,3,26.6,1,2
W2200482,F2-2022-F,F,3,NA,1,1
M2200483,F2-2022-M,M,3,NA,1,1
W2200484,F1-2022-F,F,1,28.4,2,2
W2200485,F2-2022-F,F,3,21.3,3,2
M2200486,F2-2022-M,M,3,NA,2,1
W2200487,F2-2022-F,F,3,21.5,1,2
W2200488,F1-2022-F,F,2,NA,1,1
M2200489,F1-2022-M,M,2,21.9,1,2
M2200490,F2-2022-M,M,2,34.3,1,2
M2200491,F2-2022-M,M,2,25.8,3,2
M2200492,F2-2022-M,M,2,34.3,1,2
W2200493,F2-2022-F,F,2,24.4,3,2
M2200494,F1-2022-M,M,1,34.4,2,2
W2200495,F2-2022-F,F,2,NA,3,1
W2200496,F2-2022-F,F,2,20.5,2,2
M2200497,F1-2022-M,M,1,NA,3,1
W2200498,F2-2022-F,F,3,20.0,1,2
M2200499,F2-2022-M,M,3,NA,2,1
W2200500,F2-2022-F,F,3,NA,1,1
W2200501,F1-2022-F,F,3,26.1,1,2
W2200502,F1-2022-F,F,3,24.9,2,2
W2200503,F1-2022-F,F,3,25.6,2,2
W2200504,F2-2022-F,F,2,23.0,3,2
W2200505,F2-2022-F,F,2,22.5,3,2
M2200506,F1-2022-M,M,1,32.5,3,2
W2200507,F2-2022-F,F,1,26.2,1,2
W2200508,F1-2022-F,F,1,29.0,3,2
M2200509,F2-2022-M,M,2,31.5,1,2
M2200510,F2-2022-M,M,2,27.9,2,2
W2200511,F1-2022-F,F,2,29.0,1,2
M2200512,F1-2022-M,M,2,33.5,2,2
M2200513,F2-2022-M,M,1,34.9,1,2
W2200514,F1-2022-F,F,2,29.2,1,2
M2200515,F1-2022-M,M,2,25.0,2,2
M2200516,F2-2022-M,M,1,30.5,1,2
M2200517,F1-2022-M,M,2,31.7,1,2
W2200518,F1-2022-F,F,2,NA,2,1
W2200519,F2-2022-F,F,2,18.6,1,2
W2200520,F2-2022-F,F,2,20.1,1,2
M2200521,F1-2022-M,M,1,30.7,2,2
W2200522,F2-2022-F,F,1,NA,2,1
M2200523,F1-2022-M,M,2,35.9,2,2
W2200524,F1-2022-F,F,2,26.8,1,2
M2200525,F2-2022-M,M,2,NA,2,1
W2200526,F2-2022-F,F,2,26.4,2,2
W2200527,F1-2022-F,F,2,28.8,1,2
M2200528,F1-2022-M,M,2,28.9,1,2
M2200529,F2-2022-M,M,1,37.6,3,2
M2200530,F1-2022-M,M,1,31.3,1,2
W2200531,F2-2022-F,F,2,19.3,2,2
M2200532,F2-2022-M,M,2,36.6,2,2
W2200533,F1-2022-F,F,2,24.3,1,2
W2200534,F1-2022-F,F,2,27.2,1,2
W2200535,F2-2022-F,F,2,21.8,2,2
M2200536,F2-2022-M,M,2,29.4,2,2
M2200537,F2-2022-M,M,2,NA,2,1
W2200538,F2-2022-F,F,2,22.3,3,2
W2200539,F1-2022-F,F,1,33.1,2,2
M2200540,F2-2022-M,M,2,26.8,2,2
W2200541,F2-2022-F,F,2,23.7,3,2
W2200542,F1-2022-F,F,1,31.9,1,2
M2200543,F2-2022-M,M,2,31.2,2,2
W2200544,F2-2022-F,F,2,24.6,3,2
M2200545,F1-2022-M,M,1,NA,1,1
W2200546,F2-2022-F,F,2,26.9,3,2
W2200547,F2-2022-F,F,2,25.9,3,2
W2200548,F1-2022-F,F,1,29.3,3,2
W2200549,F1-2022-F,F,2,30.4,3,2
M2200550,F1-2022-M,M,2,32.7,1,2
W2200551,F2-2022-F,F,1,32.4,2,2
W2200552,F1-2022-F,F,2,NA,2,1
W2200553,F1-2022-F,F,2,29.0,2,2
M2200554,F2-2022-M,M,2,36.4,2,2
W2200555,F2-2022-F,F,2,33.4,3,2
M2200556,F1-2022-M,M,1,25.5,1,2
M2200557,F2-2022-M,M,1,41.6,2,2
W2200558,F1-2022-F,F,1,26.6,2,2
W2200559,F2-2022-F,F,1,20.7,2,2
M2200560,F1-2022-M,M,2,31.7,1,2
W2200561,F1-2022-F,F,2,NA,1,1
M2200562,F2-2022-M,M,3,NA,3,1
W2200563,F2-2022-F,F,3,16.6,2,2
W2200564,F2-2022-F,F,3,23.3,3,2
M2200565,F1-2022-M,M,1,NA,1,1
W2200566,F1-2022-F,F,2,30.9,3,2
W2200567,F1-2022-F,F,2,26.5,2,2
W2200568,F2-2022-F,F,1,17.5,1,2
W2200569,F1-2022-F,F,1,NA,2,1
W2200570,F2-2022-F,F,1,30.8,2,2
M2200571,F2-2022-M,M,1,36.8,2,2
W2200572,F2-2022-F,F,1,21.3,3,2
M2200573,F2-2022-M,M,2,NA,3,1
W2200574,F2-2022-F,F,2,24.8,2,2
M2200575,F1-2022-M,M,2,27.1,2,2
W2200576,F1-2022-F,F,2,27.3,1,2
M2200577,F2-2022-M,M,3,32.3,2,2
M2200578,F2-2022-M,M,3,NA,2,1
W2200579,F2-2022-F,F,3,20.0,2,2
M2200580,F1-2022-M,M,1,NA,3,1
W2200581,F1-2022-F,F,2,34.5,1,2
W2200582,F1-2022-F,F,2,28.0,2,2
M2200583,F1-2022-M,M,1,33.0,2,2
M2200584,F2-2022-M,M,1,32.6,3,2
W2200585,F1-2022-F,F,1,33.4,1,2
W2200586,F1-2022-F,F,2,31.4,2,2
M2200587,F1-2022-M,M,2,NA,1,1
M2200588,F2-2022-M,M,1,NA,1,1
W2200589,F2-2022-F,F,2,19.1,2,2
W2200590,F2-2022-F,F,2,23.8,2,2
M2200591,F2-2022-M,M,2,28.5,3,2
M2200592,F2-2022-M,M,2,NA,3,1
M2200593,F2-2022-M,M,1,40.4,2,2
W2200594,F2-2022-F,F,1,NA,3,1
W2200595,F1-2022-F,F,2,31.2,1,2
M2200596,F1-2022-M,M,2,NA,3,1
M2200597,F1-2022-M,M,1,28.6,1,2
W2200598,F2-2022-F,F,1,22.5,2,2
M2200599,F2-2022-M,M,2,27.5,2,2
W2200600,F2-2022-F,F,2,23.5,2,2
W2200601,F1-2022-F,F,1,31.5,2,2
W2200602,F1-2022-F,F,1,28.4,1,2
W2200603,F1-2022-F,F,1,33.0,1,2
M2200604,F2-2022-M,M,1,32.1,1,2
W2200605,F1-2022-F,F,1,30.1,1,2
W2200606,F2-2022-F,F,1,22.5,3,2
W2200607,F2-2022-F,F,1,25.4,3,2
M2200608,F1-2022-M,M,1,35.4,1,2
W2200609,F1-2022-F,F,1,25.0,1,2
W2200610,F2-2022-F,F,2,18.9,3,2
M2200611,F2-2022-M,M,2,35.9,2,2
M2200612,F2-2022-M,M,2,NA,2,1
M2200613,F2-2022-M,M,2,32.7,2,2
W2200614,F1-2022-F,F,1,33.3,3,2
M2200615,F2-2022-M,M,2,NA,2,1
M2200616,F2-2022-M,M,2,NA,2,1
M2200617,F2-2022-M,M,3,26.6,1,2
M2200618,F2-2022-M,M,3,30.4,1,2
M2200619,F2-2022-M,M,3,NA,1,1
W2200620,F1-2022-F,F,1,26.8,1,2
W2200621,F2-2022-F,F,1,23.5,2,2
M2200622,F1-2022-M,M,2,25.5,2,2
M2200623,F1-2022-M,M,2,26.6,2,2
W2200624,F2-2022-F,F,2,18.9,3,2
W2200625,F2-2022-F,F,2,18.4,3,2
W2200626,F2-2022-F,F,2,23.2,2,2
W2200627,F2-2022-F,F,2,23.4,3,2
M2200628,F1-2022-M,M,2,NA,1,1
W2200629,F1-2022-F,F,2,NA,1,1
W2200630,F2-2022-F,F,1,27.1,2,2
W2200631,F1-2022-F,F,2,29.2,1,2
M2200632,F1-2022-M,M,2,25.4,1,2
W2200633,F2-2022-F,F,2,23.4,3,2
W2200634,F2-2022-F,F,2,22.8,2,2
W2200635,F1-2022-F,F,1,33.8,2,2
W2200636,F1-2022-F,F,2,32.2,1,2
W2200637,F1-2022-F,F,2,26.2,1,2
M2200638,F1-2022-M,M,2,29.0,1,2
M2200639,F1-2022-M,M,2,NA,2,1
W2200640,F2-2022-F,F,1,24.4,3,2
M2200641,F1-2022-M,M,1,30.3,2,2
W2200642,F1-2022-F,F,2,26.7,2,2
M2200643,F1-2022-M,M,2,NA,3,1
M2200644,F2-2022-M,M,2,35.9,1,2
W2200645,F2-2022-F,F,2,27.6,3,2
M2200646,F2-2022-M,M,1,NA,2,1
W2300647,F1-2023-F,F,1,26.0,3,2
W2300648,F2-2023-F,F,2,20.4,1,2
W2300649,F2-2023-F,F,2,NA,3,1
W2300650,F1-2023-F,F,2,30.1,1,2
M2300651,F1-2023-M,M,2,34.6,1,2
M2300652,F2-2023-M,M,3,31.1,2,2
W2300653,F2-2023-F,F,3,24.6,2,2
W2300654,F2-2023-F,F,3,23.4,3,2
M2300655,F2-2023-M,M,1,25.8,1,2
W2300656,F1-2023-F,F,1,26.8,1,2
M2300657,F2-2023-M,M,1,28.1,3,2
M2300658,F2-2023-M,M,3,19.0,1,2
W2300659,F2-2023-F,F,3,24.7,2,2
M2300660,F2-2023-M,M,3,NA,2,1
W2300661,F1-2023-F,F,2,28.3,1,2
W2300662,F1-2023-F,F,2,24.5,1,2
M2300663,F2-2023-M,M,2,29.5,1,2
M2300664,F2-2023-M,M,2,NA,1,1
W2300665,F2-2023-F,F,2,28.0,2,2
M2300666,F2-2023-M,M,2,23.8,1,2
W2300667,F2-2023-F,F,2,26.7,3,2
M2300668,F2-2023-M,M,2,NA,2,1
W2300669,F1-2023-F,F,1,31.3,3,2
M2300670,F2-2023-M,M,2,29.7,3,2
M2300671,F2-2023-M,M,2,29.6,1,2
W2300672,F1-2023-F,F,1,25.5,1,2
W2300673,F2-2023-F,F,1,23.0,1,2
W2300674,F2-2023-F,F,2,28.0,3,2
M2300675,F2-2023-M,M,2,NA,1,1
M2300676,F1-2023-M,M,1,42.8,3,2
M2300677,F2-2023-M,M,1,33.6,3,2
W2300678,F2-2023-F,F,1,30.9,3,2
W2300679,F2-2023-F,F,2,29.8,2,2
W2300680,F2-2023-F,F,2,27.9,3,2
M2300681,F1-2023-M,M,1,34.9,1,2
W2300682,F1-2023-F,F,1,36.6,3,2
M2300683,F2-2023-M,M,1,27.0,1,2
W2300684,F2-2023-F,F,1,30.4,2,2
W2300685,F1-2023-F,F,2,29.9,2,2
M2300686,F1-2023-M,M,2,34.0,1,2
M2300687,F1-2023-M,M,2,30.5,1,2
M2300688,F1-2023-M,M,2,33.6,3,2
W2300689,F2-2023-F,F,3,NA,3,1
M2300690,F2-2023-M,M,3,NA,2,1
M2300691,F2-2023-M,M,3,NA,2,1
W2300692,F1-2023-F,F,2,26.0,2,2
W2300693,F1-2023-F,F,2,26.6,1,2
W2300694,F2-2023-F,F,1,29.6,2,2
M2300695,F1-2023-M,M,2,NA,1,1
W2300696,F1-2023-F,F,2,29.4,3,2
W2300697,F2-2023-F,F,1,34.5,2,2
W2300698,F1-2023-F,F,2,29.2,2,2
W2300699,F1-2023-F,F,2,27.5,1,2
M2300700,F2-2023-M,M,2,NA,1,1
M2300701,F2-2023-M,M,2,NA,2,1
W2300702,F1-2023-F,F,1,35.1,1,2
M2300703,F2-2023-M,M,1,33.0,2,2
M2300704,F1-2023-M,M,2,30.0,1,2
W2300705,F1-2023-F,F,2,26.8,1,2
M2300706,F1-2023-M,M,2,34.1,1,2
M2300707,F1-2023-M,M,2,35.6,1,2
W2300708,F1-2023-F,F,1,26.8,2,2
M2300709,F2-2023-M,M,1,25.4,3,2
W2300710,F2-2023-F,F,2,26.8,2,2
M2300711,F2-2023-M,M,2,NA,1,1
W2300712,F1-2023-F,F,2,28.8,2,2
M2300713,F1-2023-M,M,2,42.3,2,2
M2300714,F2-2023-M,M,2,27.4,1,2
M2300715,F2-2023-M,M,2,25.5,1,2
M2300716,F1-2023-M,M,2,36.2,1,2
M2300717,F1-2023-M,M,2,36.7,1,2
M2300718,F2-2023-M,M,1,30.7,3,2
M2300719,F1-2023-M,M,1,37.4,3,2
W2300720,F2-2023-F,F,1,27.0,1,2
M2300721,F1-2023-M,M,2,NA,2,1
M2300722,F1-2023-M,M,2,38.4,2,2
W2300723,F1-2023-F,F,1,31.5,2,2
M2300724,F2-2023-M,M,1,26.9,1,2
W2300725,F1-2023-F,F,3,26.0,2,2
M2300726,F1-2023-M,M,3,33.3,3,2
M2300727,F1-2023-M,M,3,29.5,1,2
M2300728,F2-2023-M,M,2,NA,1,1
M2300729,F2-2023-M,M,2,26.8,2,2
W2300730,F1-2023-F,F,2,25.6,1,2
M2300731,F1-2023-M,M,2,36.2,2,2
M2300732,F2-2023-M,M,2,NA,1,1
M2300733,F2-2023-M,M,2,24.7,1,2
M2300734,F2-2023-M,M,1,NA,2,1
M2300735,F1-2023-M,M,1,38.4,3,2
W2300736,F1-2023-F,F,1,34.0,1,2
M2300737,F1-2023-M,M,1,26.2,2,2
W2300738,F2-2023-F,F,1,34.5,2,2
W2300739,F1-2023-F,F,2,NA,1,1
M2300740,F1-2023-M,M,2,36.6,2,2
W2300741,F1-2023-F,F,1,29.5,1,2
W2300742,F2-2023-F,F,2,30.1,2,2
M2300743,F2-2023-M,M,2,NA,2,1
M2300744,F1-2023-M,M,3,NA,3,1
M2300745,F1-2023-M,M,3,35.3,1,2
W2300746,F1-2023-F,F,3,27.2,1,2
M2300747,F1-2023-M,M,2,37.5,1,2
W2300748,F1-2023-F,F,2,24.4,1,2
W2300749,F2-2023-F,F,1,29.0,1,2
M2300750,F1-2023-M,M,3,28.2,2,2
W2300751,F1-2023-F,F,3,NA,2,1
M2300752,F1-2023-M,M,3,26.0,3,2
W2300753,F2-2023-F,F,2,30.3,3,2
M2300754,F2-2023-M,M,2,NA,2,1
M2300755,F2-2023-M,M,2,NA,3,1
M2300756,F2-2023-M,M,2,30.9,1,2
M2300757,F2-2023-M,M,2,24.7,1,2
W2300758,F2-2023-F,F,2,25.0,1,2
M2300759,F1-2023-M,M,2,NA,2,1
W2300760,F1-2023-F,F,2,22.6,1,2
M2300761,F2-2023-M,M,2,NA,3,1
W2300762,F2-2023-F,F,2,31.7,2,2
M2300763,F1-2023-M,M,2,NA,3,1
M2300764,F1-2023-M,M,2,NA,2,1
W2300765,F2-2023-F,F,2,NA,3,1
M2300766,F2-2023-M,M,2,35.1,2,2
M2300767,F1-2023-M,M,1,NA,3,1
W2300768,F2-2023-F,F,2,23.4,2,2
M2300769,F2-2023-M,M,2,31.0,2,2
M2300770,F1-2023-M,M,1,37.3,3,2
M2300771,F1-2023-M,M,1,34.0,3,2
M2300772,F2-2023-M,M,1,NA,2,1
M2300773,F1-2023-M,M,1,36.2,2,2
W2300774,F1-2023-F,F,1,29.0,1,2
M2300775,F2-2023-M,M,2,31.3,1,2
W2300776,F2-2023-F,F,2,27.2,1,2
M2300777,F1-2023-M,M,3,NA,1,1
W2300778,F1-2023-F,F,3,NA,3,1
W2300779,F1-2023-F,F,3,NA,2,1
M2300780,F1-2023-M,M,3,33.3,1,2
M2300781,F1-2023-M,M,3,35.4,3,2
W2300782,F1-2023-F,F,3,27.6,2,2
W2300783,F2-2023-F,F,1,NA,1,1
W2300784,F1-2023-F,F,2,36.2,2,2
M2300785,F1-2023-M,M,2,29.9,1,2
W2300786,F2-2023-F,F,2,25.2,3,2
M2300787,F2-2023-M,M,2,31.8,2,2
W2300788,F1-2023-F,F,2,33.7,1,2
W2300789,F1-2023-F,F,2,24.6,1,2
W2300790,F2-2023-F,F,1,NA,3,1
W2300791,F2-2023-F,F,2,31.0,1,2
M2300792,F2-2023-M,M,2,23.4,3,2
W2300793,F1-2023-F,F,2,29.3,1,2
M2300794,F1-2023-M,M,2,29.1,2,2
W2300795,F2-2023-F,F,1,28.4,3,2
M2300796,F1-2023-M,M,3,NA,1,1
M2300797,F1-2023-M,M,3,30.4,3,2
W2300798,F1-2023-F,F,3,29.7,1,2
W2300799,F2-2023-F,F,1,27.6,1,2
M2300800,F1-2023-M,M,1,36.9,2,2
W2300801,F2-2023-F,F,2,25.3,1,2
W2300802,F2-2023-F,F,2,22.0,3,2
M2300803,F1-2023-M,M,2,36.6,1,2
W2300804,F1-2023-F,F,2,29.1,2,2
M2300805,F2-2023-M,M,1,NA,2,1
M2300806,F2-2023-M,M,2,NA,2,1
W2300807,F2-2023-F,F,2,23.4,3,2
M2300808,F1-2023-M,M,2,31.8,2,2
M2300809,F1-2023-M,M,2,37.1,3,2
M2300810,F2-2023-M,M,2,30.1,1,2
W2300811,F2-2023-F,F,2,27.5,1,2
W2300812,F2-2023-F,F,2,21.0,1,2
W2300813,F2-2023-F,F,2,NA,1,1
M2300814,F1-2023-M,M,2,43.6,1,2
M2300815,F1-2023-M,M,2,37.1,2,2
M2300816,F2-2023-M,M,1,31.3,3,2
W2300817,F1-2023-F,F,2,26.9,2,2
M2300818,F1-2023-M,M,2,32.5,2,2
M2300819,F2-2023-M,M,3,NA,1,1
M2300820,F2-2023-M,M,3,NA,1,1
M2300821,F2-2023-M,M,3,NA,1,1
W2300822,F2-2023-F,F,2,29.6,2,2
M2300823,F2-2023-M,M,2,32.9,3,2
M2300824,F1-2023-M,M,1,32.6,2,2
W2300825,F2-2023-F,F,2,28.1,2,2
M2300826,F2-2023-M,M,2,34.0,1,2
M2300827,F1-2023-M,M,3,35.1,1,2
M2300828,F1-2023-M,M,3,31.5,2,2
W2300829,F1-2023-F,F,3,23.8,1,2
W2300830,F2-2023-F,F,2,25.4,2,2
W2300831,F2-2023-F,F,2,23.2,3,2
W2300832,F1-2023-F,F,1,26.0,1,2
M2300833,F1-2023-M,M,2,34.1,1,2
M2300834,F1-2023-M,M,2,34.1,2,2
M2300835,F2-2023-M,M,2,NA,2,1
W2300836,F2-2023-F,F,2,NA,1,1
W2300837,F2-2023-F,F,2,24.5,2,2
M2300838,F2-2023-M,M,2,29.4,1,2
W2300839,F1-2023-F,F,3,24.7,2,2
W2300840,F1-2023-F,F,3,24.2,1,2
W2300841,F1-2023-F,F,3,21.5,3,2
W2300842,F2-2023-F,F,2,28.4,1,2
W2300843,F2-2023-F,F,2,24.8,3,2
M2300844,F1-2023-M,M,1,36.4,2,2
M2300845,F1-2023-M,M,2,38.8,2,2
M2300846,F1-2023-M,M,2,35.4,2,2
M2300847,F2-2023-M,M,1,31.4,2,2
M2300848,F1-2023-M,M,2,30.7,2,2
M2300849,F1-2023-M,M,2,NA,2,1
M2300850,F1-2023-M,M,2,NA,1,1
M2300851,F1-2023-M,M,2,32.5,3,2
M2300852,F2-2023-M,M,2,NA,1,1
M2300853,F2-2023-M,M,2,NA,1,1
M2300854,F1-2023-M,M,2,NA,2,1
M2300855,F1-2023-M,M,2,37.2,3,2
M2300856,F2-2023-M,M,2,NA,2,1
M2300857,F2-2023-M,M,2,36.5,2,2
W2300858,F1-2023-F,F,2,25.9,2,2
M2300859,F1-2023-M,M,2,43.8,1,2
M2300860,F2-2023-M,M,3,23.1,2,2
M2300861,F2-2023-M,M,3,NA,2,1
W2300862,F2-2023-F,F,3,22.6,3,2
M2300863,F1-2023-M,M,1,NA,2,1
M2300864,F2-2023-M,M,1,29.3,1,2
M2300865,F1-2023-M,M,1,41.3,3,2
W2300866,F1-2023-F,F,1,33.1,1,2
W2300867,F2-2023-F,F,1,24.6,1,2
W2300868,F1-2023-F,F,2,28.0,1,2
W2300869,F1-2023-F,F,2,30.1,2,2
W2300870,F1-2023-F,F,3,21.9,1,2
M2300871,F1-2023-M,M,3,31.6,3,2
W2300872,F1-2023-F,F,3,24.7,2,2
M2300873,F2-2023-M,M,1,NA,3,1
W2300874,F1-2023-F,F,1,28.5,2,2
W2300875,F2-2023-F,F,2,27.0,2,2
W2300876,F2-2023-F,F,2,27.6,2,2
W2300877,F1-2023-F,F,1,33.9,1,2
W2300878,F2-2023-F,F,2,26.2,3,2
W2300879,F2-2023-F,F,2,26.8,1,2
M2300880,F1-2023-M,M,1,NA,2,1
M2300881,F2-2023-M,M,1,NA,1,1
W2300882,F1-2023-F,F,1,30.0,2,2
M2300883,F2-2023-M,M,2,33.2,2,2
W2300884,F2-2023-F,F,2,27.9,3,2
M2300885,F1-2023-M,M,1,32.2,2,2
W2300886,F1-2023-F,F,2,27.1,2,2
M2300887,F1-2023-M,M,2,39.8,1,2
M2300888,F2-2023-M,M,1,34.4,2,2
M2300889,F2-2023-M,M,1,31.0,3,2
M2300890,F2-2023-M,M,2,NA,2,1
M2300891,F2-2023-M,M,2,NA,1,1
M2300892,F1-2023-M,M,3,NA,2,1
W2300893,F1-2023-F,F,3,NA,1,1
W2300894,F1-2023-F,F,3,NA,1,1
W2300895,F2-2023-F,F,2,30.0,1,2
W2300896,F2-2023-F,F,2,33.3,2,2
M2300897,F1-2023-M,M,1,37.2,1,2
M2300898,F1-2023-M,M,2,38.8,2,2
W2300899,F1-2023-F,F,2,28.0,2,2
M2300900,F1-2023-M,M,3,34.0,1,2
W2300901,F1-2023-F,F,3,NA,1,1
M2300902,F1-2023-M,M,3,33.4,1,2
W2300903,F2-2023-F,F,1,29.7,2,2
W2300904,F1-2023-F,F,2,27.7,1,2
M2300905,F1-2023-M,M,2,NA,3,1
W2300906,F2-2023-F,F,1,34.7,1,2
M2300907,F2-2023-M,M,1,NA,3,1
M2300908,F2-2023-M,M,1,31.1,1,2
W2300909,F2-2023-F,F,1,27.9,3,2
M2300910,F2-2023-M,M,1,NA,2,1
W2300911,F1-2023-F,F,2,25.1,1,2
M2300912,F1-2023-M,M,2,34.2,3,2
W2300913,F1-2023-F,F,2,32.7,1,2
M2300914,F1-2023-M,M,2,29.1,2,2
M2300915,F2-2023-M,M,2,32.0,1,2
M2300916,F2-2023-M,M,2,NA,1,1
M2300917,F2-2023-M,M,2,27.1,1,2
M2300918,F2-2023-M,M,2,NA,1,1
W2300919,F1-2023-F,F,1,24.4,2,2
M2300920,F1-2023-M,M,1,36.0,3,2
M2300921,F1-2023-M,M,2,34.3,1,2
W2300922,F1-2023-F,F,2,30.8,2,2
W2300923,F2-2023-F,F,1,32.9,3,2
M2300924,F1-2023-M,M,2,33.1,1,2
W2300925,F1-2023-F,F,2,22.6,1,2
W2300926,F2-2023-F,F,1,31.6,3,2
W2300927,F2-2023-F,F,1,29.0,2,2
W2300928,F1-2023-F,F,2,24.1,2,2
M2300929,F1-2023-M,M,2,NA,3,1
W2300930,F1-2023-F,F,1,29.1,1,2
W2300931,F2-2023-F,F,1,NA,1,1
M2300932,F2-2023-M,M,1,33.2,2,2
W2300933,F1-2023-F,F,2,NA,2,1
M2300934,F1-2023-M,M,2,39.4,2,2
M2300935,F2-2023-M,M,2,NA,1,1
W2300936,F2-2023-F,F,2,31.2,1,2
W2300937,F2-2023-F,F,1,NA,2,1
M2300938,F2-2023-M,M,2,NA,1,1
M2300939,F2-2023-M,M,2,NA,1,1
M2300940,F1-2023-M,M,2,25.9,1,2
W2300941,F1-2023-F,F,2,28.6,1,2
M2300942,F2-2023-M,M,1,23.8,1,2
W2300943,F2-2023-F,F,1,19.8,3,2
M2300944,F1-2023-M,M,3,28.9,1,2
M2300945,F1-2023-M,M,3,NA,1,1
M2300946,F1-2023-M,M,3,30.9,2,2
M2300947,F2-2023-M,M,2,27.7,1,2
M2300948,F2-2023-M,M,2,33.0,2,2
W2300949,F1-2023-F,F,2,27.7,2,2
W2300950,F1-2023-F,F,2,31.0,2,2
W2300951,F1-2023-F,F,2,NA,3,1
M2300952,F1-2023-M,M,2,NA,2,1
M2300953,F1-2023-M,M,1,37.9,3,2
M2300954,F2-2023-M,M,1,NA,1,1
M2300955,F1-2023-M,M,1,40.3,3,2
W2300956,F1-2023-F,F,3,NA,1,1
W2300957,F1-2023-F,F,3,24.6,2,2
M2300958,F1-2023-M,M,3,NA,1,1
M2300959,F2-2023-M,M,2,30.3,3,2
M2300960,F2-2023-M,M,2,28.3,2,2
M2300961,F2-2023-M,M,1,NA,1,1
W2300962,F2-2023-F,F,1,26.7,3,2
M2300963,F1-2023-M,M,1,40.2,3,2
M2300964,F2-2023-M,M,2,NA,1,1
W2300965,F2-2023-F,F,2,NA,2,1
M2300966,F2-2023-M,M,1,NA,2,1
W2300967,F1-2023-F,F,1,31.7,3,2
M2300968,F1-2023-M,M,2,NA,3,1
W2300969,F1-2023-F,F,2,29.0,3,2
W2300970,F2-2023-F,F,3,NA,3,1
M2300971,F2-2023-M,M,3,NA,3,1
W2300972,F2-2023-F,F,3,22.3,2,2
W2300973,F1-2023-F,F,2,28.7,1,2
W2300974,F1-2023-F,F,2,29.3,1,2
M2300975,F2-2023-M,M,1,26.2,1,2
W2300976,F2-2023-F,F,1,NA,3,1
M2300977,F2-2023-M,M,2,NA,2,1
W2300978,F2-2023-F,F,2,23.6,2,2
M2300979,F1-2023-M,M,1,37.1,1,2
W2300980,F2-2023-F,F,2,NA,2,1
M2300981,F2-2023-M,M,2,28.4,1,2
W2300982,F1-2023-F,F,2,30.9,1,2
M2300983,F1-2023-M,M,2,35.1,2,2
W2300984,F2-2023-F,F,1,28.4,2,2
W2300985,F1-2023-F,F,1,34.8,2,2
W2300986,F2-2023-F,F,2,23.8,1,2
W2300987,F2-2023-F,F,2,26.9,3,2
M2300988,F2-2023-M,M,3,NA,1,1
M2300989,F2-2023-M,M,3,26.5,2,2
M2300990,F2-2023-M,M,3,NA,2,1
W2300991,F2-2023-F,F,1,28.2,1,2
M2300992,F2-2023-M,M,1,30.6,2,2
W2300993,F2-2023-F,F,1,27.7,3,2
M2300994,F2-2023-M,M,1,32.6,1,2
W2300995,F2-2023-F,F,1,28.1,2,2
M2300996,F1-2023-M,M,2,32.6,1,2
W2300997,F1-2023-F,F,2,27.0,2,2
W2300998,F1-2023-F,F,2,NA,2,1
W2300999,F1-2023-F,F,2,31.1,1,2
W2301000,F1-2023-F,F,1,27.3,1,2
M2301001,F2-2023-M,M,2,NA,2,1
W2301002,F2-2023-F,F,2,23.9,1,2
M2301003,F1-2023-M,M,2,27.4,1,2
M2301004,F1-2023-M,M,2,37.4,2,2
M2301005,F2-2023-M,M,1,29.8,2,2
W2301006,F2-2023-F,F,1,29.5,3,2
M2301007,F1-2023-M,M,2,37.3,2,2
M2301008,F1-2023-M,M,2,35.3,1,2
M2301009,F2-2023-M,M,1,27.2,3,2
M2301010,F1-2023-M,M,1,36.2,3,2
W2301011,F1-2023-F,F,1,33.7,3,2
W2301012,F1-2023-F,F,2,27.1,1,2
M2301013,F1-2023-M,M,2,31.9,2,2
M2301014,F1-2023-M,M,2,26.6,3,2
W2301015,F1-2023-F,F,2,33.1,1,2
M2301016,F2-2023-M,M,1,NA,3,1
M2301017,F2-2023-M,M,2,29.1,1,2
M2301018,F2-2023-M,M,2,NA,2,1
W2301019,F2-2023-F,F,1,28.4,3,2
M2301020,F2-2023-M,M,2,29.6,1,2
M2301021,F2-2023-M,M,2,26.2,2,2
W2301022,F1-2023-F,F,1,35.2,2,2
M2301023,F2-2023-M,M,1,NA,1,1
M2301024,F1-2023-M,M,1,35.0,3,2
W2301025,F2-2023-F,F,2,26.5,1,2
M2301026,F2-2023-M,M,2,26.4,3,2
W2301027,F2-2023-F,F,2,26.6,3,2
W2301028,F2-2023-F,F,2,27.9,3,2
M2301029,F2-2023-M,M,2,29.3,1,2
W2301030,F2-2023-F,F,2,27.6,3,2
W2301031,F2-2023-F,F,1,30.5,2,2
M2301032,F2-2023-M,M,1,29.8,3,2
M2301033,F2-2023-M,M,2,NA,1,1
M2301034,F2-2023-M,M,2,32.1,3,2
M2301035,F1-2023-M,M,2,34.6,3,2
M2301036,F1-2023-M,M,2,NA,3,1
M2301037,F1-2023-M,M,2,30.3,3,2
W2301038,F1-2023-F,F,2,30.9,1,2
M2301039,F2-2023-M,M,1,26.6,3,2
W2301040,F2-2023-F,F,1,26.2,2,2
W2301041,F1-2023-F,F,2,30.9,2,2
M2301042,F1-2023-M,M,2,37.5,3,2
W2301043,F2-2023-F,F,1,24.5,2,2
M2301044,F2-2023-M,M,1,NA,1,1
M2301045,F2-2023-M,M,1,28.2,3,2
W2301046,F1-2023-F,F,1,34.1,1,2
W2301047,F1-2023-F,F,2,29.4,2,2
M2301048,F1-2023-M,M,2,31.7,1,2
M2301049,F1-2023-M,M,2,31.8,3,2
M2301050,F1-2023-M,M,2,40.2,3,2
M2301051,F2-2023-M,M,1,NA,1,1
W2301052,F2-2023-F,F,1,27.0,3,2
W2401053,F1-2024-F,F,1,33.6,3,2
W2401054,F2-2024-F,F,1,30.9,3,2
M2401055,F1-2024-M,M,1,31.9,3,2
M2401056,F2-2024-M,M,2,NA,1,1
M2401057,F2-2024-M,M,2,33.3,1,2
M2401058,F2-2024-M,M,2,30.7,1,2
W2401059,F2-2024-F,F,2,26.1,1,2
M2401060,F2-2024-M,M,1,37.1,2,2
M2401061,F2-2024-M,M,2,NA,3,1
M2401062,F2-2024-M,M,2,NA,1,1
M2401063,F2-2024-M,M,1,33.2,2,2
W2401064,F2-2024-F,F,1,30.7,2,2
M2401065,F1-2024-M,M,1,29.4,2,2
M2401066,F2-2024-M,M,1,32.1,3,2
W2401067,F2-2024-F,F,2,31.7,2,2
W2401068,F2-2024-F,F,2,NA,1,1
M2401069,F1-2024-M,M,1,32.8,3,2
W2401070,F2-2024-F,F,1,34.8,1,2
M2401071,F2-2024-M,M,1,32.3,2,2
W2401072,F2-2024-F,F,3,29.8,1,2
M2401073,F2-2024-M,M,3,32.6,1,2
W2401074,F2-2024-F,F,3,26.3,1,2
W2401075,F2-2024-F,F,1,NA,2,1
W2401076,F2-2024-F,F,1,28.9,3,2
M2401077,F1-2024-M,M,1,NA,3,1
M2401078,F2-2024-M,M,2,30.9,1,2
W2401079,F2-2024-F,F,2,33.6,1,2
W2401080,F1-2024-F,F,2,33.4,3,2
M2401081,F1-2024-M,M,2,NA,3,1
M2401082,F2-2024-M,M,1,34.4,3,2
W2401083,F1-2024-F,F,1,27.4,2,2
M2401084,F2-2024-M,M,1,35.7,2,2
M2401085,F2-2024-M,M,1,28.6,1,2
W2401086,F1-2024-F,F,1,25.8,1,2
W2401087,F1-2024-F,F,1,31.9,1,2
W2401088,F1-2024-F,F,1,37.1,3,2
M2401089,F1-2024-M,M,2,28.6,3,2
W2401090,F1-2024-F,F,2,26.5,2,2
M2401091,F2-2024-M,M,1,39.3,2,2
W2401092,F2-2024-F,F,3,26.8,1,2
M2401093,F2-2024-M,M,3,NA,1,1
M2401094,F2-2024-M,M,3,26.7,1,2
W2401095,F1-2024-F,F,2,29.3,3,2
M2401096,F1-2024-M,M,2,NA,2,1
W2401097,F2-2024-F,F,2,28.5,1,2
M2401098,F2-2024-M,M,2,29.8,2,2
M2401099,F1-2024-M,M,2,27.8,2,2
M2401100,F1-2024-M,M,2,30.7,1,2
W2401101,F1-2024-F,F,2,28.5,3,2
M2401102,F1-2024-M,M,2,29.3,3,2
W2401103,F2-2024-F,F,2,23.5,3,2
M2401104,F2-2024-M,M,2,28.3,2,2
M2401105,F1-2024-M,M,2,NA,3,1
W2401106,F1-2024-F,F,2,31.1,1,2
M2401107,F1-2024-M,M,2,NA,2,1
W2401108,F1-2024-F,F,2,30.8,2,2
W2401109,F2-2024-F,F,2,NA,1,1
W2401110,F2-2024-F,F,2,NA,1,1
M2401111,F1-2024-M,M,2,NA,1,1
M2401112,F1-2024-M,M,2,NA,3,1
M2401113,F2-2024-M,M,2,NA,3,1
W2401114,F2-2024-F,F,2,NA,2,1
W2401115,F1-2024-F,F,2,36.1,1,2
M2401116,F1-2024-M,M,2,25.8,3,2
M2401117,F2-2024-M,M,2,33.2,1,2
W2401118,F2-2024-F,F,2,38.8,1,2
M2401119,F2-2024-M,M,2,35.8,2,2
M2401120,F2-2024-M,M,2,NA,2,1
M2401121,F1-2024-M,M,2,24.3,3,2
W2401122,F1-2024-F,F,2,NA,1,1
W2401123,F2-2024-F,F,3,22.1,2,2
W2401124,F2-2024-F,F,3,23.7,2,2
M2401125,F2-2024-M,M,3,NA,2,1
M2401126,F1-2024-M,M,2,NA,3,1
W2401127,F1-2024-F,F,2,34.1,3,2
W2401128,F1-2024-F,F,1,33.4,2,2
W2401129,F2-2024-F,F,2,NA,3,1
W2401130,F2-2024-F,F,2,27.3,1,2
W2401131,F1-2024-F,F,1,29.5,1,2
M2401132,F1-2024-M,M,1,25.5,3,2
W2401133,F2-2024-F,F,1,28.1,2,2
M2401134,F1-2024-M,M,2,NA,3,1
M2401135,F1-2024-M,M,2,NA,3,1
M2401136,F2-2024-M,M,1,NA,1,1
W2401137,F2-2024-F,F,1,37.3,3,2
W2401138,F2-2024-F,F,2,NA,1,1
W2401139,F2-2024-F,F,2,NA,1,1
W2401140,F1-2024-F,F,2,29.4,2,2
W2401141,F1-2024-F,F,2,35.0,2,2
W2401142,F2-2024-F,F,1,35.4,3,2
W2401143,F2-2024-F,F,1,37.7,3,2
W2401144,F1-2024-F,F,1,NA,2,1
W2401145,F2-2024-F,F,1,32.6,1,2
W2401146,F1-2024-F,F,1,34.7,2,2
W2401147,F1-2024-F,F,2,29.6,2,2
M2401148,F1-2024-M,M,2,NA,3,1
M2401149,F2-2024-M,M,2,29.8,3,2
M2401150,F2-2024-M,M,2,29.5,3,2
W2401151,F1-2024-F,F,1,NA,2,1
M2401152,F2-2024-M,M,2,NA,2,1
W2401153,F2-2024-F,F,2,26.8,2,2
M2401154,F1-2024-M,M,2,NA,2,1
W2401155,F1-2024-F,F,2,31.7,2,2
W2401156,F2-2024-F,F,2,27.6,1,2
M2401157,F2-2024-M,M,2,27.6,1,2
W2401158,F1-2024-F,F,1,31.0,1,2
W2401159,F2-2024-F,F,1,38.5,1,2
W2401160,F1-2024-F,F,2,28.5,3,2
M2401161,F1-2024-M,M,2,32.2,1,2
W2401162,F2-2024-F,F,1,33.5,2,2
M2401163,F2-2024-M,M,2,29.7,2,2
W2401164,F2-2024-F,F,2,32.9,1,2
M2401165,F1-2024-M,M,3,25.9,2,2
W2401166,F1-2024-F,F,3,28.5,1,2
W2401167,F1-2024-F,F,3,26.1,1,2
M2401168,F2-2024-M,M,2,NA,2,1
W2401169,F2-2024-F,F,2,NA,2,1
W2401170,F1-2024-F,F,3,24.7,1,2
M2401171,F1-2024-M,M,3,32.4,1,2
W2401172,F1-2024-F,F,3,30.1,2,2
M2401173,F1-2024-M,M,1,27.2,2,2
W2401174,F2-2024-F,F,1,35.4,2,2
M2401175,F1-2024-M,M,2,29.8,3,2
W2401176,F1-2024-F,F,2,NA,2,1
M2401177,F2-2024-M,M,2,NA,1,1
W2401178,F2-2024-F,F,2,23.7,1,2
W2401179,F1-2024-F,F,2,33.2,1,2
W2401180,F1-2024-F,F,2,NA,2,1
M2401181,F2-2024-M,M,2,NA,1,1
W2401182,F2-2024-F,F,2,30.7,3,2
M2401183,F1-2024-M,M,1,33.1,3,2
W2401184,F2-2024-F,F,1,28.9,1,2
M2401185,F1-2024-M,M,1,32.8,2,2
M2401186,F2-2024-M,M,2,31.0,1,2
M2401187,F2-2024-M,M,2,33.0,2,2
W2401188,F1-2024-F,F,1,38.4,3,2
M2401189,F2-2024-M,M,2,NA,2,1
M2401190,F2-2024-M,M,2,32.7,2,2
W2401191,F1-2024-F,F,2,32.2,1,2
M2401192,F1-2024-M,M,2,27.7,3,2
W2401193,F1-2024-F,F,2,NA,1,1
M2401194,F1-2024-M,M,2,31.8,2,2
M2401195,F2-2024-M,M,1,38.0,3,2
M2401196,F2-2024-M,M,2,26.9,2,2
W2401197,F2-2024-F,F,2,31.0,3,2
M2401198,F1-2024-M,M,1,NA,2,1
M2401199,F1-2024-M,M,2,34.9,3,2
M2401200,F1-2024-M,M,2,NA,3,1
M2401201,F2-2024-M,M,2,33.5,1,2
M2401202,F2-2024-M,M,2,30.6,2,2
M2401203,F1-2024-M,M,2,31.3,3,2
W2401204,F1-2024-F,F,2,29.2,2,2
M2401205,F1-2024-M,M,2,NA,1,1
M2401206,F1-2024-M,M,2,31.1,2,2
W2401207,F2-2024-F,F,2,26.9,1,2
M2401208,F2-2024-M,M,2,33.4,2,2
M2401209,F1-2024-M,M,1,28.8,2,2
W2401210,F2-2024-F,F,2,32.0,1,2
M2401211,F2-2024-M,M,2,NA,1,1
M2401212,F2-2024-M,M,1,31.3,3,2
M2401213,F1-2024-M,M,2,NA,1,1
M2401214,F1-2024-M,M,2,27.8,2,2
W2401215,F2-2024-F,F,1,39.0,1,2
W2401216,F1-2024-F,F,1,NA,2,1
W2401217,F1-2024-F,F,1,35.1,1,2
M2401218,F2-2024-M,M,1,30.2,2,2
W2401219,F1-2024-F,F,1,26.9,2,2
M2401220,F1-2024-M,M,2,NA,3,1
W2401221,F1-2024-F,F,2,28.1,1,2
W2401222,F2-2024-F,F,2,31.5,3,2
M2401223,F2-2024-M,M,2,NA,1,1
M2401224,F1-2024-M,M,1,30.7,3,2
M2401225,F2-2024-M,M,2,32.7,1,2
M2401226,F2-2024-M,M,2,33.6,3,2
M2401227,F1-2024-M,M,2,26.5,2,2
W2401228,F1-2024-F,F,2,NA,1,1
W2401229,F2-2024-F,F,1,34.6,3,2
M2401230,F1-2024-M,M,1,32.5,2,2
W2401231,F1-2024-F,F,1,NA,2,1
W2401232,F2-2024-F,F,2,29.5,3,2
M2401233,F2-2024-M,M,2,32.0,3,2
M2401234,F1-2024-M,M,2,30.4,3,2
M2401235,F1-2024-M,M,2,27.7,3,2
W2401236,F1-2024-F,F,3,NA,1,1
M2401237,F1-2024-M,M,3,27.9,1,2
W2401238,F1-2024-F,F,3,30.8,1,2
W2401239,F2-2024-F,F,1,33.1,1,2
M2401240,F2-2024-M,M,1,34.1,2,2
M2401241,F1-2024-M,M,1,29.3,2,2
M2401242,F2-2024-M,M,2,32.4,3,2
W2401243,F2-2024-F,F,2,27.9,2,2
W2401244,F1-2024-F,F,2,36.4,1,2
W2401245,F1-2024-F,F,2,NA,3,1
W2401246,F1-2024-F,F,2,NA,3,1
W2401247,F1-2024-F,F,2,34.7,3,2
W2401248,F1-2024-F,F,1,36.5,2,2
W2401249,F1-2024-F,F,3,20.9,1,2
M2401250,F1-2024-M,M,3,NA,2,1
M2401251,F1-2024-M,M,3,NA,1,1
W2401252,F2-2024-F,F,1,30.6,1,2
W2401253,F2-2024-F,F,2,31.4,1,2
W2401254,F2-2024-F,F,2,NA,2,1
W2401255,F2-2024-F,F,2,NA,1,1
W2401256,F2-2024-F,F,2,25.2,1,2
W2401257,F2-2024-F,F,1,34.8,2,2
M2401258,F2-2024-M,M,1,30.3,2,2
W2401259,F1-2024-F,F,2,28.9,2,2
M2401260,F1-2024-M,M,2,NA,1,1
W2401261,F1-2024-F,F,1,29.7,3,2
W2401262,F2-2024-F,F,2,34.9,2,2
M2401263,F2-2024-M,M,2,31.7,2,2
W2401264,F1-2024-F,F,1,NA,3,1
W2401265,F1-2024-F,F,2,NA,2,1
W2401266,F1-2024-F,F,2,32.4,2,2
W2401267,F2-2024-F,F,2,NA,2,1
W2401268,F2-2024-F,F,2,31.2,2,2
W2401269,F1-2024-F,F,2,NA,2,1
M2401270,F1-2024-M,M,2,NA,3,1
M2401271,F2-2024-M,M,1,38.4,2,2
M2401272,F2-2024-M,M,2,NA,2,1
W2401273,F2-2024-F,F,2,32.8,1,2
M2401274,F1-2024-M,M,2,NA,2,1
W2401275,F1-2024-F,F,2,31.3,2,2
M2401276,F2-2024-M,M,1,31.9,2,2
M2401277,F1-2024-M,M,3,NA,2,1
W2401278,F1-2024-F,F,3,24.1,1,2
W2401279,F1-2024-F,F,3,NA,3,1
W2401280,F2-2024-F,F,1,30.6,2,2
W2401281,F1-2024-F,F,2,29.5,3,2
W2401282,F1-2024-F,F,2,30.4,2,2
W2401283,F2-2024-F,F,1,37.7,3,2
M2401284,F1-2024-M,M,2,30.5,1,2
W2401285,F1-2024-F,F,2,37.0,2,2
M2401286,F2-2024-M,M,2,NA,1,1
M2401287,F2-2024-M,M,2,33.8,2,2
W2401288,F1-2024-F,F,1,32.1,3,2
W2401289,F1-2024-F,F,1,34.8,3,2
W2401290,F1-2024-F,F,1,33.6,2,2
W2401291,F2-2024-F,F,2,30.8,3,2
M2401292,F2-2024-M,M,2,33.2,3,2
M2401293,F2-2024-M,M,3,30.2,1,2
W2401294,F2-2024-F,F,3,30.5,3,2
M2401295,F2-2024-M,M,3,29.7,2,2
W2401296,F2-2024-F,F,1,NA,3,1
M2401297,F1-2024-M,M,2,34.6,1,2
M2401298,F1-2024-M,M,2,NA,2,1
M2401299,F2-2024-M,M,2,28.7,1,2
W2401300,F2-2024-F,F,2,NA,1,1
W2401301,F2-2024-F,F,2,29.6,1,2
W2401302,F2-2024-F,F,2,34.3,1,2
W2401303,F1-2024-F,F,2,32.6,3,2
M2401304,F1-2024-M,M,2,NA,2,1
M2401305,F1-2024-M,M,2,29.5,2,2
M2401306,F1-2024-M,M,2,23.1,2,2
W2401307,F2-2024-F,F,2,26.0,2,2
M2401308,F2-2024-M,M,2,35.2,2,2
M2401309,F1-2024-M,M,2,34.3,2,2
W2401310,F1-2024-F,F,2,32.9,1,2
M2401311,F2-2024-M,M,1,NA,1,1
M2401312,F2-2024-M,M,1,31.6,1,2
W2401313,F2-2024-F,F,1,26.6,3,2
W2401314,F1-2024-F,F,1,NA,1,1
W2401315,F2-2024-F,F,1,30.0,1,2
W2401316,F1-2024-F,F,1,35.6,2,2
W2401317,F2-2024-F,F,1,36.5,2,2
M2401318,F1-2024-M,M,2,27.5,2,2
W2401319,F1-2024-F,F,2,25.6,2,2
M2401320,F2-2024-M,M,2,NA,2,1
M2401321,F2-2024-M,M,2,NA,1,1
W2401322,F2-2024-F,F,2,24.7,1,2
M2401323,F2-2024-M,M,2,32.8,1,2
M2401324,F2-2024-M,M,1,30.2,2,2
M2401325,F2-2024-M,M,3,NA,2,1
M2401326,F2-2024-M,M,3,28.8,1,2
M2401327,F2-2024-M,M,3,NA,2,1
W2401328,F2-2024-F,F,1,28.5,1,2
M2401329,F2-2024-M,M,1,29.6,3,2
M2401330,F1-2024-M,M,2,29.8,1,2
M2401331,F1-2024-M,M,2,NA,2,1
W2401332,F1-2024-F,F,2,NA,2,1
M2401333,F1-2024-M,M,2,30.4,1,2
W2401334,F1-2024-F,F,2,NA,1,1
W2401335,F1-2024-F,F,2,NA,1,1
M2401336,F2-2024-M,M,1,NA,1,1
W2401337,F1-2024-F,F,2,31.5,2,2
M2401338,F1-2024-M,M,2,NA,2,1
W2401339,F2-2024-F,F,2,NA,1,1
M2401340,F2-2024-M,M,2,25.7,1,2
M2401341,F2-2024-M,M,1,35.4,2,2
W2401342,F1-2024-F,F,1,31.1,2,2
W2401343,F2-2024-F,F,2,27.6,1,2
W2401344,F2-2024-F,F,2,30.7,1,2
W2401345,F1-2024-F,F,1,35.5,1,2
W2401346,F1-2024-F,F,1,NA,3,1
M2401347,F1-2024-M,M,2,34.1,1,2
W2401348,F1-2024-F,F,2,27.8,1,2
M2401349,F1-2024-M,M,1,28.0,3,2
M2401350,F2-2024-M,M,1,NA,2,1
W2401351,F2-2024-F,F,1,32.6,3,2
W2401352,F2-2024-F,F,1,29.6,2,2
M2401353,F2-2024-M,M,2,25.9,3,2
W2401354,F2-2024-F,F,2,38.3,1,2
M2401355,F1-2024-M,M,1,NA,3,1
W2401356,F1-2024-F,F,2,34.7,2,2
W2401357,F1-2024-F,F,2,NA,3,1
W2401358,F2-2024-F,F,1,NA,1,1
M2401359,F2-2024-M,M,2,27.9,3,2
W2401360,F2-2024-F,F,2,27.4,3,2
W2401361,F2-2024-F,F,2,30.9,2,2
W2401362,F2-2024-F,F,2,31.2,1,2
W2401363,F2-2024-F,F,2,32.2,3,2
W2401364,F2-2024-F,F,2,31.8,1,2
W2401365,F1-2024-F,F,2,33.3,3,2
M2401366,F1-2024-M,M,2,29.6,2,2
M2401367,F1-2024-M,M,2,33.4,3,2
W2401368,F1-2024-F,F,2,NA,1,1
M2401369,F2-2024-M,M,1,NA,1,1
W2401370,F1-2024-F,F,2,30.0,2,2
W2401371,F1-2024-F,F,2,27.1,2,2
W2401372,F2-2024-F,F,3,33.1,2,2
W2401373,F2-2024-F,F,3,NA,2,1
M2401374,F2-2024-M,M,3,24.5,3,2
W2401375,F2-2024-F,F,2,29.9,2,2
M2401376,F2-2024-M,M,2,25.1,1,2
M2401377,F1-2024-M,M,2,NA,1,1
W2401378,F1-2024-F,F,2,NA,2,1
W2401379,F1-2024-F,F,2,32.8,2,2
M2401380,F1-2024-M,M,2,26.6,3,2
M2401381,F2-2024-M,M,2,32.1,2,2
W2401382,F2-2024-F,F,2,33.8,1,2
W2401383,F2-2024-F,F,1,NA,2,1
W2401384,F1-2024-F,F,1,NA,1,1
W2401385,F2-2024-F,F,2,30.7,2,2
W2401386,F2-2024-F,F,2,33.4,2,2
M2401387,F2-2024-M,M,2,NA,2,1
M2401388,F2-2024-M,M,2,NA,1,1
M2401389,F2-2024-M,M,1,36.1,1,2
M2401390,F1-2024-M,M,1,33.1,3,2
W2401391,F2-2024-F,F,1,31.1,1,2
W2401392,F1-2024-F,F,2,28.2,3,2
W2401393,F1-2024-F,F,2,24.0,2,2
W2401394,F1-2024-F,F,2,NA,2,1
M2401395,F1-2024-M,M,2,NA,3,1
M2401396,F2-2024-M,M,1,26.3,3,2
W2401397,F1-2024-F,F,1,25.4,3,2
W2401398,F1-2024-F,F,2,34.8,1,2
M2401399,F1-2024-M,M,2,25.9,2,2
M2401400,F2-2024-M,M,2,32.5,1,2
M2401401,F2-2024-M,M,2,26.2,3,2
W2401402,F1-2024-F,F,1,37.4,3,2
W2401403,F2-2024-F,F,3,NA,1,1
W2401404,F2-2024-F,F,3,NA,2,1
M2401405,F2-2024-M,M,3,NA,2,1
M2401406,F1-2024-M,M,1,32.3,3,2
M2401407,F2-2024-M,M,2,NA,3,1
W2401408,F2-2024-F,F,2,NA,2,1
M2401409,F2-2024-M,M,2,30.2,2,2
W2401410,F2-2024-F,F,2,NA,1,1
M2401411,F1-2024-M,M,1,26.6,2,2
M2401412,F2-2024-M,M,2,33.1,3,2
W2401413,F2-2024-F,F,2,25.2,1,2
W2401414,F1-2024-F,F,2,NA,2,1
W2401415,F1-2024-F,F,2,35.4,1,2
M2401416,F2-2024-M,M,1,29.8,2,2
M2401417,F2-2024-M,M,1,34.7,2,2
W2401418,F2-2024-F,F,1,26.3,1,2
W2401419,F2-2024-F,F,1,29.9,2,2
M2401420,F2-2024-M,M,2,32.8,2,2
M2401421,F2-2024-M,M,2,NA,3,1
M2401422,F2-2024-M,M,2,NA,3,1
W2401423,F2-2024-F,F,2,NA,1,1
W2401424,F2-2024-F,F,3,24.7,1,2
W2401425,F2-2024-F,F,3,NA,1,1
M2401426,F2-2024-M,M,3,NA,2,1
M2401427,F2-2024-M,M,2,35.6,3,2
W2401428,F2-2024-F,F,2,25.8,1,2
W2401429,F2-2024-F,F,3,23.1,3,2
M2401430,F2-2024-M,M,3,26.0,1,2
W2401431,F2-2024-F,F,3,NA,1,1
W2401432,F1-2024-F,F,2,29.3,1,2
W2401433,F1-2024-F,F,2,NA,1,1
M2401434,F1-2024-M,M,1,29.3,1,2
W2401435,F1-2024-F,F,2,31.6,2,2
W2401436,F1-2024-F,F,2,NA,2,1
W2401437,F2-2024-F,F,2,28.4,3,2
W2401438,F2-2024-F,F,2,29.7,3,2
M2401439,F1-2024-M,M,3,NA,2,1
W2401440,F1-2024-F,F,3,24.6,1,2
M2401441,F1-2024-M,M,3,27.8,3,2
M2401442,F1-2024-M,M,2,26.9,2,2
M2401443,F1-2024-M,M,2,28.7,3,2
W2401444,F2-2024-F,F,2,21.5,1,2
M2401445,F2-2024-M,M,2,NA,1,1
M2401446,F2-2024-M,M,1,NA,2,1
W2401447,F1-2024-F,F,1,31.1,3,2
W2401448,F2-2024-F,F,2,31.4,3,2
M2401449,F2-2024-M,M,2,21.3,3,2
W2401450,F1-2024-F,F,2,31.4,1,2
M2401451,F1-2024-M,M,2,31.3,2,2
M2401452,F1-2024-M,M,1,NA,2,1
M2401453,F2-2024-M,M,2,NA,1,1
W2401454,F2-2024-F,F,2,NA,3,1
W2401455,F2-2024-F,F,2,33.7,2,2
W2401456,F2-2024-F,F,2,34.0,2,2
M2401457,F1-2024-M,M,1,NA,1,1
W2401458,F2-2024-F,F,1,33.7,1,2
W2401459,F1-2024-F,F,3,NA,1,1
W2401460,F1-2024-F,F,3,25.6,2,2
W2401461,F1-2024-F,F,3,NA,3,1
W2401462,F2-2024-F,F,1,NA,1,1
W2401463,F1-2024-F,F,1,32.2,3,2
W2401464,F2-2024-F,F,2,28.2,2,2
W2401465,F2-2024-F,F,2,NA,1,1
W2401466,F2-2024-F,F,1,NA,2,1
W2401467,F2-2024-F,F,1,27.9,2,2
M2401468,F1-2024-M,M,2,NA,3,1
W2401469,F1-2024-F,F,2,33.7,3,2
W2401470,F2-2024-F,F,2,32.2,2,2
M2401471,F2-2024-M,M,2,32.2,1,2
M2401472,F2-2024-M,M,3,26.0,1,2
W2401473,F2-2024-F,F,3,27.2,2,2
M2401474,F2-2024-M,M,3,NA,1,1
W2401475,F1-2024-F,F,1,31.6,2,2
W2401476,F1-2024-F,F,1,35.6,3,2
W2401477,F2-2024-F,F,1,NA,1,1
W2401478,F1-2024-F,F,1,NA,2,1
M2401479,F1-2024-M,M,1,25.8,2,2
M2401480,F1-2024-M,M,2,33.7,2,2
M2401481,F1-2024-M,M,2,NA,2,1
W2401482,F1-2024-F,F,2,29.3,1,2
W2401483,F1-2024-F,F,2,34.4,2,2
M2401484,F2-2024-M,M,1,38.9,2,2
M2401485,F2-2024-M,M,2,NA,3,1
M2401486,F2-2024-M,M,2,28.5,1,2
M2401487,F2-2024-M,M,1,27.4,3,2
M2401488,F1-2024-M,M,3,25.9,1,2
W2401489,F1-2024-F,F,3,28.9,3,2
W2401490,F1-2024-F,F,3,28.0,2,2
W2401491,F2-2024-F,F,1,34.9,2,2
W2401492,F1-2024-F,F,1,28.4,3,2
W2401493,F2-2024-F,F,1,33.6,2,2
W2501494,F2-2025-F,F,2,30.2,2,2
M2501495,F2-2025-M,M,2,26.2,2,2
W2501496,F2-2025-F,F,2,26.3,2,2
W2501497,F2-2025-F,F,2,26.4,1,2
M2501498,F2-2025-M,M,2,NA,2,1
M2501499,F2-2025-M,M,2,33.1,1,2
M2501500,F2-2025-M,M,1,NA,1,1
W2501501,F2-2025-F,F,1,22.1,2,2
M2501502,F2-2025-M,M,1,30.9,2,2
M2501503,F2-2025-M,M,1,NA,2,1
W2501504,F2-2025-F,F,2,NA,2,1
M2501505,F2-2025-M,M,2,NA,3,1
M2501506,F2-2025-M,M,1,NA,2,1
W2501507,F2-2025-F,F,1,28.7,1,2
W2501508,F2-2025-F,F,1,28.6,2,2
M2501509,F2-2025-M,M,3,22.5,3,2
M2501510,F2-2025-M,M,3,29.8,1,2
M2501511,F2-2025-M,M,3,NA,1,1
M2501512,F2-2025-M,M,1,27.4,3,2
W2501513,F2-2025-F,F,2,20.7,2,2
M2501514,F2-2025-M,M,2,29.7,3,2
W2501515,F2-2025-F,F,2,23.8,1,2
W2501516,F2-2025-F,F,2,26.0,2,2
W2501517,F2-2025-F,F,2,28.0,2,2
W2501518,F2-2025-F,F,2,21.1,2,2
W2501519,F2-2025-F,F,1,24.8,3,2
W2501520,F2-2025-F,F,1,23.0,3,2
M2501521,F2-2025-M,M,2,NA,1,1
M2501522,F2-2025-M,M,2,24.1,3,2
M2501523,F2-2025-M,M,2,NA,2,1
M2501524,F2-2025-M,M,2,25.2,2,2
M2501525,F2-2025-M,M,2,25.7,3,2
M2501526,F2-2025-M,M,2,24.5,3,2
M2501527,F2-2025-M,M,2,31.0,1,2
W2501528,F2-2025-F,F,2,20.2,1,2
M2501529,F2-2025-M,M,1,27.5,3,2
W2501530,F2-2025-F,F,1,28.4,3,2
M2501531,F2-2025-M,M,1,30.6,3,2
M2501532,F2-2025-M,M,1,24.9,2,2
W2501533,F2-2025-F,F,2,25.1,2,2
M2501534,F2-2025-M,M,2,NA,1,1
M2501535,F2-2025-M,M,1,NA,2,1
M2501536,F2-2025-M,M,1,25.7,3,2
W2501537,F2-2025-F,F,2,29.8,1,2
W2501538,F2-2025-F,F,2,18.8,1,2
M2501539,F2-2025-M,M,1,31.7,3,2
M2501540,F2-2025-M,M,2,30.5,2,2
W2501541,F2-2025-F,F,2,22.2,1,2
W2501542,F2-2025-F,F,1,29.5,3,2
M2501543,F2-2025-M,M,1,30.1,2,2
M2501544,F2-2025-M,M,2,27.3,2,2
W2501545,F2-2025-F,F,2,25.3,1,2
W2501546,F2-2025-F,F,1,25.8,2,2
W2501547,F2-2025-F,F,2,28.0,1,2
M2501548,F2-2025-M,M,2,27.0,3,2
M2501549,F2-2025-M,M,1,NA,2,1
M2501550,F2-2025-M,M,1,34.5,1,2
W2501551,F2-2025-F,F,1,23.7,3,2
M2501552,F2-2025-M,M,2,28.6,1,2
M2501553,F2-2025-M,M,2,27.1,2,2
W2501554,F2-2025-F,F,2,20.2,1,2
M2501555,F2-2025-M,M,2,27.5,3,2
M2501556,F2-2025-M,M,3,NA,2,1
M2501557,F2-2025-M,M,3,NA,2,1
M2501558,F2-2025-M,M,3,NA,2,1
W2501559,F2-2025-F,F,1,27.1,2,2
M2501560,F2-2025-M,M,2,26.5,2,2
W2501561,F2-2025-F,F,2,19.2,3,2
W2501562,F2-2025-F,F,2,25.2,3,2
W2501563,F2-2025-F,F,2,21.2,2,2
M2501564,F2-2025-M,M,1,28.7,2,2
M2501565,F2-2025-M,M,1,NA,1,1
W2501566,F2-2025-F,F,2,NA,2,1
M2501567,F2-2025-M,M,2,30.2,2,2
M2501568,F2-2025-M,M,2,26.8,2,2
W2501569,F2-2025-F,F,2,28.3,2,2
W2501570,F2-2025-F,F,2,21.4,1,2
M2501571,F2-2025-M,M,2,NA,3,1
W2501572,F2-2025-F,F,2,25.3,1,2
M2501573,F2-2025-M,M,2,NA,3,1
M2501574,F2-2025-M,M,1,NA,3,1
W2501575,F1-2025-F,F,1,NA,2,1
M2501576,F2-2025-M,M,3,27.4,3,2
M2501577,F2-2025-M,M,3,NA,1,1
W2501578,F2-2025-F,F,3,14.9,1,2
M2501579,F1-2025-M,M,2,25.9,1,2
M2501580,F1-2025-M,M,2,28.6,1,2
W2501581,F1-2025-F,F,2,32.2,2,2
W2501582,F1-2025-F,F,2,29.7,1,2
W2501583,F1-2025-F,F,2,NA,2,1
M2501584,F1-2025-M,M,2,31.6,1,2
M2501585,F1-2025-M,M,1,26.8,2,2
W2501586,F2-2025-F,F,2,20.8,1,2
W2501587,F2-2025-F,F,2,23.1,2,2
M2501588,F2-2025-M,M,2,26.3,3,2
W2501589,F2-2025-F,F,2,15.6,1,2
M2501590,F2-2025-M,M,2,33.3,2,2
W2501591,F2-2025-F,F,2,27.3,3,2
W2501592,F2-2025-F,F,1,26.7,2,2
W2501593,F1-2025-F,F,1,31.9,3,2
M2501594,F1-2025-M,M,1,35.3,2,2
M2501595,F2-2025-M,M,1,29.1,3,2
M2501596,F1-2025-M,M,1,29.7,1,2
M2501597,F1-2025-M,M,1,34.5,3,2
W2501598,F2-2025-F,F,1,25.9,3,2
W2501599,F1-2025-F,F,2,26.5,1,2
M2501600,F1-2025-M,M,2,28.3,3,2
M2501601,F2-2025-M,M,1,32.6,2,2
M2501602,F1-2025-M,M,2,NA,1,1
M2501603,F1-2025-M,M,2,32.0,2,2
W2501604,F2-2025-F,F,2,25.9,1,2
M2501605,F2-2025-M,M,2,30.7,1,2
M2501606,F1-2025-M,M,1,33.8,2,2
M2501607,F2-2025-M,M,1,30.4,3,2
M2501608,F1-2025-M,M,2,NA,1,1
M2501609,F1-2025-M,M,2,31.8,2,2
W2501610,F2-2025-F,F,2,22.9,3,2
W2501611,F2-2025-F,F,2,20.7,3,2
M2501612,F1-2025-M,M,3,24.5,1,2
M2501613,F1-2025-M,M,3,31.0,1,2
W2501614,F1-2025-F,F,3,NA,3,1
W2501615,F2-2025-F,F,1,28.7,3,2
W2501616,F1-2025-F,F,2,32.2,3,2
M2501617,F1-2025-M,M,2,33.8,2,2
M2501618,F2-2025-M,M,2,18.5,3,2
M2501619,F2-2025-M,M,2,28.1,2,2
W2501620,F2-2025-F,F,1,23.2,2,2
M2501621,F2-2025-M,M,3,26.8,2,2
W2501622,F2-2025-F,F,3,NA,3,1
M2501623,F2-2025-M,M,3,NA,1,1
W2501624,F1-2025-F,F,1,25.4,3,2
M2501625,F2-2025-M,M,1,30.3,2,2
W2501626,F2-2025-F,F,2,28.7,2,2
W2501627,F2-2025-F,F,2,24.5,2,2
W2501628,F1-2025-F,F,1,28.9,2,2
W2501629,F2-2025-F,F,1,25.8,1,2
M2501630,F1-2025-M,M,2,32.3,2,2
W2501631,F1-2025-F,F,2,33.7,1,2
M2501632,F1-2025-M,M,3,20.7,1,2
M2501633,F1-2025-M,M,3,NA,2,1
W2501634,F1-2025-F,F,3,25.1,1,2
W2501635,F2-2025-F,F,2,19.2,1,2
M2501636,F2-2025-M,M,2,NA,1,1
W2501637,F1-2025-F,F,1,31.3,3,2
W2501638,F2-2025-F,F,2,NA,2,1
W2501639,F2-2025-F,F,2,27.5,3,2
W2501640,F1-2025-F,F,2,NA,3,1
W2501641,F1-2025-F,F,2,29.6,1,2
M2501642,F2-2025-M,M,1,NA,2,1
W2501643,F2-2025-F,F,1,21.7,3,2
W2501644,F2-2025-F,F,1,24.5,3,2
M2501645,F2-2025-M,M,1,27.7,1,2
M2501646,F2-2025-M,M,1,27.7,3,2
W2501647,F2-2025-F,F,1,26.8,2,2
M2501648,F1-2025-M,M,1,35.2,1,2
W2501649,F1-2025-F,F,2,29.1,2,2
M2501650,F1-2025-M,M,2,30.9,1,2
M2501651,F1-2025-M,M,2,31.1,2,2
M2501652,F1-2025-M,M,2,35.2,1,2
M2501653,F2-2025-M,M,2,24.8,1,2
M2501654,F2-2025-M,M,2,NA,1,1
W2501655,F1-2025-F,F,2,29.2,2,2
M2501656,F1-2025-M,M,2,28.9,1,2
M2501657,F2-2025-M,M,1,26.3,2,2
W2501658,F1-2025-F,F,1,NA,3,1
W2501659,F2-2025-F,F,1,24.7,1,2
M2501660,F1-2025-M,M,2,NA,1,1
W2501661,F1-2025-F,F,2,34.9,2,2
M2501662,F1-2025-M,M,1,NA,2,1
W2501663,F2-2025-F,F,2,NA,3,1
W2501664,F2-2025-F,F,2,23.1,3,2
W2501665,F2-2025-F,F,2,22.7,2,2
W2501666,F2-2025-F,F,2,NA,2,1
W2501667,F2-2025-F,F,1,26.7,3,2
M2501668,F2-2025-M,M,1,27.9,1,2
M2501669,F1-2025-M,M,1,38.2,2,2
W2501670,F1-2025-F,F,3,24.3,1,2
W2501671,F1-2025-F,F,3,NA,1,1
M2501672,F1-2025-M,M,3,NA,2,1
M2501673,F2-2025-M,M,2,NA,1,1
M2501674,F2-2025-M,M,2,25.4,2,2
W2501675,F2-2025-F,F,2,27.8,2,2
M2501676,F2-2025-M,M,2,NA,1,1
M2501677,F2-2025-M,M,1,NA,2,1
M2501678,F2-2025-M,M,2,NA,1,1
W2501679,F2-2025-F,F,2,28.6,2,2
W2501680,F1-2025-F,F,3,28.8,1,2
M2501681,F1-2025-M,M,3,30.2,2,2
M2501682,F1-2025-M,M,3,NA,2,1
W2501683,F1-2025-F,F,2,27.4,3,2
W2501684,F1-2025-F,F,2,27.8,1,2
W2501685,F2-2025-F,F,1,19.6,3,2
M2501686,F1-2025-M,M,3,NA,1,1
M2501687,F1-2025-M,M,3,NA,1,1
M2501688,F1-2025-M,M,3,NA,1,1
M2501689,F2-2025-M,M,1,NA,2,1
M2501690,F2-2025-M,M,2,27.5,2,2
M2501691,F2-2025-M,M,2,NA,2,1
W2501692,F1-2025-F,F,1,26.0,3,2
W2501693,F1-2025-F,F,2,34.2,3,2
M2501694,F1-2025-M,M,2,NA,1,1
W2501695,F2-2025-F,F,2,20.8,2,2
M2501696,F2-2025-M,M,2,NA,1,1
M2501697,F1-2025-M,M,3,NA,1,1
M2501698,F1-2025-M,M,3,NA,1,1
M2501699,F1-2025-M,M,3,26.9,1,2
W2501700,F2-2025-F,F,1,26.8,2,2
W2501701,F2-2025-F,F,2,21.1,3,2
W2501702,F2-2025-F,F,2,NA,1,1
W2501703,F1-2025-F,F,1,32.8,2,2
W2501704,F2-2025-F,F,1,29.9,2,2
M2501705,F1-2025-M,M,1,NA,3,1
M2501706,F2-2025-M,M,1,25.5,3,2
W2501707,F1-2025-F,F,3,26.6,3,2
W2501708,F1-2025-F,F,3,26.3,2,2
M2501709,F1-2025-M,M,3,28.8,1,2
W2501710,F1-2025-F,F,2,30.0,1,2
W2501711,F1-2025-F,F,2,25.8,1,2
M2501712,F2-2025-M,M,2,29.8,1,2
M2501713,F2-2025-M,M,2,NA,2,1
M2501714,F2-2025-M,M,1,32.0,3,2
W2501715,F2-2025-F,F,3,NA,1,1
M2501716,F2-2025-M,M,3,NA,1,1
M2501717,F2-2025-M,M,3,24.0,2,2
M2501718,F1-2025-M,M,2,32.9,2,2
W2501719,F1-2025-F,F,2,28.9,2,2
M2501720,F2-2025-M,M,1,27.6,2,2
W2501721,F1-2025-F,F,3,NA,1,1
W2501722,F1-2025-F,F,3,NA,1,1
W2501723,F1-2025-F,F,3,24.2,1,2
W2501724,F2-2025-F,F,1,22.3,2,2
W2501725,F2-2025-F,F,2,21.7,1,2
W2501726,F2-2025-F,F,2,26.1,2,2
M2501727,F2-2025-M,M,1,31.1,2,2
M2501728,F2-2025-M,M,1,29.4,1,2
M2501729,F2-2025-M,M,2,28.4,1,2
W2501730,F2-2025-F,F,2,26.0,3,2
W2501731,F2-2025-F,F,2,NA,2,1
W2501732,F2-2025-F,F,2,24.3,3,2
M2501733,F2-2025-M,M,3,26.4,3,2
W2501734,F2-2025-F,F,3,16.0,1,2
W2501735,F2-2025-F,F,3,15.3,2,2
W2501736,F2-2025-F,F,3,NA,1,1
M2501737,F2-2025-M,M,3,23.0,1,2
W2501738,F2-2025-F,F,3,24.9,1,2
M2501739,F2-2025-M,M,1,NA,1,1
M2501740,F1-2025-M,M,2,NA,2,1
M2501741,F1-2025-M,M,2,NA,1,1
W2501742,F1-2025-F,F,1,29.3,3,2
M2501743,F1-2025-M,M,2,NA,3,1
M2501744,F1-2025-M,M,2,27.8,1,2
W2501745,F1-2025-F,F,1,24.9,1,2
M2501746,F1-2025-M,M,2,NA,1,1
W2501747,F1-2025-F,F,2,27.1,1,2
W2501748,F2-2025-F,F,2,21.5,1,2
W2501749,F2-2025-F,F,2,23.8,1,2
M2501750,F2-2025-M,M,1,30.1,3,2
W2501751,F1-2025-F,F,1,32.1,1,2
W2501752,F1-2025-F,F,1,34.1,1,2
W2501753,F2-2025-F,F,1,26.3,2,2
W2501754,F2-2025-F,F,1,30.7,2,2
M2501755,F2-2025-M,M,1,20.3,3,2
W2501756,F1-2025-F,F,2,31.2,1,2
M2501757,F1-2025-M,M,2,31.0,2,2
W2501758,F2-2025-F,F,1,23.2,3,2
M2501759,F2-2025-M,M,1,26.7,3,2
W2501760,F2-2025-F,F,1,21.6,1,2
M2501761,F1-2025-M,M,1,NA,1,1
M2501762,F2-2025-M,M,1,36.5,2,2
M2501763,F2-2025-M,M,2,25.9,1,2
M2501764,F2-2025-M,M,2,NA,2,1
W2501765,F1-2025-F,F,1,31.9,2,2
M2501766,F1-2025-M,M,2,31.8,1,2
M2501767,F1-2025-M,M,2,29.1,2,2
M2501768,F1-2025-M,M,2,31.2,1,2
M2501769,F1-2025-M,M,2,NA,2,1
W2501770,F1-2025-F,F,2,34.9,3,2
M2501771,F1-2025-M,M,2,27.5,3,2
M2501772,F1-2025-M,M,2,35.2,2,2
M2501773,F1-2025-M,M,2,24.3,1,2
W2501774,F1-2025-F,F,2,23.2,2,2
W2501775,F1-2025-F,F,2,30.0,2,2
M2501776,F2-2025-M,M,2,24.2,1,2
M2501777,F2-2025-M,M,2,28.9,2,2
M2501778,F2-2025-M,M,1,26.4,2,2
M2501779,F2-2025-M,M,1,30.5,3,2
W2501780,F2-2025-F,F,1,19.4,1,2
W2501781,F1-2025-F,F,1,28.3,1,2
M2501782,F2-2025-M,M,1,33.5,3,2
W2501783,F2-2025-F,F,2,NA,3,1
W2501784,F2-2025-F,F,2,19.6,1,2
M2501785,F2-2025-M,M,2,NA,2,1
W2501786,F2-2025-F,F,2,20.9,1,2
M2501787,F2-2025-M,M,1,24.2,3,2
W2501788,F2-2025-F,F,1,28.2,3,2
M2501789,F2-2025-M,M,1,24.1,3,2
M2501790,F1-2025-M,M,1,34.5,1,2
W2501791,F1-2025-F,F,1,31.8,1,2
W2501792,F1-2025-F,F,2,30.0,1,2
W2501793,F1-2025-F,F,2,NA,1,1
W2501794,F2-2025-F,F,2,28.0,1,2
M2501795,F2-2025-M,M,2,NA,1,1
M2501796,F1-2025-M,M,2,NA,2,1
M2501797,F1-2025-M,M,2,32.5,1,2
W2501798,F2-2025-F,F,1,21.9,2,2
M2501799,F1-2025-M,M,1,36.0,3,2
W2501800,F1-2025-F,F,1,33.3,2,2
W2501801,F2-2025-F,F,1,21.4,2,2
M2501802,F1-2025-M,M,1,32.8,1,2
W2501803,F2-2025-F,F,3,NA,1,1
W2501804,F2-2025-F,F,3,27.0,3,2
W2501805,F2-2025-F,F,3,19.9,1,2
M2501806,F1-2025-M,M,2,NA,3,1
W2501807,F1-2025-F,F,2,31.3,1,2
W2501808,F2-2025-F,F,2,27.1,1,2
W2501809,F2-2025-F,F,2,30.0,3,2
M2501810,F1-2025-M,M,1,28.5,1,2
W2501811,F2-2025-F,F,1,23.7,2,2
M2501812,F1-2025-M,M,2,31.6,1,2
W2501813,F1-2025-F,F,2,37.9,1,2
W2501814,F2-2025-F,F,2,21.0,1,2
M2501815,F2-2025-M,M,2,28.8,2,2
M2501816,F1-2025-M,M,3,NA,2,1
M2501817,F1-2025-M,M,3,30.9,1,2
W2501818,F1-2025-F,F,3,25.6,2,2
W2501819,F1-2025-F,F,2,35.1,2,2
M2501820,F1-2025-M,M,2,32.3,3,2
M2501821,F1-2025-M,M,2,29.0,2,2
M2501822,F1-2025-M,M,2,31.0,1,2
M2501823,F2-2025-M,M,1,24.8,2,2
M2501824,F1-2025-M,M,1,31.7,1,2
M2501825,F1-2025-M,M,2,26.9,3,2
W2501826,F1-2025-F,F,2,27.5,1,2
W2501827,F1-2025-F,F,3,27.1,1,2
M2501828,F1-2025-M,M,3,36.1,2,2
W2501829,F1-2025-F,F,3,NA,1,1
M2501830,F1-2025-M,M,1,30.9,3,2
W2501831,F2-2025-F,F,1,25.0,3,2
M2501832,F1-2025-M,M,1,NA,3,1
M2501833,F2-2025-M,M,1,30.5,3,2
M2501834,F2-2025-M,M,1,NA,2,1
W2501835,F1-2025-F,F,1,22.7,1,2
W2501836,F1-2025-F,F,3,NA,1,1
W2501837,F1-2025-F,F,3,25.2,2,2
W2501838,F1-2025-F,F,3,27.1,1,2
M2501839,F2-2025-M,M,2,27.3,1,2
M2501840,F2-2025-M,M,2,29.5,1,2
M2501841,F2-2025-M,M,2,NA,1,1
W2501842,F2-2025-F,F,2,25.4,3,2
W2501843,F1-2025-F,F,1,32.1,1,2
M2501844,F1-2025-M,M,2,35.1,3,2
W2501845,F1-2025-F,F,2,29.5,2,2
W2501846,F2-2025-F,F,2,22.5,1,2
M2501847,F2-2025-M,M,2,26.0,1,2
M2501848,F2-2025-M,M,1,NA,3,1
W2501849,F2-2025-F,F,2,26.9,3,2
W2501850,F2-2025-F,F,2,27.7,3,2
W2501851,F2-2025-F,F,2,20.8,2,2
W2501852,F2-2025-F,F,2,20.6,3,2
W2501853,F1-2025-F,F,2,NA,1,1
M2501854,F1-2025-M,M,2,NA,1,1
M2501855,F1-2025-M,M,2,30.5,3,2
M2501856,F1-2025-M,M,2,NA,3,1
W2501857,F2-2025-F,F,1,NA,1,1
M2501858,F1-2025-M,M,3,25.9,1,2
W2501859,F1-2025-F,F,3,NA,1,1
M2501860,F1-2025-M,M,3,20.6,1,2
W2501861,F1-2025-F,F,1,34.6,1,2
W2501862,F2-2025-F,F,1,25.5,2,2
M2501863,F2-2025-M,M,1,26.5,2,2
M2501864,F1-2025-M,M,1,37.6,1,2
W2501865,F1-2025-F,F,1,34.1,3,2
M2501866,F1-2025-M,M,2,NA,1,1
W2501867,F1-2025-F,F,2,NA,1,1
W2501868,F1-2025-F,F,2,23.4,3,2
M2501869,F1-2025-M,M,2,23.1,3,2
W2501870,F1-2025-F,F,2,NA,2,1
W2501871,F1-2025-F,F,2,31.4,1,2
M2501872,F2-2025-M,M,2,NA,1,1
W2501873,F2-2025-F,F,2,NA,1,1
M2501874,F1-2025-M,M,1,NA,2,1
M2501875,F1-2025-M,M,2,29.2,1,2
M2501876,F1-2025-M,M,2,31.8,3,2
W2501877,F2-2025-F,F,2,23.1,3,2
M2501878,F2-2025-M,M,2,30.9,1,2
W2501879,F2-2025-F,F,1,18.5,3,2
M2501880,F2-2025-M,M,2,27.3,3,2
W2501881,F2-2025-F,F,2,NA,3,1
W2501882,F2-2025-F,F,1,26.1,3,2
W2501883,F2-2025-F,F,1,20.3,1,2
W2501884,F2-2025-F,F,1,23.5,2,2
W2501885,F2-2025-F,F,3,23.4,3,2
M2501886,F2-2025-M,M,3,NA,2,1
W2501887,F2-2025-F,F,3,21.7,3,2
M2501888,F2-2025-M,M,2,NA,2,1
W2501889,F2-2025-F,F,2,22.6,3,2
W2501890,F2-2025-F,F,1,23.1,3,2
M2501891,F2-2025-M,M,1,28.1,1,2
M2501892,F1-2025-M,M,2,29.7,1,2
W2501893,F1-2025-F,F,2,30.3,2,2
W2501894,F1-2025-F,F,1,32.3,2,2
W2501895,F1-2025-F,F,2,27.8,3,2
W2501896,F1-2025-F,F,2,29.0,2,2
